Cadence Genus(TM) Synthesis Solution.
Copyright 2024 Cadence Design Systems, Inc. All rights reserved worldwide.
Cadence and the Cadence logo are registered trademarks and Genus is a trademark
of Cadence Design Systems, Inc. in the United States and other countries.

[17:56:50.158657] Configured Lic search path (22.01-s003): 5280@localhost

Version: 22.17-s071_1, built Wed Sep 11 20:37:05 PDT 2024
Options: -files my_syn.tcl 
Date:    Thu Jul 09 17:56:50 2026
Host:    kopo-seongnam (x86_64 w/Linux 3.10.0-1160.el7.x86_64) (20cores*80cpus*2physical cpus*Intel(R) Xeon(R) Gold 5218R CPU @ 2.10GHz 28160KB) (394624392KB)
PID:     160602
OS:      CentOS Linux release 7.9.2009 (Core)

Checking out license: Genus_Synthesis
[17:56:50.050936] Periodic Lic check successful
[17:56:50.050944] Feature usage summary:
[17:56:50.050945] Genus_Synthesis



***********************************************************************************************************
***********************************************************************************************************



Finished executable startup (1 second elapsed).

Loading tool scripts...
Finished loading tool scripts (14 seconds elapsed).

#@ Processing -files option
@genus 1> source my_syn.tcl
#@ Begin verbose source ./my_syn.tcl
@file(my_syn.tcl) 1: set_db init_lib_search_path /home/hah001/Basic_SoC_Implementation/3_SYN/1_LIB
  Setting attribute of root '/': 'init_lib_search_path' = /home/hah001/Basic_SoC_Implementation/3_SYN/1_LIB
@file(my_syn.tcl) 2: set_db init_hdl_search_path .
  Setting attribute of root '/': 'init_hdl_search_path' = .
@file(my_syn.tcl) 3: read_libs slow_vdd1v0_basicCells.lib

  Message Summary for Library slow_vdd1v0_basicCells.lib:
  *******************************************************
  Missing a function attribute in the output pin definition. [LBR-518]: 1
  *******************************************************
 
Info    : Created nominal operating condition. [LBR-412]
        : Operating condition '_nominal_' was created for the PVT values (1.000000, 0.900000, 125.000000) in library 'slow_vdd1v0_basicCells.lib'.
        : The nominal operating condition is represented, either by the nominal PVT values specified in the library source (via nom_process,nom_voltage and nom_temperature respectively), or by the default PVT values (1.0,1.0,1.0).
Warning : Library cell has no output pins defined. [LBR-9]
        : Library cell 'ANTENNA' must have an output pin.
        : Add the missing output pin(s), then reload the library. Else the library cell will be marked as timing model i.e. unusable. Timing_model means that the cell does not have any defined function. If there is no output pin, Genus will mark library cell as unusable i.e. the attribute 'usable' will be marked to 'false' on the libcell. Therefore, the cell is not used for mapping and it will not be picked up from the library for synthesis. If you query the attribute 'unusable_reason' on the libcell; result will be: 'Library cell has no output pins.'Note: The message LBR-9 is only for the logical pins and not for the power_ground pins. Genus will depend upon the output function defined in the pin group (output pin) of the cell, to use it for mapping. The pg_pin will not have any function defined.
Warning : Library cell has no output pins defined. [LBR-9]
        : Library cell 'ANTENNA' must have an output pin.
@file(my_syn.tcl) 4: read_hdl watch.v
@file(my_syn.tcl) 6: elaborate
  Library has 324 usable logic and 128 usable sequential lib-cells.
Info    : Elaborating Design. [ELAB-1]
        : Elaborating top-level block 'watch' from file 'watch.v'.
Warning : Using default parameter value for module elaboration. [CDFG-818]
        : Elaborating block 'watch' with default parameters value.
Warning : Empty port expression. [CDFG-436]
        : In module 'watch' in file 'watch.v' on line 12.
Info    : Done Elaborating Design. [ELAB-3]
        : Done elaborating 'watch'.
Checking for analog nets...
Check completed for analog nets.
Checking for source RTL...
Check completed for source RTL.
Running Unified Mux Engine Tricks...
Completed Unified Mux Engine Tricks

Stage: post_elab
-------------------------------------------------------
| Trick             | Accepts | Rejects | Runtime (s) | 
-------------------------------------------------------
| ume_constant_bmux |       0 |       0 |        0.00 | 
| ume_merge         |       0 |       0 |        0.00 | 
| ume_ssm           |       0 |       0 |        0.00 | 
| ume_cse           |       1 |       0 |        0.00 | 
| ume_shrink        |       0 |       0 |        0.00 | 
| ume_sweep         |       0 |       0 |        0.00 | 
| ume_constant_bmux |       0 |       0 |        0.00 | 
| ume_merge         |       0 |       0 |        0.00 | 
| ume_ssm           |       0 |       0 |        0.00 | 
| ume_cse           |       0 |       0 |        0.00 | 
| ume_shrink        |       0 |       0 |        0.00 | 
| ume_sweep         |       0 |       0 |        0.00 | 
-------------------------------------------------------
Starting optimize datapath shifters [v1.0] (stage: post_elab, startdef: watch, recur: true)
Completed optimize datapath shifters (accepts: 0, rejects: 0, runtime: 0.000s)
Starting clip mux common data inputs [v1.0] (stage: post_elab, startdef: watch, recur: true)
Completed clip mux common data inputs (accepts: 0, rejects: 0, runtime: 0.000s)
Starting clip the non-user hierarchies [v2.0] (stage: post_elab, startdef: watch, recur: true)
Completed clip the non-user hierarchies (accepts: 0, rejects: 0, runtime: 0.000s)
Starting basic netlist cleanup [v1.0] (stage: post_elab, startdef: watch, recur: true)
Completed basic netlist cleanup (accepts: 0, rejects: 0, runtime: 0.000s)

Stage: post_elab
--------------------------------------------------------------------
| Transform                      | Accepts | Rejects | Runtime (s) | 
--------------------------------------------------------------------
| hlo_optimize_datapath_shifters |       0 |       0 |        0.00 | 
| hlo_clip_mux_input             |       0 |       0 |        0.00 | 
| hlo_clip                       |       0 |       0 |        0.00 | 
| hlo_cleanup                    |       0 |       0 |        0.00 | 
--------------------------------------------------------------------
UM:   flow.cputime  flow.realtime  timing.setup.tns  timing.setup.wns  snapshot
UM:*                                                                   elaborate
@file(my_syn.tcl) 8: read_sdc /home/hah001/Basic_SoC_Implementation/3_SYN/2_CONSTRAINTS/sample.sdc
Warning : Could not find requested search value. [SDC-208] [get_ports]
        : The 'get_ports' command on line '5' of the SDC file '/home/hah001/Basic_SoC_Implementation/3_SYN/2_CONSTRAINTS/sample.sdc'  cannot find any ports named 'rst'
        : Use get_* commands to find the objects along with a wild card entry in the name of the object to check if the object is existing with different naming style.
Error   : Invalid SDC command option combination. [SDC-204] [set_io_delay]
        : The set_io_delay command does not accept empty ports lists
        : This option is not valid for the indicated SDC command. Check the SDC command and contact Cadence customer support if you believe this option combination should be supported.
Error   : Could not interpret SDC command. [SDC-202] [read_sdc]
        : The 'read_sdc' command encountered an error while processing this command on line '5' of the SDC file '/home/hah001/Basic_SoC_Implementation/3_SYN/2_CONSTRAINTS/sample.sdc': set_input_delay -max 1.0 [get_ports 'rst'] -clock [get_clocks 'clk'].
        : The 'read_sdc' command encountered a problem while trying to evaluate an SDC command. This SDC command will be added to the Tcl variable $::dc::sdc_failed_commands.
Warning : Could not find requested search value. [SDC-208] [get_ports]
        : The 'get_ports' command on line '6' of the SDC file '/home/hah001/Basic_SoC_Implementation/3_SYN/2_CONSTRAINTS/sample.sdc'  cannot find any ports named 'count'
Error   : Could not interpret SDC command. [SDC-202] [read_sdc]
        : The 'read_sdc' command encountered an error while processing this command on line '6' of the SDC file '/home/hah001/Basic_SoC_Implementation/3_SYN/2_CONSTRAINTS/sample.sdc': set_output_delay -max 1.0 [get_ports 'count'] -clock [get_clocks 'clk'].
Statistics for commands executed by read_sdc:
 "create_clock"             - successful      1 , failed      0 (runtime  0.00)
 "get_clocks"               - successful      4 , failed      0 (runtime  0.00)
 "get_ports"                - successful      2 , failed      2 (runtime  0.01)
 "set_clock_transition"     - successful      2 , failed      0 (runtime  0.00)
 "set_clock_uncertainty"    - successful      1 , failed      0 (runtime  0.00)
 "set_input_delay"          - successful      0 , failed      1 (runtime  0.00)
 "set_output_delay"         - successful      0 , failed      1 (runtime  0.00)
Warning : Total failed commands during read_sdc are 4
Warning : One or more commands failed when these constraints were applied. [SDC-209]
        : The 'read_sdc' command encountered a problem while processing commands.
        : You can examine the failed commands or save them to a file by querying the Tcl variable $::dc::sdc_failed_commands.
read_sdc completed in 00:00:01 (hh:mm:ss)
@file(my_syn.tcl) 9: set_db syn_generic_effort medium
  Setting attribute of root '/': 'syn_generic_effort' = medium
@file(my_syn.tcl) 10: set_db syn_map_effort medium
  Setting attribute of root '/': 'syn_map_effort' = medium
@file(my_syn.tcl) 11: set_db syn_opt_effort medium
  Setting attribute of root '/': 'syn_opt_effort' = medium
@file(my_syn.tcl) 13: syn_generic

Stage: pre_early_cg
-----------------------------------------------
| Transform | Accepts | Rejects | Runtime (s) | 
-----------------------------------------------
-----------------------------------------------
Mapping ChipWare ICG instances in watch
Found 0 unmapped ChipWare ICG instances
Mapped 0 of 0 ChipWare ICG instances
##Generic Timing Info for library domain: _default_ typical gate delay: 127.6 ps std_slew: 17.9 ps std_load: 1.0 fF
Starting mux data reorder optimization [v1.0] (stage: pre_to_gen_setup, startdef: watch, recur: true)
Completed mux data reorder optimization (accepts: 0, rejects: 0, runtime: 0.000s)

Stage: pre_to_gen_setup
-----------------------------------------------------
| Transform       | Accepts | Rejects | Runtime (s) | 
-----------------------------------------------------
| hlo_mux_reorder |       0 |       0 |        0.00 | 
-----------------------------------------------------
Running DP early constant propagation (netlist watch)...
Info    : Replacing the synchronous part of an always feeding back flip-flop with a logic constant. [GLO-45]
        : The instance is 'r_sec_tick_reg'. The constant is '1'.
        : To prevent this optimization, set 'optimize_constant_feedback_seqs' root attribute to 'false'. The instance attribute 'optimize_constant_feedback_seq' controls this optimization. 
Info    : Replacing a flip-flop with a logic constant 1. [GLO-13]
        : The instance is 'r_sec_tick_reg'.
        : To prevent this optimization, set the 'optimize_constant_1_flops' root attribute to 'false' or 'optimize_constant_1_seq' instance attribute to 'false'.
...done running DP early constant propagation (0 seconds CPU time, netlist watch).
Info    : Deleting instances not driving any primary outputs. [GLO-34]
        : Deleting 25 sequential instances.
        : Optimizations such as constant propagation or redundancy removal could change the connections so a hierarchical instance does not drive any primary outputs anymore. To see the list of deleted hierarchical instances, set the 'information_level' attribute to 2 or above. If the message is truncated set the message attribute 'truncate' to false to see the complete list. To prevent this optimization, set the 'delete_unloaded_insts' root/subdesign attribute to 'false' or 'preserve' instance attribute to 'true'.
Info    : Deleting instances not driving any primary outputs. [GLO-34]
        : Deleting 2 hierarchical instances.
Info    : Synthesizing. [SYNTH-1]
        : Synthesizing 'watch' to generic gates using 'medium' effort.
Running Synthesis Turbo Flow Version 2.
PBS_Generic-Start - Elapsed_Time 0, CPU_Time 0.0
stamp 'PBS_Generic-Start' being created for table 'pbs_debug'

  Total Time (Wall) |  Stage Time (Wall)  |   % (Wall)   |    Date - Time     |  Memory   | Stage
--------------------+---------------------+--------------+--------------------+-----------+----------------------
 00:00:15(00:00:09) |  00:00:00(00:00:00) |   0.0(  0.0) |   17:57:06 (Jul09) |  423.1 MB | PBS_Generic-Start
--------------------+---------------------+--------------+--------------------+-----------+----------------------
Number of threads: 8 * 1   (id: pbs_debug, time_info v1.57)
Info: (*N*) indicates data that was populated from previously saved time_info database
Info: CPU time includes time of parent + longest thread
Info    : Partition Based Synthesis execution skipped. [PHYS-752]
        : Design size is less than the partition size '100000' for distributed generic optimization to kick in.
Starting mux data reorder optimization [v1.0] (stage: pre_to_gen_setup, startdef: watch, recur: true)
Completed mux data reorder optimization (accepts: 0, rejects: 0, runtime: 0.000s)

Stage: pre_to_gen_setup
-----------------------------------------------------
| Transform       | Accepts | Rejects | Runtime (s) | 
-----------------------------------------------------
| hlo_mux_reorder |       0 |       0 |        0.00 | 
-----------------------------------------------------
Starting mux data reorder optimization [v1.0] (stage: post_to_gen_setup, startdef: watch, recur: true)
Completed mux data reorder optimization (accepts: 0, rejects: 0, runtime: 0.001s)

Stage: post_to_gen_setup
-----------------------------------------------------
| Transform       | Accepts | Rejects | Runtime (s) | 
-----------------------------------------------------
| hlo_mux_reorder |       0 |       0 |        0.00 | 
-----------------------------------------------------
Running Unified Mux Engine Tricks...
Completed Unified Mux Engine Tricks

Stage: pre_hlo_rtlopt
-----------------------------------------------
| Trick     | Accepts | Rejects | Runtime (s) | 
-----------------------------------------------
| ume_ssm   |       0 |       0 |        0.00 | 
| ume_sweep |       0 |       0 |        0.00 | 
| ume_share |       0 |       0 |        0.00 | 
-----------------------------------------------
Begin SDR optimization 
  Setting attribute of root '/': 'hier_sandbox_support_folded' = 1
#Special hiers formed inside watch = 0
  Setting attribute of root '/': 'hier_sandbox_support_folded' = 0
No special hier is found 
End SDR optimization 
Starting recase case-box optimization [v1.0] (stage: pre_rtlopt, startdef: watch, recur: true)
Completed recase case-box optimization (accepts: 0, rejects: 0, runtime: 0.002s)
Starting infer macro optimization [v1.0] (stage: pre_rtlopt, startdef: watch, recur: true)
Completed infer macro optimization (accepts: 0, rejects: 6, runtime: 0.000s)
Starting decode mux sandwich optimization [v2.0] (stage: pre_rtlopt, startdef: watch, recur: true)
Completed decode mux sandwich optimization (accepts: 0, rejects: 0, runtime: 0.001s)
Starting decode mux optimization [v1.0] (stage: pre_rtlopt, startdef: watch, recur: true)
Completed decode mux optimization (accepts: 0, rejects: 0, runtime: 0.000s)
Starting chop wide muxes [v1.0] (stage: pre_rtlopt, startdef: watch, recur: true)
Completed chop wide muxes (accepts: 0, rejects: 0, runtime: 0.000s)
Starting common data mux cascade opt [v1.0] (stage: pre_rtlopt, startdef: watch, recur: true)
Completed common data mux cascade opt (accepts: 0, rejects: 0, runtime: 0.000s)
Starting mux input consolidation [v1.0] (stage: pre_rtlopt, startdef: watch, recur: true)
Completed mux input consolidation (accepts: 0, rejects: 0, runtime: 0.000s)
Starting constant-data mux optimization [v1.0] (stage: pre_rtlopt, startdef: watch, recur: true)
Completed constant-data mux optimization (accepts: 0, rejects: 0, runtime: 0.000s)
Starting chain-to-tree inequality transform [v2.0] (stage: pre_rtlopt, startdef: watch, recur: true)
Completed chain-to-tree inequality transform (accepts: 0, rejects: 0, runtime: 0.001s)
Starting reconvergence optimization [v1.0] (stage: pre_rtlopt, startdef: watch, recur: true)
Completed reconvergence optimization (accepts: 0, rejects: 0, runtime: 0.000s)
Starting logic restructure optimization [v1.0] (stage: pre_rtlopt, startdef: watch, recur: true)
Completed logic restructure optimization (accepts: 0, rejects: 0, runtime: 0.000s)
Starting identity transform [v3.0] (stage: pre_rtlopt, startdef: watch, recur: true)
Completed identity transform (accepts: 0, rejects: 0, runtime: 0.000s)
Starting reduce operator chain [v1.0] (stage: pre_rtlopt, startdef: watch, recur: true)
Completed reduce operator chain (accepts: 0, rejects: 0, runtime: 0.000s)
Starting common data mux cascade opt [v1.0] (stage: pre_rtlopt, startdef: watch, recur: true)
Completed common data mux cascade opt (accepts: 0, rejects: 0, runtime: 0.000s)
Starting mux input consolidation [v1.0] (stage: pre_rtlopt, startdef: watch, recur: true)
Completed mux input consolidation (accepts: 0, rejects: 0, runtime: 0.000s)
Starting optimize datapath elements [v1.0] (stage: pre_rtlopt, startdef: watch, recur: true)
Completed optimize datapath elements (accepts: 0, rejects: 0, runtime: 0.000s)
Starting datapath recasting [v1.0] (stage: pre_rtlopt, startdef: watch, recur: true)
Completed datapath recasting (accepts: 0, rejects: 0, runtime: 0.000s)
Starting word-level redundancy removal [v1.0] (stage: pre_rtlopt, startdef: watch, recur: true)
Completed word-level redundancy removal (accepts: 0, rejects: 0, runtime: 0.003s)
Starting clip mux common data inputs [v1.0] (stage: pre_rtlopt, startdef: watch, recur: true)
Completed clip mux common data inputs (accepts: 0, rejects: 0, runtime: 0.000s)
Starting clip the non-user hierarchies [v2.0] (stage: pre_rtlopt, startdef: watch, recur: true)
Completed clip the non-user hierarchies (accepts: 0, rejects: 0, runtime: 0.000s)
Starting basic netlist cleanup [v1.0] (stage: pre_rtlopt, startdef: watch, recur: true)
Completed basic netlist cleanup (accepts: 0, rejects: 0, runtime: 0.000s)

Stage: pre_rtlopt
-----------------------------------------------------------------
| Transform                   | Accepts | Rejects | Runtime (s) | 
-----------------------------------------------------------------
| hlo_recase_casebox          |       0 |       0 |        0.00 | 
| hlo_infer_macro             |       0 |       6 |        0.00 | 
| hlo_decode_mux_sandwich     |       0 |       0 |        0.00 | 
| hlo_mux_decode              |       0 |       0 |        0.00 | 
| hlo_chop_mux                |       0 |       0 |        0.00 | 
| hlo_mux_cascade_opt         |       0 |       0 |        0.00 | 
| hlo_mux_consolidation       |       0 |       0 |        0.00 | 
| hlo_constant_mux_opt        |       0 |       0 |        0.00 | 
| hlo_inequality_transform    |       0 |       0 |        0.00 | 
| hlo_reconv_opt              |       0 |       0 |        0.00 | 
| hlo_restructure             |       0 |       0 |        0.00 | 
| hlo_identity_transform      |       0 |       0 |        0.00 | 
| hlo_reduce_operator_chain   |       0 |       0 |        0.00 | 
| hlo_mux_cascade_opt         |       0 |       0 |        0.00 | 
| hlo_mux_consolidation       |       0 |       0 |        0.00 | 
| hlo_optimize_datapath       |       0 |       0 |        0.00 | 
| hlo_datapath_recast         |       0 |       0 |        0.00 | 
| hlo_redundancy_removal_word |       0 |       0 |        0.00 | 
| hlo_clip_mux_input          |       0 |       0 |        0.00 | 
| hlo_clip                    |       0 |       0 |        0.00 | 
| hlo_cleanup                 |       0 |       0 |        0.00 | 
-----------------------------------------------------------------
Running Unified Mux Engine Tricks...
Completed Unified Mux Engine Tricks

Stage: post_hlo_rtlopt
-------------------------------------------------
| Trick       | Accepts | Rejects | Runtime (s) | 
-------------------------------------------------
| ume_runtime |       0 |       0 |        0.00 | 
-------------------------------------------------
Number of big hc bmuxes before = 0
Info    : Pre-processed datapath logic. [DPOPT-6]
        : No pre-processing optimizations applied to datapath logic in 'watch'.
Info    : Optimizing datapath logic. [DPOPT-1]
        : Optimizing datapath logic in 'watch'.
Info    : Implementing datapath configurations. [DPOPT-3]
        : Implementing datapath configurations for 'CDN_DP_region_0_2'
CSAGen Prep Share:0 Re-Write:0 Speculation: 0
MaxCSA: Successfully built Maximal CSA Expression Expr0
MaxCSA: Successfully built Maximal CSA Expression Expr1
CDN_DP_region_0_2 level = 0 loads = 0 drivers = 0
CDN_DP_region_0_2_c0 in watch: area: 106772000 ,dp = 2 mux = 2 sg = slow         worst_clk_period: -1.0000 
    wns: 0  norm_wns:  -1.0000 
    fail_endp: -1 
    tns:  0  tns_per_endp:  -1.0000   norm_tns_per_endp:  -1.0000 
    tns_sense_max:  -1.0000  tns_sense_avg:  -1.0000   tns_sense_num: -1
 skipped
CDN_DP_region_0_2_c1 in watch: area: 93425500 ,dp = 2 mux = 2 sg = fast         worst_clk_period: -1.0000 
    wns: 0  norm_wns:  -1.0000 
    fail_endp: -1 
    tns:  0  tns_per_endp:  -1.0000   norm_tns_per_endp:  -1.0000 
    tns_sense_max:  -1.0000  tns_sense_avg:  -1.0000   tns_sense_num: -1
 is current best
CDN_DP_region_0_2_c2 in watch: area: 93425500 ,dp = 2 mux = 2 sg = very_slow    worst_clk_period: -1.0000 
    wns: 0  norm_wns:  -1.0000 
    fail_endp: -1 
    tns:  0  tns_per_endp:  -1.0000   norm_tns_per_endp:  -1.0000 
    tns_sense_max:  -1.0000  tns_sense_avg:  -1.0000   tns_sense_num: -1
 is current best
CDN_DP_region_0_2_c3 in watch: area: 93425500 ,dp = 2 mux = 2 sg = very_fast    worst_clk_period: -1.0000 
    wns: 0  norm_wns:  -1.0000 
    fail_endp: -1 
    tns:  0  tns_per_endp:  -1.0000   norm_tns_per_endp:  -1.0000 
    tns_sense_max:  -1.0000  tns_sense_avg:  -1.0000   tns_sense_num: -1
 is current best
CDN_DP_region_0_2_c4 in watch: area: 93425500 ,dp = 2 mux = 2 sg = very_fast    worst_clk_period: -1.0000 
    wns: 0  norm_wns:  -1.0000 
    fail_endp: -1 
    tns:  0  tns_per_endp:  -1.0000   norm_tns_per_endp:  -1.0000 
    tns_sense_max:  -1.0000  tns_sense_avg:  -1.0000   tns_sense_num: -1
 is current best
CDN_DP_region_0_2_c5 in watch: area: 93425500 ,dp = 2 mux = 2 sg = very_fast    worst_clk_period: -1.0000 
    wns: 0  norm_wns:  -1.0000 
    fail_endp: -1 
    tns:  0  tns_per_endp:  -1.0000   norm_tns_per_endp:  -1.0000 
    tns_sense_max:  -1.0000  tns_sense_avg:  -1.0000   tns_sense_num: -1
 is current best
CDN_DP_region_0_2_c6 in watch: area: 93425500 ,dp = 2 mux = 2 sg = very_fast    worst_clk_period: -1.0000 
    wns: 0  norm_wns:  -1.0000 
    fail_endp: -1 
    tns:  0  tns_per_endp:  -1.0000   norm_tns_per_endp:  -1.0000 
    tns_sense_max:  -1.0000  tns_sense_avg:  -1.0000   tns_sense_num: -1
 is current best
CDN_DP_region_0_2_c7 in watch: area: 93425500 ,dp = 2 mux = 2 sg = very_fast    worst_clk_period: -1.0000 
    wns: 0  norm_wns:  -1.0000 
    fail_endp: -1 
    tns:  0  tns_per_endp:  -1.0000   norm_tns_per_endp:  -1.0000 
    tns_sense_max:  -1.0000  tns_sense_avg:  -1.0000   tns_sense_num: -1
 is current best
Best config: CDN_DP_region_0_2_c7 in watch: area: 93425500 ,dp = 2 mux = 2 sg = very_fast    worst_clk_period: -1.0000 
    wns: 0  norm_wns:  -1.0000 
    fail_endp: -1 
    tns:  0  tns_per_endp:  -1.0000   norm_tns_per_endp:  -1.0000 
    tns_sense_max:  -1.0000  tns_sense_avg:  -1.0000   tns_sense_num: -1
  Smallest config area : 93425500.  Fastest config wns;  0
##>+----------------------------------------------------------------------------------------------------------------------------------------------------------------+
##>Summary table of configs (Best config is CDN_DP_region_0_2_c7)
##>+----------------------------------------------------------------------------------------------------------------------------------------------------------------+
##>                     0                  1                  2                  3                  4                  5                  6                  7            
##>+----------------------------------------------------------------------------------------------------------------------------------------------------------------+
##>           Area        106772000           93425500           93425500           93425500           93425500           93425500           93425500           93425500  
##>            WNS         +8868.50           +8868.50           +8868.50           +8868.50           +8868.50           +8868.50           +8868.50           +8868.50  
##>            TNS                0                  0                  0                  0                  0                  0                  0                  0  
##>    Num Rewrite                0                  0                  0                  0                  0                  0                  0                  0  
##>     Num Factor                0                  0                  0                  0                  0                  0                  0                  0  
##>      Num Share                0                  0                  0                  0                  0                  0                  0                  0  
##>   Num CmultCse                0                  0                  0                  0                  0                  0                  0                  0  
##>   Num Downsize                0                  0                  0                  0                  0                  0                  0                  0  
##>  Num Speculate                0                  0                  0                  0                  0                  0                  0                  0  
##>     Runtime(s)                0                  0                  0                  0                  0                  0                  0                  0  
+----------------------------------------------------------------------------------------------------------------------------------------------------------------+
##>
##>
##>+-----------------------------------------------------------------------------------------------------------------------------------------------------------------------------------------------------+
##>Optimization Step DEBUG Table for config CDN_DP_region_0_2_c7
##>
##>                          Step                        Area   (  % Chg)         WNS (Change)          TNS (Change)                Power   (  % Chg)        Runtime (s)        Comment                   
##>+-----------------------------------------------------------------------------------------------------------------------------------------------------------------------------------------------------+
##>EquationExtraction              START              106772000 (       )     8868.50 (        )          0 (        )                    0 (       )              
##> rewrite                        START              144142200 ( +35.00)     8850.20 (  -18.30)          0 (       0)                    0 (  +0.00)              (a,ar) Expr0_from --> Expr0_to
##>                                  END              180177750 ( +25.00)     8850.20 (   +0.00)          0 (       0)                    0 (  +0.00)           0  
##> rewrite                        START              180177750 (  +0.00)     8850.20 (   +0.00)          0 (       0)                    0 (  +0.00)              (a,ar) Expr1_from --> Expr1_to
##>                                  END              218882600 ( +21.48)     8850.20 (   +0.00)          0 (       0)                    0 (  +0.00)           0  
##>                                  END              106772000 (  +0.00)     8868.50 (   +0.00)          0 (       0)                    0 (  +0.00)           0  
##>createMaxCarrySave              START              106772000 (  +0.00)     8868.50 (   +0.00)          0 (       0)                    0 (  +0.00)              
##> datapath_rewrite_one_def       START              106772000 (  +0.00)     8868.50 (   +0.00)          0 (       0)                    0 (  +0.00)              
##>                                  END              106772000 (  +0.00)     8868.50 (   +0.00)          0 (       0)                    0 (  +0.00)           0  
##> csa_opto                       START              106772000 (  +0.00)     8868.50 (   +0.00)          0 (       0)                    0 (  +0.00)              
##>                                  END              109441300 (  +2.50)     8868.50 (   +0.00)          0 (       0)                    0 (  +0.00)           0  
##>                                  END              109441300 (  +2.50)     8868.50 (   +0.00)          0 (       0)                    0 (  +0.00)           0  
##>canonicalize_by_names           START              109441300 (  +0.00)     8868.50 (   +0.00)          0 (       0)                    0 (  +0.00)              
##>                                  END              109441300 (  +0.00)     8868.50 (   +0.00)          0 (       0)                    0 (  +0.00)           0  
##>datapath_rewrite_post_csa_one_  START              109441300 (  +0.00)     8868.50 (   +0.00)          0 (       0)                    0 (  +0.00)              
##>                                  END              109441300 (  +0.00)     8868.50 (   +0.00)          0 (       0)                    0 (  +0.00)           0  
##>datapath_csa_factoring_one_gde  START              109441300 (  +0.00)     8868.50 (   +0.00)          0 (       0)                    0 (  +0.00)              
##>                                  END              109441300 (  +0.00)     8868.50 (   +0.00)          0 (       0)                    0 (  +0.00)           0  
##>dpopt_share_one_def             START              109441300 (  +0.00)     8868.50 (   +0.00)          0 (       0)                    0 (  +0.00)              
##>                                  END              109441300 (  +0.00)     8868.50 (   +0.00)          0 (       0)                    0 (  +0.00)           0  
##>datapath_rewrite_post_share     START              109441300 (  +0.00)     8868.50 (   +0.00)          0 (       0)                    0 (  +0.00)              
##>                                  END              109441300 (  +0.00)     8868.50 (   +0.00)          0 (       0)                    0 (  +0.00)           0  
##>dp_combine_const_mult_with_com  START              109441300 (  +0.00)     8868.50 (   +0.00)          0 (       0)                    0 (  +0.00)              
##>                                  END              109441300 (  +0.00)     8868.50 (   +0.00)          0 (       0)                    0 (  +0.00)           0  
##>dp_operator_level_decompositio  START              109441300 (  +0.00)     8868.50 (   +0.00)          0 (       0)                    0 (  +0.00)              
##>                                  END              109441300 (  +0.00)     8868.50 (   +0.00)          0 (       0)                    0 (  +0.00)           0  
##>selective_flatten_dp_config     START              109441300 (  +0.00)     8868.50 (   +0.00)          0 (       0)                    0 (  +0.00)              
##>                                  END              109441300 (  +0.00)     8868.50 (   +0.00)          0 (       0)                    0 (  +0.00)           0  
##>createMaxCarrySave              START              109441300 (  +0.00)     8868.50 (   +0.00)          0 (       0)                    0 (  +0.00)              
##> datapath_rewrite_one_def       START              109441300 (  +0.00)     8868.50 (   +0.00)          0 (       0)                    0 (  +0.00)              
##>  fast_cse_elim                 START              109441300 (  +0.00)     8868.50 (   +0.00)          0 (       0)                    0 (  +0.00)              
##>                                  END              109441300 (  +0.00)     8868.50 (   +0.00)          0 (       0)                    0 (  +0.00)           0  
##>  fast_cse_elim                 START              109441300 (  +0.00)     8868.50 (   +0.00)          0 (       0)                    0 (  +0.00)              
##>                                  END              109441300 (  +0.00)     8868.50 (   +0.00)          0 (       0)                    0 (  +0.00)           0  
##>                                  END              109441300 (  +0.00)     8868.50 (   +0.00)          0 (       0)                    0 (  +0.00)           0  
##> csa_opto                       START              109441300 (  +0.00)     8868.50 (   +0.00)          0 (       0)                    0 (  +0.00)              
##>                                  END              109441300 (  +0.00)     8868.50 (   +0.00)          0 (       0)                    0 (  +0.00)           0  
##>                                  END              109441300 (  +0.00)     8868.50 (   +0.00)          0 (       0)                    0 (  +0.00)           0  
##>context_based_simplify          START               98764100 (  -9.76)     8868.50 (   +0.00)          0 (       0)                    0 (  +0.00)              
##>                                  END               93425500 (  -5.41)     8868.50 (   +0.00)          0 (       0)                    0 (  +0.00)           0  
##>group_csa_final_adder_dp        START               93425500 (  +0.00)     8868.50 (   +0.00)          0 (       0)                    0 (  +0.00)              
##>                                  END               93425500 (  +0.00)     8868.50 (   +0.00)          0 (       0)                    0 (  +0.00)           0  
##>dpopt_flatten_critical_muxes_i  START               93425500 (  +0.00)     8868.50 (   +0.00)          0 (       0)                    0 (  +0.00)              
##>                                  END               93425500 (  +0.00)     8868.50 (   +0.00)          0 (       0)                    0 (  +0.00)           0  
##>create_score                    START               93425500 (  +0.00)     8868.50 (   +0.00)          0 (       0)                    0 (  +0.00)              
##>                                  END               93425500 (  +0.00)     8868.50 (   +0.00)          0 (       0)                    0 (  +0.00)           0  
##>+-----------------------------------------------------------------------------------------------------------------------------------------------------------------------------------------------------+
Committed config: CDN_DP_region_0_2_c7
Info    : Done implementing datapath configurations. [DPOPT-4]
        : Selected 'very_fast' configuration 7 for module 'CDN_DP_region_0_2_c7'.
          Optimizations applied to 'very_fast' configuration:
            rewriting(0), factoring(0), sharing(0), cmultcse(0), downsizing(0), speculation(0)
Info    : Implementing datapath configurations. [DPOPT-3]
        : Implementing datapath configurations for 'CDN_DP_region_0_1'
CSAGen Prep Share:0 Re-Write:0 Speculation: 0
MaxCSA: Successfully built Maximal CSA Expression Expr2
MaxCSA: Successfully built Maximal CSA Expression Expr3
CDN_DP_region_0_1 level = 0 loads = 0 drivers = 0
CDN_DP_region_0_1_c0 in watch: area: 116114550 ,dp = 2 mux = 5 sg = slow         worst_clk_period: -1.0000 
    wns: 0  norm_wns:  -1.0000 
    fail_endp: -1 
    tns:  0  tns_per_endp:  -1.0000   norm_tns_per_endp:  -1.0000 
    tns_sense_max:  -1.0000  tns_sense_avg:  -1.0000   tns_sense_num: -1
 skipped
CDN_DP_region_0_1_c1 in watch: area: 102768050 ,dp = 2 mux = 5 sg = fast         worst_clk_period: -1.0000 
    wns: 0  norm_wns:  -1.0000 
    fail_endp: -1 
    tns:  0  tns_per_endp:  -1.0000   norm_tns_per_endp:  -1.0000 
    tns_sense_max:  -1.0000  tns_sense_avg:  -1.0000   tns_sense_num: -1
 is current best
CDN_DP_region_0_1_c2 in watch: area: 102768050 ,dp = 2 mux = 5 sg = very_slow    worst_clk_period: -1.0000 
    wns: 0  norm_wns:  -1.0000 
    fail_endp: -1 
    tns:  0  tns_per_endp:  -1.0000   norm_tns_per_endp:  -1.0000 
    tns_sense_max:  -1.0000  tns_sense_avg:  -1.0000   tns_sense_num: -1
 is current best
CDN_DP_region_0_1_c3 in watch: area: 102768050 ,dp = 2 mux = 5 sg = very_fast    worst_clk_period: -1.0000 
    wns: 0  norm_wns:  -1.0000 
    fail_endp: -1 
    tns:  0  tns_per_endp:  -1.0000   norm_tns_per_endp:  -1.0000 
    tns_sense_max:  -1.0000  tns_sense_avg:  -1.0000   tns_sense_num: -1
 is current best
CDN_DP_region_0_1_c4 in watch: area: 102768050 ,dp = 2 mux = 5 sg = very_fast    worst_clk_period: -1.0000 
    wns: 0  norm_wns:  -1.0000 
    fail_endp: -1 
    tns:  0  tns_per_endp:  -1.0000   norm_tns_per_endp:  -1.0000 
    tns_sense_max:  -1.0000  tns_sense_avg:  -1.0000   tns_sense_num: -1
 is current best
CDN_DP_region_0_1_c5 in watch: area: 102768050 ,dp = 2 mux = 5 sg = very_fast    worst_clk_period: -1.0000 
    wns: 0  norm_wns:  -1.0000 
    fail_endp: -1 
    tns:  0  tns_per_endp:  -1.0000   norm_tns_per_endp:  -1.0000 
    tns_sense_max:  -1.0000  tns_sense_avg:  -1.0000   tns_sense_num: -1
 is current best
CDN_DP_region_0_1_c6 in watch: area: 102768050 ,dp = 2 mux = 5 sg = very_fast    worst_clk_period: -1.0000 
    wns: 0  norm_wns:  -1.0000 
    fail_endp: -1 
    tns:  0  tns_per_endp:  -1.0000   norm_tns_per_endp:  -1.0000 
    tns_sense_max:  -1.0000  tns_sense_avg:  -1.0000   tns_sense_num: -1
 is current best
CDN_DP_region_0_1_c7 in watch: area: 102768050 ,dp = 2 mux = 5 sg = very_fast    worst_clk_period: -1.0000 
    wns: 0  norm_wns:  -1.0000 
    fail_endp: -1 
    tns:  0  tns_per_endp:  -1.0000   norm_tns_per_endp:  -1.0000 
    tns_sense_max:  -1.0000  tns_sense_avg:  -1.0000   tns_sense_num: -1
 is current best
Best config: CDN_DP_region_0_1_c7 in watch: area: 102768050 ,dp = 2 mux = 5 sg = very_fast    worst_clk_period: -1.0000 
    wns: 0  norm_wns:  -1.0000 
    fail_endp: -1 
    tns:  0  tns_per_endp:  -1.0000   norm_tns_per_endp:  -1.0000 
    tns_sense_max:  -1.0000  tns_sense_avg:  -1.0000   tns_sense_num: -1
  Smallest config area : 102768050.  Fastest config wns;  0
##>+----------------------------------------------------------------------------------------------------------------------------------------------------------------+
##>Summary table of configs (Best config is CDN_DP_region_0_1_c7)
##>+----------------------------------------------------------------------------------------------------------------------------------------------------------------+
##>                     0                  1                  2                  3                  4                  5                  6                  7            
##>+----------------------------------------------------------------------------------------------------------------------------------------------------------------+
##>           Area        116114550          102768050          102768050          102768050          102768050          102768050          102768050          102768050  
##>            WNS         +9001.40           +9001.40           +9001.40           +9001.40           +9001.40           +9001.40           +9001.40           +9001.40  
##>            TNS                0                  0                  0                  0                  0                  0                  0                  0  
##>    Num Rewrite                0                  0                  0                  0                  0                  0                  0                  0  
##>     Num Factor                0                  0                  0                  0                  0                  0                  0                  0  
##>      Num Share                0                  0                  0                  0                  0                  0                  0                  0  
##>   Num CmultCse                0                  0                  0                  0                  0                  0                  0                  0  
##>   Num Downsize                0                  0                  0                  0                  0                  0                  0                  0  
##>  Num Speculate                0                  0                  0                  0                  0                  0                  0                  0  
##>     Runtime(s)                0                  0                  0                  0                  0                  0                  0                  0  
+----------------------------------------------------------------------------------------------------------------------------------------------------------------+
##>
##>
##>+-----------------------------------------------------------------------------------------------------------------------------------------------------------------------------------------------------+
##>Optimization Step DEBUG Table for config CDN_DP_region_0_1_c7
##>
##>                          Step                        Area   (  % Chg)         WNS (Change)          TNS (Change)                Power   (  % Chg)        Runtime (s)        Comment                   
##>+-----------------------------------------------------------------------------------------------------------------------------------------------------------------------------------------------------+
##>EquationExtraction              START              116114550 (       )     9001.40 (        )          0 (        )                    0 (       )              
##> rewrite                        START              156154050 ( +34.48)     8963.70 (  -37.70)          0 (       0)                    0 (  +0.00)              (a,ar) Expr2_from --> Expr2_to
##>                                  END              192189600 ( +23.08)     8963.70 (   +0.00)          0 (       0)                    0 (  +0.00)           0  
##> rewrite                        START              192189600 (  +0.00)     8963.70 (   +0.00)          0 (       0)                    0 (  +0.00)              (a,ar) Expr3_from --> Expr3_to
##>                                  END              228225150 ( +18.75)     8963.70 (   +0.00)          0 (       0)                    0 (  +0.00)           0  
##>                                  END              116114550 (  +0.00)     9001.40 (   +0.00)          0 (       0)                    0 (  +0.00)           0  
##>createMaxCarrySave              START              116114550 (  +0.00)     9001.40 (   +0.00)          0 (       0)                    0 (  +0.00)              
##> datapath_rewrite_one_def       START              116114550 (  +0.00)     9001.40 (   +0.00)          0 (       0)                    0 (  +0.00)              
##>                                  END              116114550 (  +0.00)     9001.40 (   +0.00)          0 (       0)                    0 (  +0.00)           0  
##> csa_opto                       START              116114550 (  +0.00)     9001.40 (   +0.00)          0 (       0)                    0 (  +0.00)              
##>                                  END              118783850 (  +2.30)     8970.70 (  -30.70)          0 (       0)                    0 (  +0.00)           0  
##>                                  END              118783850 (  +2.30)     8970.70 (  -30.70)          0 (       0)                    0 (  +0.00)           0  
##>canonicalize_by_names           START              118783850 (  +0.00)     8970.70 (   +0.00)          0 (       0)                    0 (  +0.00)              
##>                                  END              118783850 (  +0.00)     8970.70 (   +0.00)          0 (       0)                    0 (  +0.00)           0  
##>datapath_rewrite_post_csa_one_  START              118783850 (  +0.00)     8970.70 (   +0.00)          0 (       0)                    0 (  +0.00)              
##>                                  END              118783850 (  +0.00)     8970.70 (   +0.00)          0 (       0)                    0 (  +0.00)           0  
##>datapath_csa_factoring_one_gde  START              118783850 (  +0.00)     8970.70 (   +0.00)          0 (       0)                    0 (  +0.00)              
##>                                  END              118783850 (  +0.00)     8970.70 (   +0.00)          0 (       0)                    0 (  +0.00)           0  
##>dpopt_share_one_def             START              118783850 (  +0.00)     8970.70 (   +0.00)          0 (       0)                    0 (  +0.00)              
##>                                  END              118783850 (  +0.00)     8970.70 (   +0.00)          0 (       0)                    0 (  +0.00)           0  
##>datapath_rewrite_post_share     START              118783850 (  +0.00)     8970.70 (   +0.00)          0 (       0)                    0 (  +0.00)              
##>                                  END              118783850 (  +0.00)     8970.70 (   +0.00)          0 (       0)                    0 (  +0.00)           0  
##>dp_combine_const_mult_with_com  START              118783850 (  +0.00)     8970.70 (   +0.00)          0 (       0)                    0 (  +0.00)              
##>                                  END              118783850 (  +0.00)     8970.70 (   +0.00)          0 (       0)                    0 (  +0.00)           0  
##>dp_operator_level_decompositio  START              118783850 (  +0.00)     8970.70 (   +0.00)          0 (       0)                    0 (  +0.00)              
##>                                  END              118783850 (  +0.00)     8970.70 (   +0.00)          0 (       0)                    0 (  +0.00)           0  
##>selective_flatten_dp_config     START              118783850 (  +0.00)     8970.70 (   +0.00)          0 (       0)                    0 (  +0.00)              
##>                                  END              118783850 (  +0.00)     8970.70 (   +0.00)          0 (       0)                    0 (  +0.00)           0  
##>createMaxCarrySave              START              118783850 (  +0.00)     8970.70 (   +0.00)          0 (       0)                    0 (  +0.00)              
##> datapath_rewrite_one_def       START              118783850 (  +0.00)     8970.70 (   +0.00)          0 (       0)                    0 (  +0.00)              
##>  fast_cse_elim                 START              118783850 (  +0.00)     8970.70 (   +0.00)          0 (       0)                    0 (  +0.00)              
##>                                  END              118783850 (  +0.00)     8970.70 (   +0.00)          0 (       0)                    0 (  +0.00)           0  
##>  fast_cse_elim                 START              118783850 (  +0.00)     8970.70 (   +0.00)          0 (       0)                    0 (  +0.00)              
##>                                  END              118783850 (  +0.00)     8970.70 (   +0.00)          0 (       0)                    0 (  +0.00)           0  
##>                                  END              118783850 (  +0.00)     8970.70 (   +0.00)          0 (       0)                    0 (  +0.00)           0  
##> csa_opto                       START              118783850 (  +0.00)     8970.70 (   +0.00)          0 (       0)                    0 (  +0.00)              
##>                                  END              118783850 (  +0.00)     8970.70 (   +0.00)          0 (       0)                    0 (  +0.00)           0  
##>                                  END              118783850 (  +0.00)     8970.70 (   +0.00)          0 (       0)                    0 (  +0.00)           0  
##>context_based_simplify          START              108106650 (  -8.99)     9001.40 (  +30.70)          0 (       0)                    0 (  +0.00)              
##>                                  END              102768050 (  -4.94)     9001.40 (   +0.00)          0 (       0)                    0 (  +0.00)           0  
##>group_csa_final_adder_dp        START              102768050 (  +0.00)     9001.40 (   +0.00)          0 (       0)                    0 (  +0.00)              
##>                                  END              102768050 (  +0.00)     9001.40 (   +0.00)          0 (       0)                    0 (  +0.00)           0  
##>dpopt_flatten_critical_muxes_i  START              102768050 (  +0.00)     9001.40 (   +0.00)          0 (       0)                    0 (  +0.00)              
##>                                  END              102768050 (  +0.00)     9001.40 (   +0.00)          0 (       0)                    0 (  +0.00)           0  
##>create_score                    START              102768050 (  +0.00)     9001.40 (   +0.00)          0 (       0)                    0 (  +0.00)              
##>                                  END              102768050 (  +0.00)     9001.40 (   +0.00)          0 (       0)                    0 (  +0.00)           0  
##>+-----------------------------------------------------------------------------------------------------------------------------------------------------------------------------------------------------+
Committed config: CDN_DP_region_0_1_c7
Info    : Done implementing datapath configurations. [DPOPT-4]
        : Selected 'very_fast' configuration 7 for module 'CDN_DP_region_0_1_c7'.
          Optimizations applied to 'very_fast' configuration:
            rewriting(0), factoring(0), sharing(0), cmultcse(0), downsizing(0), speculation(0)
Info    : Implementing datapath configurations. [DPOPT-3]
        : Implementing datapath configurations for 'CDN_DP_region_0_0'
CSAGen Prep Share:0 Re-Write:0 Speculation: 0
MaxCSA: Successfully built Maximal CSA Expression Expr4
MaxCSA: Successfully built Maximal CSA Expression Expr5
CDN_DP_region_0_0 level = 0 loads = 0 drivers = 0
CDN_DP_region_0_0_c0 in watch: area: 109441300 ,dp = 2 mux = 4 sg = slow         worst_clk_period: -1.0000 
    wns: 0  norm_wns:  -1.0000 
    fail_endp: -1 
    tns:  0  tns_per_endp:  -1.0000   norm_tns_per_endp:  -1.0000 
    tns_sense_max:  -1.0000  tns_sense_avg:  -1.0000   tns_sense_num: -1
 skipped
CDN_DP_region_0_0_c1 in watch: area: 96094800 ,dp = 2 mux = 4 sg = fast         worst_clk_period: -1.0000 
    wns: 0  norm_wns:  -1.0000 
    fail_endp: -1 
    tns:  0  tns_per_endp:  -1.0000   norm_tns_per_endp:  -1.0000 
    tns_sense_max:  -1.0000  tns_sense_avg:  -1.0000   tns_sense_num: -1
 is current best
CDN_DP_region_0_0_c2 in watch: area: 96094800 ,dp = 2 mux = 4 sg = very_slow    worst_clk_period: -1.0000 
    wns: 0  norm_wns:  -1.0000 
    fail_endp: -1 
    tns:  0  tns_per_endp:  -1.0000   norm_tns_per_endp:  -1.0000 
    tns_sense_max:  -1.0000  tns_sense_avg:  -1.0000   tns_sense_num: -1
 is current best
CDN_DP_region_0_0_c3 in watch: area: 96094800 ,dp = 2 mux = 4 sg = very_fast    worst_clk_period: -1.0000 
    wns: 0  norm_wns:  -1.0000 
    fail_endp: -1 
    tns:  0  tns_per_endp:  -1.0000   norm_tns_per_endp:  -1.0000 
    tns_sense_max:  -1.0000  tns_sense_avg:  -1.0000   tns_sense_num: -1
 is current best
CDN_DP_region_0_0_c4 in watch: area: 96094800 ,dp = 2 mux = 4 sg = very_fast    worst_clk_period: -1.0000 
    wns: 0  norm_wns:  -1.0000 
    fail_endp: -1 
    tns:  0  tns_per_endp:  -1.0000   norm_tns_per_endp:  -1.0000 
    tns_sense_max:  -1.0000  tns_sense_avg:  -1.0000   tns_sense_num: -1
 is current best
CDN_DP_region_0_0_c5 in watch: area: 96094800 ,dp = 2 mux = 4 sg = very_fast    worst_clk_period: -1.0000 
    wns: 0  norm_wns:  -1.0000 
    fail_endp: -1 
    tns:  0  tns_per_endp:  -1.0000   norm_tns_per_endp:  -1.0000 
    tns_sense_max:  -1.0000  tns_sense_avg:  -1.0000   tns_sense_num: -1
 is current best
CDN_DP_region_0_0_c6 in watch: area: 96094800 ,dp = 2 mux = 4 sg = very_fast    worst_clk_period: -1.0000 
    wns: 0  norm_wns:  -1.0000 
    fail_endp: -1 
    tns:  0  tns_per_endp:  -1.0000   norm_tns_per_endp:  -1.0000 
    tns_sense_max:  -1.0000  tns_sense_avg:  -1.0000   tns_sense_num: -1
 is current best
CDN_DP_region_0_0_c7 in watch: area: 96094800 ,dp = 2 mux = 4 sg = very_fast    worst_clk_period: -1.0000 
    wns: 0  norm_wns:  -1.0000 
    fail_endp: -1 
    tns:  0  tns_per_endp:  -1.0000   norm_tns_per_endp:  -1.0000 
    tns_sense_max:  -1.0000  tns_sense_avg:  -1.0000   tns_sense_num: -1
 is current best
Best config: CDN_DP_region_0_0_c7 in watch: area: 96094800 ,dp = 2 mux = 4 sg = very_fast    worst_clk_period: -1.0000 
    wns: 0  norm_wns:  -1.0000 
    fail_endp: -1 
    tns:  0  tns_per_endp:  -1.0000   norm_tns_per_endp:  -1.0000 
    tns_sense_max:  -1.0000  tns_sense_avg:  -1.0000   tns_sense_num: -1
  Smallest config area : 96094800.  Fastest config wns;  0
##>+----------------------------------------------------------------------------------------------------------------------------------------------------------------+
##>Summary table of configs (Best config is CDN_DP_region_0_0_c7)
##>+----------------------------------------------------------------------------------------------------------------------------------------------------------------+
##>                     0                  1                  2                  3                  4                  5                  6                  7            
##>+----------------------------------------------------------------------------------------------------------------------------------------------------------------+
##>           Area        109441300           96094800           96094800           96094800           96094800           96094800           96094800           96094800  
##>            WNS         +9012.00           +9068.40           +9068.40           +9068.40           +9068.40           +9068.40           +9068.40           +9068.40  
##>            TNS                0                  0                  0                  0                  0                  0                  0                  0  
##>    Num Rewrite                0                  0                  0                  0                  0                  0                  0                  0  
##>     Num Factor                0                  0                  0                  0                  0                  0                  0                  0  
##>      Num Share                0                  0                  0                  0                  0                  0                  0                  0  
##>   Num CmultCse                0                  0                  0                  0                  0                  0                  0                  0  
##>   Num Downsize                0                  0                  0                  0                  0                  0                  0                  0  
##>  Num Speculate                0                  0                  0                  0                  0                  0                  0                  0  
##>     Runtime(s)                0                  0                  0                  0                  0                  0                  0                  0  
+----------------------------------------------------------------------------------------------------------------------------------------------------------------+
##>
##>
##>+-----------------------------------------------------------------------------------------------------------------------------------------------------------------------------------------------------+
##>Optimization Step DEBUG Table for config CDN_DP_region_0_0_c7
##>
##>                          Step                        Area   (  % Chg)         WNS (Change)          TNS (Change)                Power   (  % Chg)        Runtime (s)        Comment                   
##>+-----------------------------------------------------------------------------------------------------------------------------------------------------------------------------------------------------+
##>EquationExtraction              START              109441300 (       )     9012.00 (        )          0 (        )                    0 (       )              
##> rewrite                        START              149480800 ( +36.59)     8987.20 (  -24.80)          0 (       0)                    0 (  +0.00)              (a,ar) Expr4_from --> Expr4_to
##>                                  END              185516350 ( +24.11)     8987.20 (   +0.00)          0 (       0)                    0 (  +0.00)           0  
##> rewrite                        START              185516350 (  +0.00)     8987.20 (   +0.00)          0 (       0)                    0 (  +0.00)              (a,ar) Expr5_from --> Expr5_to
##>                                  END              221551900 ( +19.42)     8987.20 (   +0.00)          0 (       0)                    0 (  +0.00)           0  
##>                                  END              109441300 (  +0.00)     9012.00 (   +0.00)          0 (       0)                    0 (  +0.00)           0  
##>createMaxCarrySave              START              109441300 (  +0.00)     9012.00 (   +0.00)          0 (       0)                    0 (  +0.00)              
##> datapath_rewrite_one_def       START              109441300 (  +0.00)     9012.00 (   +0.00)          0 (       0)                    0 (  +0.00)              
##>                                  END              109441300 (  +0.00)     9012.00 (   +0.00)          0 (       0)                    0 (  +0.00)           0  
##> csa_opto                       START              109441300 (  +0.00)     9012.00 (   +0.00)          0 (       0)                    0 (  +0.00)              
##>                                  END              112110600 (  +2.44)     8970.70 (  -41.30)          0 (       0)                    0 (  +0.00)           0  
##>                                  END              112110600 (  +2.44)     8970.70 (  -41.30)          0 (       0)                    0 (  +0.00)           0  
##>canonicalize_by_names           START              112110600 (  +0.00)     8970.70 (   +0.00)          0 (       0)                    0 (  +0.00)              
##>                                  END              112110600 (  +0.00)     8970.70 (   +0.00)          0 (       0)                    0 (  +0.00)           0  
##>datapath_rewrite_post_csa_one_  START              112110600 (  +0.00)     8970.70 (   +0.00)          0 (       0)                    0 (  +0.00)              
##>                                  END              112110600 (  +0.00)     8970.70 (   +0.00)          0 (       0)                    0 (  +0.00)           0  
##>datapath_csa_factoring_one_gde  START              112110600 (  +0.00)     8970.70 (   +0.00)          0 (       0)                    0 (  +0.00)              
##>                                  END              112110600 (  +0.00)     8970.70 (   +0.00)          0 (       0)                    0 (  +0.00)           0  
##>dpopt_share_one_def             START              112110600 (  +0.00)     8970.70 (   +0.00)          0 (       0)                    0 (  +0.00)              
##>                                  END              112110600 (  +0.00)     8970.70 (   +0.00)          0 (       0)                    0 (  +0.00)           0  
##>datapath_rewrite_post_share     START              112110600 (  +0.00)     8970.70 (   +0.00)          0 (       0)                    0 (  +0.00)              
##>                                  END              112110600 (  +0.00)     8970.70 (   +0.00)          0 (       0)                    0 (  +0.00)           0  
##>dp_combine_const_mult_with_com  START              112110600 (  +0.00)     8970.70 (   +0.00)          0 (       0)                    0 (  +0.00)              
##>                                  END              112110600 (  +0.00)     8970.70 (   +0.00)          0 (       0)                    0 (  +0.00)           0  
##>dp_operator_level_decompositio  START              112110600 (  +0.00)     8970.70 (   +0.00)          0 (       0)                    0 (  +0.00)              
##>                                  END              112110600 (  +0.00)     8970.70 (   +0.00)          0 (       0)                    0 (  +0.00)           0  
##>selective_flatten_dp_config     START              112110600 (  +0.00)     8970.70 (   +0.00)          0 (       0)                    0 (  +0.00)              
##>                                  END              112110600 (  +0.00)     8970.70 (   +0.00)          0 (       0)                    0 (  +0.00)           0  
##>createMaxCarrySave              START              112110600 (  +0.00)     8970.70 (   +0.00)          0 (       0)                    0 (  +0.00)              
##> datapath_rewrite_one_def       START              112110600 (  +0.00)     8970.70 (   +0.00)          0 (       0)                    0 (  +0.00)              
##>  fast_cse_elim                 START              112110600 (  +0.00)     8970.70 (   +0.00)          0 (       0)                    0 (  +0.00)              
##>                                  END              112110600 (  +0.00)     8970.70 (   +0.00)          0 (       0)                    0 (  +0.00)           0  
##>  fast_cse_elim                 START              112110600 (  +0.00)     8970.70 (   +0.00)          0 (       0)                    0 (  +0.00)              
##>                                  END              112110600 (  +0.00)     8970.70 (   +0.00)          0 (       0)                    0 (  +0.00)           0  
##>                                  END              112110600 (  +0.00)     8970.70 (   +0.00)          0 (       0)                    0 (  +0.00)           0  
##> csa_opto                       START              112110600 (  +0.00)     8970.70 (   +0.00)          0 (       0)                    0 (  +0.00)              
##>                                  END              112110600 (  +0.00)     8970.70 (   +0.00)          0 (       0)                    0 (  +0.00)           0  
##>                                  END              112110600 (  +0.00)     8970.70 (   +0.00)          0 (       0)                    0 (  +0.00)           0  
##>context_based_simplify          START              101433400 (  -9.52)     9012.00 (  +41.30)          0 (       0)                    0 (  +0.00)              
##>                                  END               96094800 (  -5.26)     9068.40 (  +56.40)          0 (       0)                    0 (  +0.00)           0  
##>group_csa_final_adder_dp        START               96094800 (  +0.00)     9068.40 (   +0.00)          0 (       0)                    0 (  +0.00)              
##>                                  END               96094800 (  +0.00)     9068.40 (   +0.00)          0 (       0)                    0 (  +0.00)           0  
##>dpopt_flatten_critical_muxes_i  START               96094800 (  +0.00)     9068.40 (   +0.00)          0 (       0)                    0 (  +0.00)              
##>                                  END               96094800 (  +0.00)     9068.40 (   +0.00)          0 (       0)                    0 (  +0.00)           0  
##>create_score                    START               96094800 (  +0.00)     9068.40 (   +0.00)          0 (       0)                    0 (  +0.00)              
##>                                  END               96094800 (  +0.00)     9068.40 (   +0.00)          0 (       0)                    0 (  +0.00)           0  
##>+-----------------------------------------------------------------------------------------------------------------------------------------------------------------------------------------------------+
Committed config: CDN_DP_region_0_0_c7
Info    : Done implementing datapath configurations. [DPOPT-4]
        : Selected 'very_fast' configuration 7 for module 'CDN_DP_region_0_0_c7'.
          Optimizations applied to 'very_fast' configuration:
            rewriting(0), factoring(0), sharing(0), cmultcse(0), downsizing(0), speculation(0)
Info:  Ungrouped 0 dp-cluster instances.  0 cluster instances were left intact, to aid verification.
Info    : Done optimizing datapath logic. [DPOPT-2]
        : Done optimizing datapath logic in 'watch'.
Number of big hc bmuxes after = 0
Starting bit-level redundancy removal [v1.0] (stage: post_rtlopt, startdef: watch, recur: true)
Completed bit-level redundancy removal (accepts: 0, rejects: 0, runtime: 0.004s)
Starting logic reduction [v1.0] (stage: post_rtlopt, startdef: watch, recur: true)
Completed logic reduction (accepts: 0, rejects: 0, runtime: 0.000s)
Starting mux data reorder optimization [v1.0] (stage: post_rtlopt, startdef: watch, recur: true)
Completed mux data reorder optimization (accepts: 0, rejects: 0, runtime: 0.000s)

Stage: post_rtlopt
----------------------------------------------------------------
| Transform                  | Accepts | Rejects | Runtime (s) | 
----------------------------------------------------------------
| hlo_redundancy_removal_bit |       0 |       0 |        0.00 | 
| hlo_logic_reduction        |       0 |       0 |        0.00 | 
| hlo_mux_reorder            |       0 |       0 |        0.00 | 
----------------------------------------------------------------
Running post blast mux optimization. Please follow up with Cadence support if runtime issues are seen with this optimization.
Starting mux speculation [v1.0] (stage: post_muxopt, startdef: watch, recur: true)
Starting speculation optimization
Completed speculation optimization (accepts:0)
Completed mux speculation (accepts: 0, rejects: 0, runtime: 0.014s)

Stage: post_muxopt
-----------------------------------------------------
| Transform       | Accepts | Rejects | Runtime (s) | 
-----------------------------------------------------
| hlo_speculation |       0 |       0 |        0.01 | 
-----------------------------------------------------
==================================
Stage : to_generic 
==================================
  =================
   Message Summary
  =================
-----------------------------------------------------------------------------------------------------------------------------------------------------------------------------------------------------------------------------------------------------------------------------------------
|   Id   |  Sev  |Count|                                                                                                                          Message Text                                                                                                                          |
-----------------------------------------------------------------------------------------------------------------------------------------------------------------------------------------------------------------------------------------------------------------------------------------
|CDFG-372|Info   |   19|Bitwidth mismatch in assignment.                                                                                                                                                                                                                                |
|        |       |     |Review and make sure the mismatch is intentional. Genus can possibly issue bitwidth mismatch warning for explicit assignments present in RTL as-well-as for implicit assignments inferred by the tool. For example, in case of enum declaration without value,  |
|        |       |     | the tool will implicitly assign value to the enum variables. It also issues the warning for any bitwidth mismatch that appears in this implicit assignment.                                                                                                    |
|CDFG-436|Warning|    1|Empty port expression.                                                                                                                                                                                                                                          |
|CDFG-818|Warning|    1|Using default parameter value for module elaboration.                                                                                                                                                                                                           |
|CWD-19  |Info   |   63|An implementation was inferred.                                                                                                                                                                                                                                 |
|DPOPT-1 |Info   |    1|Optimizing datapath logic.                                                                                                                                                                                                                                      |
|DPOPT-2 |Info   |    1|Done optimizing datapath logic.                                                                                                                                                                                                                                 |
|DPOPT-3 |Info   |    3|Implementing datapath configurations.                                                                                                                                                                                                                           |
|DPOPT-4 |Info   |    3|Done implementing datapath configurations.                                                                                                                                                                                                                      |
|DPOPT-6 |Info   |    1|Pre-processed datapath logic.                                                                                                                                                                                                                                   |
|DPOPT-10|Info   |    1|Optimized a mux chain.                                                                                                                                                                                                                                          |
|ELAB-1  |Info   |    1|Elaborating Design.                                                                                                                                                                                                                                             |
|ELAB-3  |Info   |    1|Done Elaborating Design.                                                                                                                                                                                                                                        |
|GLO-13  |Info   |    1|Replacing a flip-flop with a logic constant 1.                                                                                                                                                                                                                  |
|        |       |     |To prevent this optimization, set the 'optimize_constant_1_flops' root attribute to 'false' or 'optimize_constant_1_seq' instance attribute to 'false'.                                                                                                         |
|GLO-34  |Info   |    2|Deleting instances not driving any primary outputs.                                                                                                                                                                                                             |
|        |       |     |Optimizations such as constant propagation or redundancy removal could change the connections so a hierarchical instance does not drive any primary outputs anymore. To see the list of deleted hierarchical instances, set the 'information_level' attribute to|
|        |       |     | 2 or above. If the message is truncated set the message attribute 'truncate' to false to see the complete list. To prevent this optimization, set the 'delete_unloaded_insts' root/subdesign attribute to 'false' or 'preserve' instance attribute to 'true'.  |
|GLO-45  |Info   |    1|Replacing the synchronous part of an always feeding back flip-flop with a logic constant.                                                                                                                                                                       |
|        |       |     |To prevent this optimization, set 'optimize_constant_feedback_seqs' root attribute to 'false'. The instance attribute 'optimize_constant_feedback_seq' controls this optimization.                                                                              |
|LBR-9   |Warning|    2|Library cell has no output pins defined.                                                                                                                                                                                                                        |
|        |       |     |Add the missing output pin(s)                                                                                                                                                                                                                                   |
|        |       |     | , then reload the library. Else the library cell will be marked as timing model i.e. unusable. Timing_model means that the cell does not have any defined function. If there is no output pin, Genus will mark library cell as unusable i.e. the attribute     |
|        |       |     | 'usable' will be marked to 'false' on the libcell. Therefore, the cell is not used for mapping and it will not be picked up from the library for synthesis. If you query the attribute 'unusable_reason' on the libcell; result will be: 'Library cell has no  |
|        |       |     | output pins.'Note: The message LBR-9 is only for the logical pins and not for the power_ground pins. Genus will depend upon the output function defined in the pin group (output pin)                                                                          |
|        |       |     | of the cell, to use it for mapping. The pg_pin will not have any function defined.                                                                                                                                                                             |
|LBR-41  |Info   |    1|An output library pin lacks a function attribute.                                                                                                                                                                                                               |
|        |       |     |If the remainder of this library cell's semantic checks are successful, it will be considered as a timing-model (because one of its outputs does not have a valid function.                                                                                     |
|LBR-155 |Info   |  264|Mismatch in unateness between 'timing_sense' attribute and the function.                                                                                                                                                                                        |
|        |       |     |The 'timing_sense' attribute will be respected.                                                                                                                                                                                                                 |
|LBR-161 |Info   |    1|Setting the maximum print count of this message to 10 if information_level is less than 9.                                                                                                                                                                      |
|LBR-162 |Info   |  124|Both 'pos_unate' and 'neg_unate' timing_sense arcs have been processed.                                                                                                                                                                                         |
|        |       |     |Setting the 'timing_sense' to non_unate.                                                                                                                                                                                                                        |
|LBR-412 |Info   |    1|Created nominal operating condition.                                                                                                                                                                                                                            |
|        |       |     |The nominal operating condition is represented, either by the nominal PVT values specified in the library source (via nom_process,nom_voltage and nom_temperature respectively), or by the default PVT values (1.0,1.0,1.0).                                    |
|LBR-518 |Info   |    1|Missing a function attribute in the output pin definition.                                                                                                                                                                                                      |
|PHYS-752|Info   |    1|Partition Based Synthesis execution skipped.                                                                                                                                                                                                                    |
|SDC-202 |Error  |    2|Could not interpret SDC command.                                                                                                                                                                                                                                |
|        |       |     |The 'read_sdc' command encountered a problem while trying to evaluate an SDC command. This SDC command will be added to the Tcl variable $::dc::sdc_failed_commands.                                                                                            |
|SDC-204 |Error  |    1|Invalid SDC command option combination.                                                                                                                                                                                                                         |
|        |       |     |This option is not valid for the indicated SDC command. Check the SDC command and contact Cadence customer support if you believe this option combination should be supported.                                                                                  |
|SDC-208 |Warning|    2|Could not find requested search value.                                                                                                                                                                                                                          |
|        |       |     |Use get_* commands to find the objects along with a wild card entry in the name of the object to check if the object is existing with different naming style.                                                                                                   |
|SDC-209 |Warning|    1|One or more commands failed when these constraints were applied.                                                                                                                                                                                                |
|        |       |     |You can examine the failed commands or save them to a file by querying the Tcl variable $::dc::sdc_failed_commands.                                                                                                                                             |
|SYNTH-1 |Info   |    1|Synthesizing.                                                                                                                                                                                                                                                   |
|TIM-1000|Info   |    1|Multimode clock gating check is disabled.                                                                                                                                                                                                                       |
-----------------------------------------------------------------------------------------------------------------------------------------------------------------------------------------------------------------------------------------------------------------------------------------
Mapper: Libraries have:
	domain _default_: 324 combo usable cells and 128 sequential usable cells
Multi-threaded constant propagation [1|0] ...
Multi-threaded Virtual Mapping    (8 threads, 8 of 80 CPUs usable)
==================================
Stage : first_condense 
==================================
  =================
   Message Summary
  =================
----------------------------------------------------------
| Id |Sev |Count|              Message Text              |
----------------------------------------------------------
|GB-6|Info|    6|A datapath component has been ungrouped.|
----------------------------------------------------------
 
Global mapping target info
==========================
Cost Group 'clk' target slack:   295 ps
Target path end-point (Pin: hour_bcd10_reg[3]/d)


State Retention Synthesis Status
================================

Category                        Flops   Percentage
--------------------------------------------------
Total instances                    26        100.0
Excluded from State Retention      26        100.0
    - Will not convert             26        100.0
      - Preserved                   0          0.0
      - Power intent excluded      26        100.0
    - Could not convert             0          0.0
      - Scan type                   0          0.0
      - No suitable cell            0          0.0
State Retention instances           0          0.0
--------------------------------------------------

PBS_Generic_Opt-Post - Elapsed_Time 3, CPU_Time 2.705596
stamp 'PBS_Generic_Opt-Post' being created for table 'pbs_debug'

  Total Time (Wall) |  Stage Time (Wall)  |   % (Wall)   |    Date - Time     |  Memory   | Stage
--------------------+---------------------+--------------+--------------------+-----------+----------------------
 00:00:15(00:00:09) |  00:00:00(00:00:00) |   0.0(  0.0) |   17:57:06 (Jul09) |  423.1 MB | PBS_Generic-Start
--------------------+---------------------+--------------+--------------------+-----------+----------------------
 00:00:17(00:00:12) |  00:00:02(00:00:03) | 100.0(100.0) |   17:57:09 (Jul09) |  423.1 MB | PBS_Generic_Opt-Post
--------------------+---------------------+--------------+--------------------+-----------+----------------------
Number of threads: 8 * 1   (id: pbs_debug, time_info v1.57)
Info: (*N*) indicates data that was populated from previously saved time_info database
Info: CPU time includes time of parent + longest thread
PBS_Generic-Postgen HBO Optimizations - Elapsed_Time 0, CPU_Time 0.0
stamp 'PBS_Generic-Postgen HBO Optimizations' being created for table 'pbs_debug'

  Total Time (Wall) |  Stage Time (Wall)  |   % (Wall)   |    Date - Time     |  Memory   | Stage
--------------------+---------------------+--------------+--------------------+-----------+----------------------
 00:00:15(00:00:09) |  00:00:00(00:00:00) |   0.0(  0.0) |   17:57:06 (Jul09) |  423.1 MB | PBS_Generic-Start
--------------------+---------------------+--------------+--------------------+-----------+----------------------
 00:00:17(00:00:12) |  00:00:02(00:00:03) | 100.0(100.0) |   17:57:09 (Jul09) |  423.1 MB | PBS_Generic_Opt-Post
--------------------+---------------------+--------------+--------------------+-----------+----------------------
 00:00:17(00:00:12) |  00:00:00(00:00:00) |   0.0(  0.0) |   17:57:09 (Jul09) |  423.1 MB | PBS_Generic-Postgen HBO Optimizations
--------------------+---------------------+--------------+--------------------+-----------+----------------------
Number of threads: 8 * 1   (id: pbs_debug, time_info v1.57)
Info: (*N*) indicates data that was populated from previously saved time_info database
Info: CPU time includes time of parent + longest thread
##>=================== Cadence Confidential (Generic-Logical) ===================
##>=================== Cadence Confidential (Generic-Logical) ===================
##>Main Thread Summary:
##>----------------------------------------------------------------------------------------
##>STEP                           Elapsed       WNS       TNS     Insts      Area    Memory
##>----------------------------------------------------------------------------------------
##>G:Initial                            0         -         -       179       669       423
##>G:Setup                              0         -         -         -         -         -
##>G:Early Clock Gating                 0         -         -         -         -         -
##>G:Launch ST                          0         -         -         -         -         -
##>G:Design Partition                   0         -         -         -         -         -
##>G:Create Partition Netlists          0         -         -         -         -         -
##>G:Init Power                         0         -         -         -         -         -
##>G:Budgeting                          0         -         -         -         -         -
##>G:Derenv-DB                          0         -         -         -         -         -
##>G:Debug Outputs                      0         -         -         -         -         -
##>G:ST loading                         0         -         -         -         -         -
##>G:Distributed                        0         -         -         -         -         -
##>G:Timer                              0         -         -         -         -         -
##>G:Assembly                           0         -         -         -         -         -
##>G:DFT                                0         -         -         -         -         -
##>G:Const Prop                         0         -         -       182       656       423
##>G:PostGen Opt                        1         -         -       182       656       423
##>G:Early Clock Gating Cleanup         0         -         -         -         -         -
##>G:Misc                               2
##>----------------------------------------------------------------------------------------
##>Total Elapsed                        3
##>========================================================================================
Info    : Done synthesizing. [SYNTH-2]
        : Done synthesizing 'watch' to generic gates.
      flow.cputime  flow.realtime  timing.setup.tns  timing.setup.wns  snapshot
UM:*                                                                   syn_gen
@file(my_syn.tcl) 14: syn_map
#--------------------------------------------------------------------------
# Root attributes for category: opt
#--------------------------------------------------------------------------
# Feature                           | Attribute                | Value  
#--------------------------------------------------------------------------
# Net area optimization             | optimize_net_area        | true   
# Power optimization effort         | design_power_effort      | none   
# Do not use qbar sequential pins   | dont_use_qbar_seq_pins   | false  
#--------------------------------------------------------------------------

##Generic Timing Info for library domain: _default_ typical gate delay: 127.6 ps std_slew: 17.9 ps std_load: 1.0 fF
Mapping ChipWare ICG instances in watch
Found 0 unmapped ChipWare ICG instances
Mapped 0 of 0 ChipWare ICG instances
Info    : Mapping. [SYNTH-4]
        : Mapping 'watch' using 'medium' effort.
Mapper: Libraries have:
	domain _default_: 324 combo usable cells and 128 sequential usable cells
PBS_TechMap-Start - Elapsed_Time 0, CPU_Time 0.0
stamp 'PBS_TechMap-Start' being created for table 'pbs_debug'

  Total Time (Wall) |  Stage Time (Wall)  |   % (Wall)   |    Date - Time     |  Memory   | Stage
--------------------+---------------------+--------------+--------------------+-----------+----------------------
 00:00:15(00:00:09) |  00:00:00(00:00:00) |   0.0(  0.0) |   17:57:06 (Jul09) |  423.1 MB | PBS_Generic-Start
--------------------+---------------------+--------------+--------------------+-----------+----------------------
 00:00:17(00:00:12) |  00:00:02(00:00:03) | 100.0(100.0) |   17:57:09 (Jul09) |  423.1 MB | PBS_Generic_Opt-Post
--------------------+---------------------+--------------+--------------------+-----------+----------------------
 00:00:17(00:00:12) |  00:00:00(00:00:00) |   0.0(  0.0) |   17:57:09 (Jul09) |  423.1 MB | PBS_Generic-Postgen HBO Optimizations
--------------------+---------------------+--------------+--------------------+-----------+----------------------
 00:00:17(00:00:12) |  00:00:00(00:00:00) |   0.0(  0.0) |   17:57:09 (Jul09) |  423.1 MB | PBS_TechMap-Start
--------------------+---------------------+--------------+--------------------+-----------+----------------------
Number of threads: 8 * 1   (id: pbs_debug, time_info v1.57)
Info: (*N*) indicates data that was populated from previously saved time_info database
Info: CPU time includes time of parent + longest thread
PBS_TechMap-Premap HBO Optimizations - Elapsed_Time 0, CPU_Time 0.0
stamp 'PBS_TechMap-Premap HBO Optimizations' being created for table 'pbs_debug'

  Total Time (Wall) |  Stage Time (Wall)  |   % (Wall)   |    Date - Time     |  Memory   | Stage
--------------------+---------------------+--------------+--------------------+-----------+----------------------
 00:00:15(00:00:09) |  00:00:00(00:00:00) |   0.0(  0.0) |   17:57:06 (Jul09) |  423.1 MB | PBS_Generic-Start
--------------------+---------------------+--------------+--------------------+-----------+----------------------
 00:00:17(00:00:12) |  00:00:02(00:00:03) | 100.0(100.0) |   17:57:09 (Jul09) |  423.1 MB | PBS_Generic_Opt-Post
--------------------+---------------------+--------------+--------------------+-----------+----------------------
 00:00:17(00:00:12) |  00:00:00(00:00:00) |   0.0(  0.0) |   17:57:09 (Jul09) |  423.1 MB | PBS_Generic-Postgen HBO Optimizations
--------------------+---------------------+--------------+--------------------+-----------+----------------------
 00:00:17(00:00:12) |  00:00:00(00:00:00) |   0.0(  0.0) |   17:57:09 (Jul09) |  423.1 MB | PBS_TechMap-Start
--------------------+---------------------+--------------+--------------------+-----------+----------------------
 00:00:17(00:00:12) |  00:00:00(00:00:00) |   0.0(  0.0) |   17:57:09 (Jul09) |  423.1 MB | PBS_TechMap-Premap HBO Optimizations
--------------------+---------------------+--------------+--------------------+-----------+----------------------
Number of threads: 8 * 1   (id: pbs_debug, time_info v1.57)
Info: (*N*) indicates data that was populated from previously saved time_info database
Info: CPU time includes time of parent + longest thread
Info    : Partition Based Synthesis execution skipped. [PHYS-752]
        : Design size is less than the partition size '100000' for distributed mapping optimization to kick in.
Mapper: Libraries have:
	domain _default_: 324 combo usable cells and 128 sequential usable cells
Multi-threaded Virtual Mapping    (8 threads, 8 of 80 CPUs usable)
==================================
Stage : first_condense 
==================================
  =================
   Message Summary
  =================
------------------------------------------------------------------
|   Id   |Sev |Count|                Message Text                |
------------------------------------------------------------------
|PHYS-752|Info|    1|Partition Based Synthesis execution skipped.|
|SYNTH-2 |Info|    1|Done synthesizing.                          |
|SYNTH-4 |Info|    1|Mapping.                                    |
------------------------------------------------------------------
 
Global mapping target info
==========================
Cost Group 'clk' target slack:   295 ps
Target path end-point (Pin: hour_bcd10_reg[3]/d)

Multi-threaded Virtual Mapping    (8 threads, 8 of 80 CPUs usable)
Multi-threaded Technology Mapping (8 threads, 8 of 80 CPUs usable)
 
Global mapping status
=====================
                                   Group   
                                  Tot Wrst 
                           Total  Weighted 
Operation                   Area   Slacks  
 global_map                  284        0 

    Cost Group            Target    Slack    Diff.  Constr.
-----------------------------------------------------------
           clk               295     8905             10000 

 
Global incremental target info
==============================
Cost Group 'clk' target slack:   198 ps
Target path end-point (Pin: hour_bcd10_reg[3]/D (DFFRHQX1/D))

 
Global incremental optimization status
======================================
                                   Group   
                                  Tot Wrst 
                           Total  Weighted 
Operation                   Area   Slacks  
 global_incr                 279        0 

    Cost Group            Target    Slack    Diff.  Constr.
-----------------------------------------------------------
           clk               198     8905             10000 


State Retention Synthesis Status
================================

Category                        Flops   Percentage
--------------------------------------------------
Total instances                    26        100.0
Excluded from State Retention      26        100.0
    - Will not convert             26        100.0
      - Preserved                   0          0.0
      - Power intent excluded      26        100.0
    - Could not convert             0          0.0
      - Scan type                   0          0.0
      - No suitable cell            0          0.0
State Retention instances           0          0.0
--------------------------------------------------

INFO: skipping constant propagation
PBS_Techmap-Global Mapping - Elapsed_Time 1, CPU_Time 1.3590110000000024
stamp 'PBS_Techmap-Global Mapping' being created for table 'pbs_debug'

  Total Time (Wall) |  Stage Time (Wall)  |   % (Wall)   |    Date - Time     |  Memory   | Stage
--------------------+---------------------+--------------+--------------------+-----------+----------------------
 00:00:15(00:00:09) |  00:00:00(00:00:00) |   0.0(  0.0) |   17:57:06 (Jul09) |  423.1 MB | PBS_Generic-Start
--------------------+---------------------+--------------+--------------------+-----------+----------------------
 00:00:17(00:00:12) |  00:00:02(00:00:03) |  66.6( 75.0) |   17:57:09 (Jul09) |  423.1 MB | PBS_Generic_Opt-Post
--------------------+---------------------+--------------+--------------------+-----------+----------------------
 00:00:17(00:00:12) |  00:00:00(00:00:00) |   0.0(  0.0) |   17:57:09 (Jul09) |  423.1 MB | PBS_Generic-Postgen HBO Optimizations
--------------------+---------------------+--------------+--------------------+-----------+----------------------
 00:00:17(00:00:12) |  00:00:00(00:00:00) |   0.0(  0.0) |   17:57:09 (Jul09) |  423.1 MB | PBS_TechMap-Start
--------------------+---------------------+--------------+--------------------+-----------+----------------------
 00:00:17(00:00:12) |  00:00:00(00:00:00) |   0.0(  0.0) |   17:57:09 (Jul09) |  423.1 MB | PBS_TechMap-Premap HBO Optimizations
--------------------+---------------------+--------------+--------------------+-----------+----------------------
 00:00:19(00:00:13) |  00:00:01(00:00:01) |  33.4( 25.0) |   17:57:10 (Jul09) |  423.1 MB | PBS_Techmap-Global Mapping
--------------------+---------------------+--------------+--------------------+-----------+----------------------
Number of threads: 8 * 1   (id: pbs_debug, time_info v1.57)
Info: (*N*) indicates data that was populated from previously saved time_info database
Info: CPU time includes time of parent + longest thread
Info    : Wrote formal verification information. [CFM-5]
        : Wrote 'fv/watch/fv_map.fv.json' for netlist 'fv/watch/fv_map.v.gz'.
Info    : Wrote dofile. [CFM-1]
        : Dofile is 'fv/watch/rtl_to_fv_map.do'.
        : Alias mapping flow is enabled.
PBS_TechMap-Datapath Postmap Operations - Elapsed_Time 2, CPU_Time 2.0
stamp 'PBS_TechMap-Datapath Postmap Operations' being created for table 'pbs_debug'

  Total Time (Wall) |  Stage Time (Wall)  |   % (Wall)   |    Date - Time     |  Memory   | Stage
--------------------+---------------------+--------------+--------------------+-----------+----------------------
 00:00:15(00:00:09) |  00:00:00(00:00:00) |   0.0(  0.0) |   17:57:06 (Jul09) |  423.1 MB | PBS_Generic-Start
--------------------+---------------------+--------------+--------------------+-----------+----------------------
 00:00:17(00:00:12) |  00:00:02(00:00:03) |  44.6( 50.0) |   17:57:09 (Jul09) |  423.1 MB | PBS_Generic_Opt-Post
--------------------+---------------------+--------------+--------------------+-----------+----------------------
 00:00:17(00:00:12) |  00:00:00(00:00:00) |   0.0(  0.0) |   17:57:09 (Jul09) |  423.1 MB | PBS_Generic-Postgen HBO Optimizations
--------------------+---------------------+--------------+--------------------+-----------+----------------------
 00:00:17(00:00:12) |  00:00:00(00:00:00) |   0.0(  0.0) |   17:57:09 (Jul09) |  423.1 MB | PBS_TechMap-Start
--------------------+---------------------+--------------+--------------------+-----------+----------------------
 00:00:17(00:00:12) |  00:00:00(00:00:00) |   0.0(  0.0) |   17:57:09 (Jul09) |  423.1 MB | PBS_TechMap-Premap HBO Optimizations
--------------------+---------------------+--------------+--------------------+-----------+----------------------
 00:00:19(00:00:13) |  00:00:01(00:00:01) |  22.4( 16.7) |   17:57:10 (Jul09) |  423.1 MB | PBS_Techmap-Global Mapping
--------------------+---------------------+--------------+--------------------+-----------+----------------------
 00:00:21(00:00:15) |  00:00:02(00:00:02) |  33.0( 33.3) |   17:57:12 (Jul09) |  808.6 MB | PBS_TechMap-Datapath Postmap Operations
--------------------+---------------------+--------------+--------------------+-----------+----------------------
Number of threads: 8 * 1   (id: pbs_debug, time_info v1.57)
Info: (*N*) indicates data that was populated from previously saved time_info database
Info: CPU time includes time of parent + longest thread
PBS_TechMap-Postmap HBO Optimizations - Elapsed_Time 0, CPU_Time -0.0009620000000012396
stamp 'PBS_TechMap-Postmap HBO Optimizations' being created for table 'pbs_debug'

  Total Time (Wall) |  Stage Time (Wall)  |   % (Wall)   |    Date - Time     |  Memory   | Stage
--------------------+---------------------+--------------+--------------------+-----------+----------------------
 00:00:15(00:00:09) |  00:00:00(00:00:00) |   0.0(  0.0) |   17:57:06 (Jul09) |  423.1 MB | PBS_Generic-Start
--------------------+---------------------+--------------+--------------------+-----------+----------------------
 00:00:17(00:00:12) |  00:00:02(00:00:03) |  44.6( 50.0) |   17:57:09 (Jul09) |  423.1 MB | PBS_Generic_Opt-Post
--------------------+---------------------+--------------+--------------------+-----------+----------------------
 00:00:17(00:00:12) |  00:00:00(00:00:00) |   0.0(  0.0) |   17:57:09 (Jul09) |  423.1 MB | PBS_Generic-Postgen HBO Optimizations
--------------------+---------------------+--------------+--------------------+-----------+----------------------
 00:00:17(00:00:12) |  00:00:00(00:00:00) |   0.0(  0.0) |   17:57:09 (Jul09) |  423.1 MB | PBS_TechMap-Start
--------------------+---------------------+--------------+--------------------+-----------+----------------------
 00:00:17(00:00:12) |  00:00:00(00:00:00) |   0.0(  0.0) |   17:57:09 (Jul09) |  423.1 MB | PBS_TechMap-Premap HBO Optimizations
--------------------+---------------------+--------------+--------------------+-----------+----------------------
 00:00:19(00:00:13) |  00:00:01(00:00:01) |  22.4( 16.7) |   17:57:10 (Jul09) |  423.1 MB | PBS_Techmap-Global Mapping
--------------------+---------------------+--------------+--------------------+-----------+----------------------
 00:00:21(00:00:15) |  00:00:02(00:00:02) |  33.0( 33.3) |   17:57:12 (Jul09) |  808.6 MB | PBS_TechMap-Datapath Postmap Operations
--------------------+---------------------+--------------+--------------------+-----------+----------------------
 00:00:21(00:00:15) |  00:00:00(00:00:00) |  -0.0(  0.0) |   17:57:12 (Jul09) |  808.6 MB | PBS_TechMap-Postmap HBO Optimizations
--------------------+---------------------+--------------+--------------------+-----------+----------------------
Number of threads: 8 * 1   (id: pbs_debug, time_info v1.57)
Info: (*N*) indicates data that was populated from previously saved time_info database
Info: CPU time includes time of parent + longest thread
 Doing ConstProp on design:watch ... 

Time taken by ConstProp Step: 00:00:00
PBS_TechMap-Postmap Clock Gating - Elapsed_Time 0, CPU_Time 0.0
stamp 'PBS_TechMap-Postmap Clock Gating' being created for table 'pbs_debug'

  Total Time (Wall) |  Stage Time (Wall)  |   % (Wall)   |    Date - Time     |  Memory   | Stage
--------------------+---------------------+--------------+--------------------+-----------+----------------------
 00:00:15(00:00:09) |  00:00:00(00:00:00) |   0.0(  0.0) |   17:57:06 (Jul09) |  423.1 MB | PBS_Generic-Start
--------------------+---------------------+--------------+--------------------+-----------+----------------------
 00:00:17(00:00:12) |  00:00:02(00:00:03) |  44.6( 50.0) |   17:57:09 (Jul09) |  423.1 MB | PBS_Generic_Opt-Post
--------------------+---------------------+--------------+--------------------+-----------+----------------------
 00:00:17(00:00:12) |  00:00:00(00:00:00) |   0.0(  0.0) |   17:57:09 (Jul09) |  423.1 MB | PBS_Generic-Postgen HBO Optimizations
--------------------+---------------------+--------------+--------------------+-----------+----------------------
 00:00:17(00:00:12) |  00:00:00(00:00:00) |   0.0(  0.0) |   17:57:09 (Jul09) |  423.1 MB | PBS_TechMap-Start
--------------------+---------------------+--------------+--------------------+-----------+----------------------
 00:00:17(00:00:12) |  00:00:00(00:00:00) |   0.0(  0.0) |   17:57:09 (Jul09) |  423.1 MB | PBS_TechMap-Premap HBO Optimizations
--------------------+---------------------+--------------+--------------------+-----------+----------------------
 00:00:19(00:00:13) |  00:00:01(00:00:01) |  22.4( 16.7) |   17:57:10 (Jul09) |  423.1 MB | PBS_Techmap-Global Mapping
--------------------+---------------------+--------------+--------------------+-----------+----------------------
 00:00:21(00:00:15) |  00:00:02(00:00:02) |  33.0( 33.3) |   17:57:12 (Jul09) |  808.6 MB | PBS_TechMap-Datapath Postmap Operations
--------------------+---------------------+--------------+--------------------+-----------+----------------------
 00:00:21(00:00:15) |  00:00:00(00:00:00) |  -0.0(  0.0) |   17:57:12 (Jul09) |  808.6 MB | PBS_TechMap-Postmap HBO Optimizations
--------------------+---------------------+--------------+--------------------+-----------+----------------------
 00:00:21(00:00:15) |  00:00:00(00:00:00) |   0.0(  0.0) |   17:57:12 (Jul09) |  808.6 MB | PBS_TechMap-Postmap Clock Gating
--------------------+---------------------+--------------+--------------------+-----------+----------------------
Number of threads: 8 * 1   (id: pbs_debug, time_info v1.57)
Info: (*N*) indicates data that was populated from previously saved time_info database
Info: CPU time includes time of parent + longest thread
-------------------------------------------------------------------------------
 hi_fo_buf                   279        0         0         0        0

           Trick     Calls     Accepts   Attempts    Time(secs) 
-----------------------------------------------------------
       hi_fo_buf         0  (        0 /        0 )  0.00

 
Incremental optimization status
===============================
                                   Group   
                                  Tot Wrst     Total - - DRC Totals - -
                           Total  Weighted      Neg      Max       Max 
Operation                   Area   Slacks      Slack    Trans      Cap 
 init_delay                  279        0         0         0        0

           Trick     Calls     Accepts   Attempts    Time(secs) 
-----------------------------------------------------------
       crit_upsz         0  (        0 /        0 )  0.00
    plc_bal_star         0  (        0 /        0 )  0.00
     drc_buftimb         0  (        0 /        0 )  0.00
          plc_st         0  (        0 /        0 )  0.00
    plc_st_fence         0  (        0 /        0 )  0.00
        plc_star         0  (        0 /        0 )  0.00
      plc_laf_st         0  (        0 /        0 )  0.00
 plc_laf_st_fence         0  (        0 /        0 )  0.00
     drc_buftims         0  (        0 /        0 )  0.00
            fopt         0  (        0 /        0 )  0.00
   plc_laf_lo_st         0  (        0 /        0 )  0.00
       plc_lo_st         0  (        0 /        0 )  0.00
        mb_split         0  (        0 /        0 )  0.00

 
Local TNS optimization status
=============================
                                   Group   
                                  Tot Wrst     Total - - DRC Totals - -
                           Total  Weighted      Neg      Max       Max 
Operation                   Area   Slacks      Slack    Trans      Cap 
 init_tns                    279        0         0         0        0

           Trick     Calls     Accepts   Attempts    Time(secs) 
-----------------------------------------------------------
    plc_bal_star         0  (        0 /        0 )  0.00
     drc_buftimb         0  (        0 /        0 )  0.00
     drc_buftims         0  (        0 /        0 )  0.00
       crit_upsz         0  (        0 /        0 )  0.00
   plc_laf_lo_st         0  (        0 /        0 )  0.00
       plc_lo_st         0  (        0 /        0 )  0.00
            fopt         0  (        0 /        0 )  0.00
       crit_dnsz         0  (        0 /        0 )  0.00
             dup         0  (        0 /        0 )  0.00
        setup_dn         0  (        0 /        0 )  0.00
        mb_split         0  (        0 /        0 )  0.00

PBS_TechMap-Postmap Cleanup - Elapsed_Time 0, CPU_Time -0.0008370000000006428
stamp 'PBS_TechMap-Postmap Cleanup' being created for table 'pbs_debug'

  Total Time (Wall) |  Stage Time (Wall)  |   % (Wall)   |    Date - Time     |  Memory   | Stage
--------------------+---------------------+--------------+--------------------+-----------+----------------------
 00:00:15(00:00:09) |  00:00:00(00:00:00) |   0.0(  0.0) |   17:57:06 (Jul09) |  423.1 MB | PBS_Generic-Start
--------------------+---------------------+--------------+--------------------+-----------+----------------------
 00:00:17(00:00:12) |  00:00:02(00:00:03) |  44.6( 50.0) |   17:57:09 (Jul09) |  423.1 MB | PBS_Generic_Opt-Post
--------------------+---------------------+--------------+--------------------+-----------+----------------------
 00:00:17(00:00:12) |  00:00:00(00:00:00) |   0.0(  0.0) |   17:57:09 (Jul09) |  423.1 MB | PBS_Generic-Postgen HBO Optimizations
--------------------+---------------------+--------------+--------------------+-----------+----------------------
 00:00:17(00:00:12) |  00:00:00(00:00:00) |   0.0(  0.0) |   17:57:09 (Jul09) |  423.1 MB | PBS_TechMap-Start
--------------------+---------------------+--------------+--------------------+-----------+----------------------
 00:00:17(00:00:12) |  00:00:00(00:00:00) |   0.0(  0.0) |   17:57:09 (Jul09) |  423.1 MB | PBS_TechMap-Premap HBO Optimizations
--------------------+---------------------+--------------+--------------------+-----------+----------------------
 00:00:19(00:00:13) |  00:00:01(00:00:01) |  22.4( 16.7) |   17:57:10 (Jul09) |  423.1 MB | PBS_Techmap-Global Mapping
--------------------+---------------------+--------------+--------------------+-----------+----------------------
 00:00:21(00:00:15) |  00:00:02(00:00:02) |  33.0( 33.3) |   17:57:12 (Jul09) |  808.6 MB | PBS_TechMap-Datapath Postmap Operations
--------------------+---------------------+--------------+--------------------+-----------+----------------------
 00:00:21(00:00:15) |  00:00:00(00:00:00) |  -0.0(  0.0) |   17:57:12 (Jul09) |  808.6 MB | PBS_TechMap-Postmap HBO Optimizations
--------------------+---------------------+--------------+--------------------+-----------+----------------------
 00:00:21(00:00:15) |  00:00:00(00:00:00) |   0.0(  0.0) |   17:57:12 (Jul09) |  808.6 MB | PBS_TechMap-Postmap Clock Gating
--------------------+---------------------+--------------+--------------------+-----------+----------------------
 00:00:21(00:00:15) |  00:00:00(00:00:00) |  -0.0(  0.0) |   17:57:12 (Jul09) |  808.6 MB | PBS_TechMap-Postmap Cleanup
--------------------+---------------------+--------------+--------------------+-----------+----------------------
Number of threads: 8 * 1   (id: pbs_debug, time_info v1.57)
Info: (*N*) indicates data that was populated from previously saved time_info database
Info: CPU time includes time of parent + longest thread
PBS_Techmap-Post_MBCI - Elapsed_Time 1, CPU_Time 0.0
stamp 'PBS_Techmap-Post_MBCI' being created for table 'pbs_debug'

  Total Time (Wall) |  Stage Time (Wall)  |   % (Wall)   |    Date - Time     |  Memory   | Stage
--------------------+---------------------+--------------+--------------------+-----------+----------------------
 00:00:15(00:00:09) |  00:00:00(00:00:00) |   0.0(  0.0) |   17:57:06 (Jul09) |  423.1 MB | PBS_Generic-Start
--------------------+---------------------+--------------+--------------------+-----------+----------------------
 00:00:17(00:00:12) |  00:00:02(00:00:03) |  44.6( 42.9) |   17:57:09 (Jul09) |  423.1 MB | PBS_Generic_Opt-Post
--------------------+---------------------+--------------+--------------------+-----------+----------------------
 00:00:17(00:00:12) |  00:00:00(00:00:00) |   0.0(  0.0) |   17:57:09 (Jul09) |  423.1 MB | PBS_Generic-Postgen HBO Optimizations
--------------------+---------------------+--------------+--------------------+-----------+----------------------
 00:00:17(00:00:12) |  00:00:00(00:00:00) |   0.0(  0.0) |   17:57:09 (Jul09) |  423.1 MB | PBS_TechMap-Start
--------------------+---------------------+--------------+--------------------+-----------+----------------------
 00:00:17(00:00:12) |  00:00:00(00:00:00) |   0.0(  0.0) |   17:57:09 (Jul09) |  423.1 MB | PBS_TechMap-Premap HBO Optimizations
--------------------+---------------------+--------------+--------------------+-----------+----------------------
 00:00:19(00:00:13) |  00:00:01(00:00:01) |  22.4( 14.3) |   17:57:10 (Jul09) |  423.1 MB | PBS_Techmap-Global Mapping
--------------------+---------------------+--------------+--------------------+-----------+----------------------
 00:00:21(00:00:15) |  00:00:02(00:00:02) |  33.0( 28.6) |   17:57:12 (Jul09) |  808.6 MB | PBS_TechMap-Datapath Postmap Operations
--------------------+---------------------+--------------+--------------------+-----------+----------------------
 00:00:21(00:00:15) |  00:00:00(00:00:00) |  -0.0(  0.0) |   17:57:12 (Jul09) |  808.6 MB | PBS_TechMap-Postmap HBO Optimizations
--------------------+---------------------+--------------+--------------------+-----------+----------------------
 00:00:21(00:00:15) |  00:00:00(00:00:00) |   0.0(  0.0) |   17:57:12 (Jul09) |  808.6 MB | PBS_TechMap-Postmap Clock Gating
--------------------+---------------------+--------------+--------------------+-----------+----------------------
 00:00:21(00:00:15) |  00:00:00(00:00:00) |  -0.0(  0.0) |   17:57:12 (Jul09) |  808.6 MB | PBS_TechMap-Postmap Cleanup
--------------------+---------------------+--------------+--------------------+-----------+----------------------
 00:00:21(00:00:16) |  00:00:00(00:00:01) |   0.0( 14.3) |   17:57:13 (Jul09) |  808.6 MB | PBS_Techmap-Post_MBCI
--------------------+---------------------+--------------+--------------------+-----------+----------------------
Number of threads: 8 * 1   (id: pbs_debug, time_info v1.57)
Info: (*N*) indicates data that was populated from previously saved time_info database
Info: CPU time includes time of parent + longest thread
##>=================== Cadence Confidential (Mapping-Logical) ===================
##>Main Thread Summary:
##>----------------------------------------------------------------------------------------
##>STEP                           Elapsed       WNS       TNS     Insts      Area    Memory
##>----------------------------------------------------------------------------------------
##>M:Initial                            0         -         -       182       656       423
##>M:Pre Cleanup                        0         -         -       182       656       423
##>M:Setup                              0         -         -         -         -         -
##>M:Early Clock Gating                 0         -         -         -         -         -
##>M:Launch ST                          0         -         -         -         -         -
##>M:Design Partition                   0         -         -         -         -         -
##>M:Create Partition Netlists          0         -         -         -         -         -
##>M:Init Power                         0         -         -         -         -         -
##>M:Budgeting                          0         -         -         -         -         -
##>M:Derenv-DB                          0         -         -         -         -         -
##>M:Debug Outputs                      0         -         -         -         -         -
##>M:ST loading                         0         -         -         -         -         -
##>M:Distributed                        0         -         -         -         -         -
##>M:Timer                              0         -         -         -         -         -
##>M:Assembly                           0         -         -         -         -         -
##>M:DFT                                0         -         -         -         -         -
##>M:DP Operations                      2         -         -        99       279       808
##>M:Const Prop                         0      8905         0        99       279       808
##>M:Cleanup                            0      8905         0        99       279       808
##>M:MBCI                               1         -         -        99       279       808
##>M:PostGen Opt                        0         -         -         -         -         -
##>M:Early Clock Gating Cleanup         0         -         -         -         -         -
##>M:Const Gate Removal                 0         -         -         -         -         -
##>M:Misc                               1
##>----------------------------------------------------------------------------------------
##>Total Elapsed                        4
##>========================================================================================
Info    : Done mapping. [SYNTH-5]
        : Done mapping 'watch'.
      flow.cputime  flow.realtime  timing.setup.tns  timing.setup.wns  snapshot
UM:*                                                                   syn_map
@file(my_syn.tcl) 15: syn_opt
Info    : Incrementally optimizing. [SYNTH-7]
        : Incrementally optimizing 'watch' using 'medium' effort.
 
Incremental optimization status
===============================
                                   Group   
                                  Tot Wrst     Total - - DRC Totals - -
                           Total  Weighted      Neg      Max       Max 
Operation                   Area   Slacks      Slack    Trans      Cap 
 init_iopt                   279        0         0         0        0
-------------------------------------------------------------------------------
 const_prop                  279        0         0         0        0
 
Incremental optimization status
===============================
                                   Group   
                                  Tot Wrst     Total - - DRC Totals - -
                           Total  Weighted      Neg      Max       Max 
Operation                   Area   Slacks      Slack    Trans      Cap 
 init_delay                  279        0         0         0        0

           Trick     Calls     Accepts   Attempts    Time(secs) 
-----------------------------------------------------------
       crit_upsz         0  (        0 /        0 )  0.00
    plc_bal_star         0  (        0 /        0 )  0.00
     drc_buftimb         0  (        0 /        0 )  0.00
          plc_st         0  (        0 /        0 )  0.00
    plc_st_fence         0  (        0 /        0 )  0.00
        plc_star         0  (        0 /        0 )  0.00
      plc_laf_st         0  (        0 /        0 )  0.00
 plc_laf_st_fence         0  (        0 /        0 )  0.00
     drc_buftims         0  (        0 /        0 )  0.00
   plc_laf_lo_st         0  (        0 /        0 )  0.00
       plc_lo_st         0  (        0 /        0 )  0.00
            fopt         0  (        0 /        0 )  0.00
       crit_dnsz         0  (        0 /        0 )  0.00
             dup         0  (        0 /        0 )  0.00
            fopt         0  (        0 /        0 )  0.00
        setup_dn         0  (        0 /        0 )  0.00
         buf2inv         0  (        0 /        0 )  0.00
        mb_split         0  (        0 /        0 )  0.00
             exp         0  (        0 /        0 )  0.00
       gate_deco         0  (        0 /        0 )  0.00
       gcomp_tim         0  (        0 /        0 )  0.00
  inv_pair_2_buf         0  (        0 /        0 )  0.00

 init_drc                    279        0         0         0        0

           Trick     Calls     Accepts   Attempts    Time(secs) 
-----------------------------------------------------------
          plc_st         0  (        0 /        0 )  0.00
        plc_star         0  (        0 /        0 )  0.00
        drc_bufs         0  (        0 /        0 )  0.00
        drc_fopt         0  (        0 /        0 )  0.00
        drc_bufb         0  (        0 /        0 )  0.00
      simple_buf         0  (        0 /        0 )  0.00
             dup         0  (        0 /        0 )  0.00
       crit_dnsz         0  (        0 /        0 )  0.00
       crit_upsz         0  (        0 /        0 )  0.00


           Trick     Calls     Accepts   Attempts    Time(secs) 
-----------------------------------------------------------
          plc_st         0  (        0 /        0 )  0.00
        plc_star         0  (        0 /        0 )  0.00
      drc_buf_sp         0  (        0 /        0 )  0.00
        drc_bufs         0  (        0 /        0 )  0.00
        drc_fopt         0  (        0 /        0 )  0.00
        drc_bufb         0  (        0 /        0 )  0.00
      simple_buf         0  (        0 /        0 )  0.00
             dup         0  (        0 /        0 )  0.00
       crit_dnsz         0  (        0 /        0 )  0.00
       crit_upsz         0  (        0 /        0 )  0.00


           Trick     Calls     Accepts   Attempts    Time(secs) 
-----------------------------------------------------------
          plc_st         0  (        0 /        0 )  0.00
        plc_star         0  (        0 /        0 )  0.00
      drc_buf_sp         0  (        0 /        0 )  0.00
        drc_bufs         0  (        0 /        0 )  0.00
        drc_fopt         0  (        0 /        0 )  0.00
        drc_bufb         0  (        0 /        0 )  0.00
             dup         0  (        0 /        0 )  0.00
       crit_dnsz         0  (        0 /        0 )  0.00
       crit_upsz         0  (        0 /        0 )  0.00

 init_tns                    279        0         0         0        0

           Trick     Calls     Accepts   Attempts    Time(secs) 
-----------------------------------------------------------
    plc_bal_star         0  (        0 /        0 )  0.00
     drc_buftimb         0  (        0 /        0 )  0.00
     drc_buftims         0  (        0 /        0 )  0.00
       crit_upsz         0  (        0 /        0 )  0.00
   plc_laf_lo_st         0  (        0 /        0 )  0.00
       plc_lo_st         0  (        0 /        0 )  0.00
            fopt         0  (        0 /        0 )  0.00
       crit_dnsz         0  (        0 /        0 )  0.00
             dup         0  (        0 /        0 )  0.00
        setup_dn         0  (        0 /        0 )  0.00
         buf2inv         0  (        0 /        0 )  0.00
        mb_split         0  (        0 /        0 )  0.00

 init_area                   279        0         0         0        0
 rem_inv_qb                  279        0         0         0        0
 io_phase                    279        0         0         0        0

           Trick     Calls     Accepts   Attempts    Time(secs) 
-----------------------------------------------------------
           undup         0  (        0 /        0 )  0.00
         rem_buf         0  (        0 /        0 )  0.00
         rem_inv         0  (        0 /        0 )  0.00
        merge_bi         0  (        0 /        0 )  0.00
      rem_inv_qb         4  (        1 /        1 )  0.01
        io_phase         2  (        2 /        2 )  0.01
       gate_comp         1  (        0 /        0 )  0.00
       gcomp_mog         0  (        0 /        0 )  0.00
       glob_area         7  (        0 /        7 )  0.00
       area_down         0  (        0 /        0 )  0.00
      size_n_buf         0  (        0 /        0 )  0.00
  gate_deco_area         0  (        0 /        0 )  0.00
         rem_buf         0  (        0 /        0 )  0.00
         rem_inv         0  (        0 /        0 )  0.00
        merge_bi         0  (        0 /        0 )  0.00
      rem_inv_qb         0  (        0 /        0 )  0.00

 
Incremental optimization status
===============================
                                   Group   
                                  Tot Wrst     Total - - DRC Totals - -
                           Total  Weighted      Neg      Max       Max 
Operation                   Area   Slacks      Slack    Trans      Cap 
 init_delay                  279        0         0         0        0

           Trick     Calls     Accepts   Attempts    Time(secs) 
-----------------------------------------------------------
       crit_upsz         0  (        0 /        0 )  0.00
    plc_bal_star         0  (        0 /        0 )  0.00
     drc_buftimb         0  (        0 /        0 )  0.00
          plc_st         0  (        0 /        0 )  0.00
    plc_st_fence         0  (        0 /        0 )  0.00
        plc_star         0  (        0 /        0 )  0.00
      plc_laf_st         0  (        0 /        0 )  0.00
 plc_laf_st_fence         0  (        0 /        0 )  0.00
     drc_buftims         0  (        0 /        0 )  0.00
   plc_laf_lo_st         0  (        0 /        0 )  0.00
       plc_lo_st         0  (        0 /        0 )  0.00
            fopt         0  (        0 /        0 )  0.00
       crit_dnsz         0  (        0 /        0 )  0.00
             dup         0  (        0 /        0 )  0.00
            fopt         0  (        0 /        0 )  0.00
        setup_dn         0  (        0 /        0 )  0.00
         buf2inv         0  (        0 /        0 )  0.00
        mb_split         0  (        0 /        0 )  0.00
             exp         0  (        0 /        0 )  0.00
       gate_deco         0  (        0 /        0 )  0.00
       gcomp_tim         0  (        0 /        0 )  0.00
  inv_pair_2_buf         0  (        0 /        0 )  0.00

 init_drc                    279        0         0         0        0

           Trick     Calls     Accepts   Attempts    Time(secs) 
-----------------------------------------------------------
          plc_st         0  (        0 /        0 )  0.00
        plc_star         0  (        0 /        0 )  0.00
        drc_bufs         0  (        0 /        0 )  0.00
        drc_fopt         0  (        0 /        0 )  0.00
        drc_bufb         0  (        0 /        0 )  0.00
      simple_buf         0  (        0 /        0 )  0.00
             dup         0  (        0 /        0 )  0.00
       crit_dnsz         0  (        0 /        0 )  0.00
       crit_upsz         0  (        0 /        0 )  0.00


           Trick     Calls     Accepts   Attempts    Time(secs) 
-----------------------------------------------------------
          plc_st         0  (        0 /        0 )  0.00
        plc_star         0  (        0 /        0 )  0.00
        drc_bufs         0  (        0 /        0 )  0.00
        drc_fopt         0  (        0 /        0 )  0.00
        drc_bufb         0  (        0 /        0 )  0.00
      simple_buf         0  (        0 /        0 )  0.00
             dup         0  (        0 /        0 )  0.00
       crit_dnsz         0  (        0 /        0 )  0.00
       crit_upsz         0  (        0 /        0 )  0.00


           Trick     Calls     Accepts   Attempts    Time(secs) 
-----------------------------------------------------------
          plc_st         0  (        0 /        0 )  0.00
        plc_star         0  (        0 /        0 )  0.00
        drc_bufs         0  (        0 /        0 )  0.00
        drc_fopt         0  (        0 /        0 )  0.00
        drc_bufb         0  (        0 /        0 )  0.00
             dup         0  (        0 /        0 )  0.00
       crit_dnsz         0  (        0 /        0 )  0.00
       crit_upsz         0  (        0 /        0 )  0.00

 init_area                   279        0         0         0        0

           Trick     Calls     Accepts   Attempts    Time(secs) 
-----------------------------------------------------------
           undup         0  (        0 /        0 )  0.00
         rem_buf         0  (        0 /        0 )  0.00
         rem_inv         0  (        0 /        0 )  0.00
        merge_bi         0  (        0 /        0 )  0.00
      rem_inv_qb         0  (        0 /        0 )  0.00
        io_phase         0  (        0 /        0 )  0.00
       gate_comp         1  (        0 /        0 )  0.01
       gcomp_mog         0  (        0 /        0 )  0.00
       glob_area         7  (        0 /        7 )  0.00
       area_down         0  (        0 /        0 )  0.00
      size_n_buf         0  (        0 /        0 )  0.00
  gate_deco_area         0  (        0 /        0 )  0.00

==================================
Stage : incr_opt 
==================================
  =================
   Message Summary
  =================
-------------------------------------------------------------------
|  Id   |Sev |Count|                 Message Text                 |
-------------------------------------------------------------------
|CFM-1  |Info|    1|Wrote dofile.                                 |
|CFM-5  |Info|    1|Wrote formal verification information.        |
|PA-7   |Info|    4|Resetting power analysis results.             |
|       |    |     |All computed switching activities are removed.|
|SYNTH-5|Info|    1|Done mapping.                                 |
|SYNTH-7|Info|    1|Incrementally optimizing.                     |
-------------------------------------------------------------------
Info    : Done incrementally optimizing. [SYNTH-8]
        : Done incrementally optimizing 'watch'.
      flow.cputime  flow.realtime  timing.setup.tns  timing.setup.wns  snapshot
UM:*                                                                   syn_opt
@file(my_syn.tcl) 17: report_timing > ./reports/timing.rpt
@file(my_syn.tcl) 18: report_power > ./reports/power.rpt
Info    : Joules engine is used. [RPT-16]
        : Joules engine is being used for the command report_power.
Info   : ACTP-0001 [ACTPInfo] Activity propagation started for stim#0 netlist
       : watch
Info   : ACTP-0009 [ACTPInfo] Activity Propagation Progress Report :   0%   1%   2%   3%   4%   5%   6%   7%   8%   9%  10%  11%  12%  13%  14%  15%  16%  17%  18%  19%  20%  21%  22%  23%  24%  25%  26%  27%  28%  29%  30%  31%  32%  33%  34%  35%  36%  37%  38%  39%  40%  41%  42%  43%  44%  45%  46%  47%  48%  49%  50%  51%  52%  53%  54%  55%  56%  57%  58%  59%  60%  61%  62%  63%  64%  65%  66%  67%  68%  69%  70%  71%  72%  73%  74%  75%  76%  77%  78%  79%  80%  81%  82%  83%  84%  85%  86%  87%  88%  89%  90%  91%  92%  93%  94%  95%  96%  97%  98%  99% 100%
Info   : ACTP-0001 Activity propagation ended for stim#0
Info   : PWRA-0001 [PwrInfo] compute_power effective options 
       : -mode : vectorless
       : -skip_propagation : 1
       : -frequency_scaling_factor : 1.0
       : -use_clock_freq : stim
       : -stim :/stim#0
       : -fromGenus : 1
Info   : ACTP-0001 Timing initialization started
Info   : ACTP-0001 Timing initialization ended
Info   : PWRA-0002 [PwrInfo] Skipping activity propagation due to -skip_ap
       : option....
Warning: PWRA-0302 [PwrWarn] Frequency scaling is not applicable for vectorless
       : flow. Ignoring frequency scaling.
Warning: PWRA-0304 [PwrWarn] -stim option is not applicable with vectorless mode
       : of power analysis, ignored this option.
Info   : PWRA-0002 Started 'vectorless' power computation.
Info   : PWRA-0002 Finished power computation.
Info   : PWRA-0007 [PwrInfo] Completed successfully.
       : Info=6, Warn=2, Error=0, Fatal=0
Output file: ./reports/power.rpt
@file(my_syn.tcl) 19: report_area > ./reports/area.rpt
@file(my_syn.tcl) 20: report_qor > ./reports/qor.rpt
@file(my_syn.tcl) 22: write_hdl > ./outputs/watch_netlist.v
@file(my_syn.tcl) 23: write_sdc > ./outputs/watch_final.sdc
Finished SDC export (command execution time mm:ss (real) = 00:00).
#@ End verbose source ./my_syn.tcl
WARNING: This version of the tool is 665 days old.
@genus:root: 2> gui_raise
@genus:root: 3> exit

Lic Summary:
[18:21:37.314744] Cdslmd servers: kopo-seongnam
[18:21:37.314762] Feature usage summary:
[18:21:37.314763] Genus_Synthesis

Normal exit.