
Cadence Innovus(TM) Implementation System.
Copyright 2022 Cadence Design Systems, Inc. All rights reserved worldwide.

Version:	v22.17-s086_1, built Tue Sep 24 10:51:50 PDT 2024
Options:	-stylus 
Date:		Thu Jul  9 06:38:43 2026
Host:		kopo-seongnam (x86_64 w/Linux 3.10.0-1160.el7.x86_64) (20cores*80cpus*Intel(R) Xeon(R) Gold 5218R CPU @ 2.10GHz 28160KB)
OS:		CentOS Linux 7 (Core)

License:
		[06:38:43.158657] Configured Lic search path (22.01-s003): 5280@localhost

		invs	Innovus Implementation System	22.1	Denied
		invsb	Innovus Implementation System Basic	22.1	checkout succeeded
		4 CPU jobs allowed with the current license(s). Use set_multi_cpu_usage to set your required CPU count.


Create and set the environment variable TMPDIR to /home/hah001/Basic_SoC_Implementation/5_APR/7_APR/2_TINY_PROJECT/watch/innovus_temp_46403_9cf18e69-f36f-4e6d-9a55-19e238d760ee_kopo-seongnam_hah001_k2LgwL.

Change the soft stacksize limit to 0.2%RAM (770 mbytes). Set global soft_stack_size_limit to change the value.

**INFO:  MMMC transition support version v31-84 

@innovus 1> set_db init_power_nets VDD
@innovus 2> set_db init_ground_nets VSS
@innovus 3> #################################
read_mmmc sample.view
#################################
#@ Begin verbose source sample.view (pre)
@file 1:
@@file 2: create_library_set -name max_timing\
   -timing /home/hah001/Basic_SoC_Implementation/5_APR/1_LIB/slow_vdd1v0_basicCells.lib
@file 4:
@@file 5: create_library_set -name min_timing\
   -timing /home/hah001/Basic_SoC_Implementation/5_APR/1_LIB/fast_vdd1v0_basicCells.lib
@file 7:
@@file 8: create_timing_condition -name default_mapping_tc_2\
   -library_sets min_timing
@@file 10: create_timing_condition -name default_mapping_tc_1\
   -library_sets max_timing
@file 12:
@@file 13: create_rc_corner -name rccorners\
   -cap_table /home/hah001/Basic_SoC_Implementation/5_APR/4_CAP_TABLE/cln28hpl_1p10m+alrdl_5x2yu2yz_typical.capTbl\
   -pre_route_res 1\
   -post_route_res 1\
   -pre_route_cap 1\
   -post_route_cap 1\
   -post_route_cross_cap 1\
   -pre_route_clock_res 0\
   -pre_route_clock_cap 0\
   -qrc_tech /home/hah001/Basic_SoC_Implementation/5_APR/5_QRC_TECH/gpdk045.tch
@file 23:
@@file 24: create_delay_corner -name max_delay\
   -timing_condition {default_mapping_tc_1}\
   -rc_corner rccorners
@@file 27: create_delay_corner -name min_delay\
   -timing_condition {default_mapping_tc_2}\
   -rc_corner rccorners
@file 30:
@@file 31: create_constraint_mode -name sdc_cons\
   -sdc_files\
    /home/hah001/Basic_SoC_Implementation/5_APR/2_CONSTRAINTS/2_TINY_PROJECT/watch/watch_final.sdc
@file 34:
@@file 35: create_analysis_view -name wc -constraint_mode sdc_cons -delay_corner max_delay
@@file 36: create_analysis_view -name bc -constraint_mode sdc_cons -delay_corner min_delay
@file 37:
@@file 38: set_analysis_view -setup wc -hold bc
@file 39:
@file 40:
#@ End verbose source sample.view
Reading max_timing timing library '/home/hah001/Basic_SoC_Implementation/5_APR/1_LIB/slow_vdd1v0_basicCells.lib' ...
**WARN: (TECHLIB-302):	No function defined for cell 'ANTENNA'. The cell will only be used for analysis. (File /home/hah001/Basic_SoC_Implementation/5_APR/1_LIB/slow_vdd1v0_basicCells.lib)
Read 480 cells in library 'slow_vdd1v0' 
Reading min_timing timing library '/home/hah001/Basic_SoC_Implementation/5_APR/1_LIB/fast_vdd1v0_basicCells.lib' ...
**WARN: (TECHLIB-302):	No function defined for cell 'ANTENNA'. The cell will only be used for analysis. (File /home/hah001/Basic_SoC_Implementation/5_APR/1_LIB/fast_vdd1v0_basicCells.lib)
Read 480 cells in library 'fast_vdd1v0' 
#################################
read_physical -lef {../../../3_LEF/gsclib045_tech.lef ../../../3_LEF/gsclib045_macro.lef}
#################################

Loading LEF file ../../../3_LEF/gsclib045_tech.lef ...
Set DBUPerIGU to M2 pitch 400.

Loading LEF file ../../../3_LEF/gsclib045_macro.lef ...
**WARN: (IMPLF-200):	Pin 'A' in macro 'ANTENNA' has no ANTENNAGATEAREA value defined. The library data is incomplete and some process antenna rules will not be checked correctly.
Type 'man IMPLF-200' for more detail.

##  Check design process and node:  
##  Both design process and tech node are not set.

#################################
read_netlist ../../../6_GLN/2_TINY_PROJECT/watch/watch_netlist.v
#################################
#% Begin Load netlist data ... (date=07/09 06:40:05, mem=1369.7M)
*** Begin netlist parsing (mem=1639.1M) ***
Created 480 new cells from 2 timing libraries.
Reading netlist ...
Backslashed names will retain backslash and a trailing blank character.
Reading verilog netlist '../../../6_GLN/2_TINY_PROJECT/watch/watch_netlist.v'

*** Memory Usage v#1 (Current mem = 1642.094M, initial mem = 654.375M) ***
*** End netlist parsing (cpu=0:00:00.0, real=0:00:00.0, mem=1642.1M) ***
#% End Load netlist data ... (date=07/09 06:40:05, total cpu=0:00:00.0, real=0:00:00.0, peak res=1380.2M, current mem=1380.2M)
Top level cell is watch.
Hooked 960 DB cells to tlib cells.
Starting recursive module instantiation check.
No recursion found.
Building hierarchical netlist for Cell watch ...
***** UseNewTieNetMode *****.
*** Netlist is unique.
** info: there are 1055 modules.
** info: there are 93 stdCell insts.
** info: there are 93 stdCell insts with at least one signal pin.

*** Memory Usage v#1 (Current mem = 1706.520M, initial mem = 654.375M) ***
**WARN: (IMPFP-3961):	The techSite 'CornerSite' has no related standard cells in the LEF/OA library. The calculations for this site type cannot be made unless standard cell models of this type exist in the LEF/OA library. Ignore this warning if the SITE is not used by the library. Alternatively, remove the SITE definition for the LEF/OA library to avoid this message.
Type 'man IMPFP-3961' for more detail.
**WARN: (IMPFP-3961):	The techSite 'IOSite' has no related standard cells in the LEF/OA library. The calculations for this site type cannot be made unless standard cell models of this type exist in the LEF/OA library. Ignore this warning if the SITE is not used by the library. Alternatively, remove the SITE definition for the LEF/OA library to avoid this message.
Type 'man IMPFP-3961' for more detail.
Start create_tracks
Extraction setup Started 
Initializing multi-corner RC extraction with 1 active RC Corners ...
**WARN: (IMPEXT-6202):	In addition to the technology file, the capacitance table file is specified for all the RC corners. If the technology file  is already specified for all the RC corners, the capacitance table file is not required for pre_route and post_route extraction. In a new session, the capacitance table files can be removed from the create_rc_corner command to enable the technology file to be used for pre_route and post_route (effort level medium/high/signoff) extraction engines.
Type 'man IMPEXT-6202' for more detail.
Reading Capacitance Table File /home/hah001/Basic_SoC_Implementation/5_APR/4_CAP_TABLE/cln28hpl_1p10m+alrdl_5x2yu2yz_typical.capTbl ...
Cap table was created using Encounter 10.10-b056_1.
Process name: cln28hpl_1p10m+alrdl_5x2yu2yz_typical.
Set Shrink Factor to 0.90000
Importing multi-corner RC tables ... 
Summary of Active RC-Corners : 
 
 Analysis View: wc
    RC-Corner Name        : rccorners
    RC-Corner Index       : 0
    RC-Corner Temperature : 25 Celsius
    RC-Corner Cap Table   : '/home/hah001/Basic_SoC_Implementation/5_APR/4_CAP_TABLE/cln28hpl_1p10m+alrdl_5x2yu2yz_typical.capTbl'
    RC-Corner PreRoute Res Factor         : 1
    RC-Corner PreRoute Cap Factor         : 1
    RC-Corner PostRoute Res Factor        : 1 {1 1 1}
    RC-Corner PostRoute Cap Factor        : 1 {1 1 1}
    RC-Corner PostRoute XCap Factor       : 1 {1 1 1}
    RC-Corner PreRoute Clock Res Factor   : 1	[Derived from postRoute_res (effortLevel low)]
    RC-Corner PreRoute Clock Cap Factor   : 1	[Derived from postRoute_cap (effortLevel low)]
    RC-Corner PostRoute Clock Cap Factor  : 1 {1 1 1} 	[Derived from postRoute_cap (effortLevel low)]
    RC-Corner PostRoute Clock Res Factor  : 1 {1 1 1} 	[Derived from postRoute_res (effortLevel low)]
    RC-Corner PostRoute Clock coupling capacitance Factor : 1 {1 1 1} 
    RC-Corner Technology file: '/home/hah001/Basic_SoC_Implementation/5_APR/5_QRC_TECH/gpdk045.tch'
 
 Analysis View: bc
    RC-Corner Name        : rccorners
    RC-Corner Index       : 0
    RC-Corner Temperature : 25 Celsius
    RC-Corner Cap Table   : '/home/hah001/Basic_SoC_Implementation/5_APR/4_CAP_TABLE/cln28hpl_1p10m+alrdl_5x2yu2yz_typical.capTbl'
    RC-Corner PreRoute Res Factor         : 1
    RC-Corner PreRoute Cap Factor         : 1
    RC-Corner PostRoute Res Factor        : 1 {1 1 1}
    RC-Corner PostRoute Cap Factor        : 1 {1 1 1}
    RC-Corner PostRoute XCap Factor       : 1 {1 1 1}
    RC-Corner PreRoute Clock Res Factor   : 1	[Derived from postRoute_res (effortLevel low)]
    RC-Corner PreRoute Clock Cap Factor   : 1	[Derived from postRoute_cap (effortLevel low)]
    RC-Corner PostRoute Clock Cap Factor  : 1 {1 1 1} 	[Derived from postRoute_cap (effortLevel low)]
    RC-Corner PostRoute Clock Res Factor  : 1 {1 1 1} 	[Derived from postRoute_res (effortLevel low)]
    RC-Corner PostRoute Clock coupling capacitance Factor : 1 {1 1 1} 
    RC-Corner Technology file: '/home/hah001/Basic_SoC_Implementation/5_APR/5_QRC_TECH/gpdk045.tch'
Updating RC Grid density data for preRoute extraction ...
Initializing multi-corner capacitance tables ... 
Initializing multi-corner resistance tables ...
Creating RPSQ from WeeR and WRes ...
*Info: initialize multi-corner CTS.
Reading timing constraints file '/home/hah001/Basic_SoC_Implementation/5_APR/2_CONSTRAINTS/2_TINY_PROJECT/watch/watch_final.sdc' ...
Current (total cpu=0:00:41.6, real=0:01:23, peak res=1802.9M, current mem=1802.9M)
**WARN: (TCLCMD-1461):	Skipped unsupported command: set_units (File /home/hah001/Basic_SoC_Implementation/5_APR/2_CONSTRAINTS/2_TINY_PROJECT/watch/watch_final.sdc, Line 9).

**WARN: (TCLCMD-1461):	Skipped unsupported command: set_units (File /home/hah001/Basic_SoC_Implementation/5_APR/2_CONSTRAINTS/2_TINY_PROJECT/watch/watch_final.sdc, Line 10).

watch
INFO (CTE): Reading of timing constraints file /home/hah001/Basic_SoC_Implementation/5_APR/2_CONSTRAINTS/2_TINY_PROJECT/watch/watch_final.sdc completed, with 2 WARNING
Ending "Constraint file reading stats" (total cpu=0:00:00.0, real=0:00:00.0, peak res=1806.8M, current mem=1806.8M)
Current (total cpu=0:00:41.7, real=0:01:23, peak res=1806.8M, current mem=1806.8M)
Total number of combinational cells: 318
Total number of sequential cells: 152
Total number of tristate cells: 10
Total number of level shifter cells: 0
Total number of power gating cells: 0
Total number of isolation cells: 0
Total number of power switch cells: 0
Total number of pulse generator cells: 0
Total number of always on buffers: 0
Total number of retention cells: 0
Total number of physical cells: 0
List of usable buffers: BUFX2 BUFX12 BUFX16 BUFX20 CLKBUFX2 BUFX3 BUFX4 BUFX6 BUFX8 CLKBUFX12 CLKBUFX16 CLKBUFX20 CLKBUFX3 CLKBUFX4 CLKBUFX6 CLKBUFX8
Total number of usable buffers: 16
List of unusable buffers:
Total number of unusable buffers: 0
List of usable inverters: CLKINVX1 CLKINVX2 CLKINVX12 CLKINVX16 CLKINVX20 CLKINVX4 CLKINVX3 CLKINVX6 CLKINVX8 INVX1 INVX2 INVX12 INVX16 INVX20 INVXL INVX3 INVX4 INVX6 INVX8
Total number of usable inverters: 19
List of unusable inverters:
Total number of unusable inverters: 0
List of identified usable delay cells: DLY1X1 DLY1X4 DLY2X1 DLY2X4 DLY3X1 DLY3X4 DLY4X1 DLY4X4
Total number of identified usable delay cells: 8
List of identified unusable delay cells:
Total number of identified unusable delay cells: 0
Adjusting coreMargin left    to finFet grid (PlacementGrid) : after adjusting :2.6
Adjusting coreMargin bottom  to finFet grid (PlacementGrid) : after adjusting :2.66
Adjusting coreMargin right   to finFet grid (PlacementGrid) : after adjusting :2.6
Adjusting coreMargin top     to finFet grid (PlacementGrid) : after adjusting :2.66
Adjusting core size to PlacementGrid : width :78 height : 5.13
**WARN: (IMPFP-3961):	The techSite 'CornerSite' has no related standard cells in the LEF/OA library. The calculations for this site type cannot be made unless standard cell models of this type exist in the LEF/OA library. Ignore this warning if the SITE is not used by the library. Alternatively, remove the SITE definition for the LEF/OA library to avoid this message.
Type 'man IMPFP-3961' for more detail.
**WARN: (IMPFP-3961):	The techSite 'IOSite' has no related standard cells in the LEF/OA library. The calculations for this site type cannot be made unless standard cell models of this type exist in the LEF/OA library. Ignore this warning if the SITE is not used by the library. Alternatively, remove the SITE definition for the LEF/OA library to avoid this message.
Type 'man IMPFP-3961' for more detail.
Start create_tracks
**WARN: (IMPFP-325):	Floorplan of the design is resized. All current create_floorplan objects are automatically derived based on specified new create_floorplan. This may change blocks, fixed standard cells, existing routes and blockages.
@innovus 3> The ring targets are set to core/block ring wires.
add_rings command will consider rows while creating rings.
add_rings command will disallow rings to go over rows.
add_rings command will ignore shorts while creating rings.
The ring targets are set to core/block ring wires.
add_rings command will consider rows while creating rings.
add_rings command will disallow rings to go over rows.
add_rings command will ignore shorts while creating rings.


viaInitial starts at Thu Jul  9 06:41:49 2026
viaInitial ends at Thu Jul  9 06:41:49 2026
Loading cell geometries (cpu: 0:00:00.0, real: 0:00:00.0, peak mem: 2823.0M)
**WARN: (IMPPP-193):	The currently specified top spacing 0.200000  might create min enclosed area violation. The required min enclosed area for layer Metal11 is 0.110000. If violation happens, increase the spacing to around 0.381662. The recommended spacing is the square root of min enclosure area.
**WARN: (IMPPP-193):	The currently specified bottom spacing 0.200000  might create min enclosed area violation. The required min enclosed area for layer Metal11 is 0.110000. If violation happens, increase the spacing to around 0.381662. The recommended spacing is the square root of min enclosure area.
**WARN: (IMPPP-193):	The currently specified left spacing 0.200000  might create min enclosed area violation. The required min enclosed area for layer Metal10 is 0.110000. If violation happens, increase the spacing to around 0.381662. The recommended spacing is the square root of min enclosure area.
**WARN: (IMPPP-193):	The currently specified right spacing 0.200000  might create min enclosed area violation. The required min enclosed area for layer Metal10 is 0.110000. If violation happens, increase the spacing to around 0.381662. The recommended spacing is the square root of min enclosure area.
Ring generation is complete.
vias are now being generated.
add_rings created 8 wires.
ViaGen created 8 vias, deleted 0 via to avoid violation.
+--------+----------------+----------------+
|  Layer |     Created    |     Deleted    |
+--------+----------------+----------------+
| Metal10|        4       |       NA       |
|  Via10 |        8       |        0       |
| Metal11|        4       |       NA       |
+--------+----------------+----------------+
@innovus 3> add_stripes will allow jog to connect padcore ring and block ring.

Stripes will stop at the boundary of the specified area.
When breaking rings, the power planner will consider the existence of blocks.
Stripes will not extend to closest target.
The power planner will set stripe antenna targets to none (no trimming allowed).
Stripes will not be created over regions without power planning wires.
The entire stripe set will break at the domain if one of the nets is not in the domain.
add_stripes will break automatically at non-default domains when generating global stripes over the core area or default domain.
Offset for stripe breaking is set to 0.
add_stripes will allow jog to connect padcore ring and block ring.

Stripes will stop at the boundary of the specified area.
When breaking rings, the power planner will consider the existence of blocks.
Stripes will not extend to closest target.
The power planner will set stripe antenna targets to none (no trimming allowed).
Stripes will not be created over regions without power planning wires.
The entire stripe set will break at the domain if one of the nets is not in the domain.
add_stripes will break automatically at non-default domains when generating global stripes over the core area or default domain.
Offset for stripe breaking is set to 0.

Initialize fgc environment(mem: 2827.7M) ...  fail and won't use fgc to check drc(cpu: 0:00:00.0, real: 0:00:00.0, peak mem: 2827.7M)
Loading cell geometries (cpu: 0:00:00.0, real: 0:00:00.0, peak mem: 2827.7M)
Loading wires (cpu: 0:00:00.0, real: 0:00:00.0, peak mem: 2827.7M)
Loading via instances (cpu: 0:00:00.0, real: 0:00:00.0, peak mem: 2827.7M)
**WARN: (IMPPP-193):	The currently specified  spacing 0.200000 in -spacing option might create min enclosed area violation. The required min enclosed area for layer Metal10 is 0.110000. If violation happens, increase the spacing to around 0.381662. The recommended spacing is the square root of min enclosure area.
Starting stripe generation ...
Non-Default Mode Option Settings :
  NONE
Completing 10% stripe generation(cpu: 0:00:00.0, real: 0:00:00.0, peak mem: 2827.7M)
Completing 20% stripe generation(cpu: 0:00:00.0, real: 0:00:00.0, peak mem: 2827.7M)
Completing 30% stripe generation(cpu: 0:00:00.0, real: 0:00:00.0, peak mem: 2827.7M)
Completing 40% stripe generation(cpu: 0:00:00.0, real: 0:00:00.0, peak mem: 2827.7M)
Completing 50% stripe generation(cpu: 0:00:00.0, real: 0:00:00.0, peak mem: 2827.7M)
Completing 60% stripe generation(cpu: 0:00:00.0, real: 0:00:00.0, peak mem: 2827.7M)
Completing 70% stripe generation(cpu: 0:00:00.0, real: 0:00:00.0, peak mem: 2827.7M)
Completing 80% stripe generation(cpu: 0:00:00.0, real: 0:00:00.0, peak mem: 2827.7M)
Completing 90% stripe generation(cpu: 0:00:00.0, real: 0:00:00.0, peak mem: 2827.7M)
Completing 100% stripe generation(cpu: 0:00:00.0, real: 0:00:00.0, peak mem: 2827.7M)
Stripe generation is complete.
vias are now being generated.
add_stripes created 32 wires.
ViaGen created 64 vias, deleted 0 via to avoid violation.
+--------+----------------+----------------+
|  Layer |     Created    |     Deleted    |
+--------+----------------+----------------+
| Metal10|       32       |       NA       |
|  Via10 |       64       |        0       |
+--------+----------------+----------------+
@innovus 3> connect_glbobal_net VDD -type pg_pin -pin VDD -inst_base_name *

invalid command name "connect_glbobal_net"
invalid command name "connect_glbobal_net"
@innovus 4> connect_global_net VDD -type pg_pin -pin VDD -inst_base_name *
@innovus 5> connect_global_net VSS -type pg_pin -pin VSS -inst_base_name *
[40C
@innovus 6> set_db route_special_via_connect_to_shape { noshape }
@innovus 7> route_special -connect {core_pin} -layer_change_range { Metal1(1) Metal11(11) } -block_pin_target {nearest_target} -core_pin_target {first_after_row_end} -allow_jogging 1 -crossover_via_layer_range { Metal1(1) Metal11(11) } -allow_layer_change 1 -target_via_layer_range { Metal1(1) Metal11(11) }
#% Begin route_special (date=07/09 06:43:54, mem=2088.3M)
**WARN: (IMPSR-4058):	Route_special option: blockPinTarget should be used in conjunction with option: -connect blockPin. 
*** Begin SPECIAL ROUTE on Thu Jul  9 06:43:54 2026 ***
SPECIAL ROUTE ran on directory: /home/hah001/Basic_SoC_Implementation/5_APR/7_APR/2_TINY_PROJECT/watch
SPECIAL ROUTE ran on machine: kopo-seongnam (Linux 3.10.0-1160.el7.x86_64 Xeon 800Mhz)

Begin option processing ...
srouteConnectPowerBump set to false
routeSpecial set to true
srouteBottomLayerLimit set to 1
srouteBottomTargetLayerLimit set to 1
srouteConnectBlockPin set to false
srouteConnectConverterPin set to false
srouteConnectPadPin set to false
srouteConnectStripe set to false
srouteCrossoverViaBottomLayer set to 1
srouteCrossoverViaTopLayer set to 11
srouteFollowCorePinEnd set to 3
srouteFollowPadPin set to false
srouteJogControl set to "preferWithChanges differentLayer"
srouteNoViaOnWireShape set to "padring ring stripe blockring blockpin coverpin blockwire corewire followpin iowire"
sroutePadPinAllPorts set to true
sroutePreserveExistingRoutes set to true
srouteRoutePowerBarPortOnBothDir set to true
srouteStopBlockPin set to "nearestTarget"
srouteTopLayerLimit set to 11
srouteTopTargetLayerLimit set to 11
End option processing: cpu: 0:00:00, real: 0:00:00, peak: 182.00 megs.

Reading DB technology information...
Finished reading DB technology information.
Reading floorplan and netlist information...
Finished reading floorplan and netlist information.
**WARN: (IMPSR-4302):	Cap-table/qrcTechFile is found in the design, so the same information from the technology file will be ignored.
Read in 24 layers, 11 routing layers, 1 overlap layer
Read in 2 nondefault rules, 0 used
Read in 574 macros, 23 used
Read in 23 components
  23 core components: 23 unplaced, 0 placed, 0 fixed
Read in 26 logical pins
Read in 26 nets
Read in 2 special nets, 2 routed
Read in 46 terminals
Begin power routing ...
CPU time for VDD FollowPin 0 seconds
CPU time for VSS FollowPin 0 seconds
  Number of Core ports routed: 8
  Number of Followpin connections: 4
End power routing: cpu: 0:00:00, real: 0:00:01, peak: 243.00 megs.



 Begin updating DB with routing results ...
 Updating DB with 0 via definition ...Extracting standard cell pins and blockage ...... 
Pin and blockage extraction finished

route_special created 12 wires.
ViaGen created 72 vias, deleted 0 via to avoid violation.
+--------+----------------+----------------+
|  Layer |     Created    |     Deleted    |
+--------+----------------+----------------+
| Metal1 |       12       |       NA       |
|  Via1  |        8       |        0       |
|  Via2  |        8       |        0       |
|  Via3  |        8       |        0       |
|  Via4  |        8       |        0       |
|  Via5  |        8       |        0       |
|  Via6  |        8       |        0       |
|  Via7  |        8       |        0       |
|  Via8  |        8       |        0       |
|  Via9  |        8       |        0       |
+--------+----------------+----------------+
#% End route_special (date=07/09 06:43:55, total cpu=0:00:00.6, real=0:00:01.0, peak res=2153.8M, current mem=2140.2M)
@innovus 8> set_db place_design_floorplan_mode false
@innovus 9> place_design 
*** placeDesign #1 [begin] () : totSession cpu/real = 0:01:02.0/0:05:28.6 (0.2), mem = 2886.2M
**ERROR: (IMPSP-9099):	Scan chains exist in this design but are not defined for 11.54% flops. Placement and timing QoR can be severely impacted in this case!
It is highly recommend to define scan chains either through input scan def (preferred) or create_scan_chain.
*** Starting place_design default flow ***
*** Start delete_buffer_trees ***
Info: Detect buffers to remove automatically.
Analyzing netlist ...
Updating netlist

*summary: 0 instances (buffers/inverters) removed
*** Finish delete_buffer_trees (0:00:00.1) ***
**INFO: Enable pre-place timing setting for timing analysis
Set Using Default Delay Limit as 101.
**WARN: (IMPDC-1629):	The default delay limit was set to 101. This is less than the default of 1000 and may result in inaccurate delay calculation for nets with a fanout higher than the setting.  If needed, the default delay limit may be adjusted by running the command 'set delaycal_use_default_delay_limit'.
Set Default Net Delay as 0 ps.
Set Default Net Load as 0 pF. 
Set Default Input Pin Transition as 1 ps.
**INFO: Analyzing IO path groups for slack adjustment
Effort level <high> specified for reg2reg_tmp.46403 path_group
AAE_INFO: opIsDesignInPostRouteState() is 0
AAE DB initialization (MEM=2956.68 CPU=0:00:00.0 REAL=0:00:00.0) 
#################################################################################
# Design Stage: PreRoute
# Design Name: watch
# Design Mode: 90nm
# Analysis Mode: MMMC Non-OCV 
# Parasitics Mode: No SPEF/RCDB 
# Signoff Settings: SI Off 
#################################################################################
Calculate delays in BcWc mode...
Start delay calculation (fullDC) (1 T). (MEM=2981.5)
Total number of fetched objects 99
AAE_INFO: Total number of nets for which stage creation was skipped for all views 0
End delay calculation. (MEM=3405.89 CPU=0:00:00.1 REAL=0:00:00.0)
End delay calculation (fullDC). (MEM=3097.89 CPU=0:00:00.3 REAL=0:00:00.0)
**INFO: Disable pre-place timing setting for timing analysis
Set Using Default Delay Limit as 1000.
Set Default Net Delay as 1000 ps.
Set Default Input Pin Transition as 0.1 ps.
Set Default Net Load as 0.5 pF. 
**INFO: Pre-place timing setting for timing analysis already disabled
Deleted 0 physical inst  (cell - / prefix -).
INFO: #ExclusiveGroups=0
INFO: There are no Exclusive Groups.
*** Starting "NanoPlace(TM) placement v#6 (mem=3088.4M)" ...
Estimated loop count for BSM: 26272
*** Build Buffered Sizing Timing Model
(cpu=0:00:01.1 mem=3096.4M) ***
*** Build Virtual Sizing Timing Model
(cpu=0:00:01.2 mem=3096.4M) ***
No user-set net weight.
Net fanout histogram:
2		: 40 (40.4%) nets
3		: 17 (17.2%) nets
4     -	14	: 40 (40.4%) nets
15    -	39	: 2 (2.0%) nets
40    -	79	: 0 (0.0%) nets
80    -	159	: 0 (0.0%) nets
160   -	319	: 0 (0.0%) nets
320   -	639	: 0 (0.0%) nets
640   -	1279	: 0 (0.0%) nets
1280  -	2559	: 0 (0.0%) nets
2560  -	5119	: 0 (0.0%) nets
5120+		: 0 (0.0%) nets
Options: timingDriven clkGateAware ignoreScan pinGuide congEffort=auto gpeffort=medium 
Scan chains were not defined.
#std cell=93 (0 fixed + 93 movable) #buf cell=0 #inv cell=8 #block=0 (0 floating + 0 preplaced)
#ioInst=0 #net=99 #term=386 #term/net=3.90, #fixedIo=0, #floatIo=0, #fixedPin=0, #floatPin=26
stdCell: 93 single + 0 double + 0 multi
Total standard cell length = 0.1634 (mm), area = 0.0003 (mm^2)
Estimated cell power/ground rail width = 0.160 um
Average module density = 0.698.
Density for the design = 0.698.
       = stdcell_area 817 sites (279 um^2) / alloc_area 1170 sites (400 um^2).
Pin Density = 0.3299.
            = total # of pins 386 / total area 1170.
=== lastAutoLevel = 7 
[spp] 0
Clock gating cells determined by native netlist tracing.
Iteration  1: Total net bbox = 0.000e+00 (0.00e+00 0.00e+00)
              Est.  stn bbox = 0.000e+00 (0.00e+00 0.00e+00)
              cpu = 0:00:00.0 real = 0:00:00.0 mem = 3239.1M
Iteration  2: Total net bbox = 0.000e+00 (0.00e+00 0.00e+00)
              Est.  stn bbox = 0.000e+00 (0.00e+00 0.00e+00)
              cpu = 0:00:00.0 real = 0:00:00.0 mem = 3239.1M
Iteration  3: Total net bbox = 3.239e+00 (2.74e+00 4.96e-01)
              Est.  stn bbox = 3.988e+00 (3.45e+00 5.41e-01)
              cpu = 0:00:00.0 real = 0:00:00.0 mem = 3256.5M
Active setup views:
    wc
Iteration  4: Total net bbox = 1.838e+02 (1.84e+02 1.75e-01)
              Est.  stn bbox = 2.662e+02 (2.66e+02 2.03e-01)
              cpu = 0:00:00.1 real = 0:00:00.0 mem = 3256.5M
Iteration  5: Total net bbox = 3.092e+02 (3.09e+02 8.06e-02)
              Est.  stn bbox = 4.366e+02 (4.36e+02 8.75e-02)
              cpu = 0:00:00.1 real = 0:00:00.0 mem = 3256.5M
Iteration  6: Total net bbox = 1.549e+03 (1.37e+03 1.76e+02)
              Est.  stn bbox = 1.841e+03 (1.64e+03 2.03e+02)
              cpu = 0:00:00.2 real = 0:00:01.0 mem = 3256.5M
*** cost = 1.549e+03 (1.37e+03 1.76e+02) (cpu for global=0:00:00.2) real=0:00:01.0***
Info: 0 clock gating cells identified, 0 (on average) moved 0/1
Solver runtime cpu: 0:00:00.2 real: 0:00:00.2
Core Placement runtime cpu: 0:00:00.2 real: 0:00:01.0
Begin: Reorder Scan Chains
**WARN: (IMPSP-9025):	No scan chain specified/traced.
Type 'man IMPSP-9025' for more detail.
End: Reorder Scan Chains
*** Starting place_detail (0:01:05 mem=3256.5M) ***
Total net bbox length = 1.549e+03 (1.373e+03 1.761e+02) (ext = 1.121e+03)
Max route layer is changed from 127 to 11 because there is no routing track above this layer
Max route layer is changed from 127 to 11 because there is no routing track above this layer
Max route layer is changed from 127 to 11 because there is no routing track above this layer
Max route layer is changed from 127 to 11 because there is no routing track above this layer
Move report: Detail placement moves 93 insts, mean move: 1.89 um, max move: 5.00 um 
	Max move on inst (min_bcd10_reg[3]): (33.24, 4.44) --> (36.60, 6.08)
	Runtime: CPU: 0:00:00.1 REAL: 0:00:00.0 MEM: 3300.5MB
Summary Report:
Instances move: 93 (out of 93 movable)
Instances flipped: 0
Mean displacement: 1.89 um
Max displacement: 5.00 um (Instance: min_bcd10_reg[3]) (33.245, 4.4385) -> (36.6, 6.08)
	Length: 18 sites, height: 1 rows, site name: CoreSite, cell type: DFFRHQX1
Total net bbox length = 1.721e+03 (1.455e+03 2.658e+02) (ext = 1.078e+03)
Runtime: CPU: 0:00:00.1 REAL: 0:00:00.0 MEM: 3300.5MB
*** Finished place_detail (0:01:05 mem=3300.5M) ***
*** End of Placement (cpu=0:00:01.9, real=0:00:02.0, mem=3297.5M) ***
default core: bins with density > 0.750 = 20.00 % ( 1 / 5 )
Density distribution unevenness ratio = 3.711%
*** Free Virtual Timing Model ...(mem=3297.5M)
UM:   flow.cputime  flow.realtime  timing.setup.tns  timing.setup.wns  snapshot
UM:*                                                                   final
      flow.cputime  flow.realtime  timing.setup.tns  timing.setup.wns  snapshot
UM:*                                                                   global_place
**INFO: Enable pre-place timing setting for timing analysis
Set Using Default Delay Limit as 101.
**WARN: (IMPDC-1629):	The default delay limit was set to 101. This is less than the default of 1000 and may result in inaccurate delay calculation for nets with a fanout higher than the setting.  If needed, the default delay limit may be adjusted by running the command 'set delaycal_use_default_delay_limit'.
Set Default Net Delay as 0 ps.
Set Default Net Load as 0 pF. 
**INFO: Analyzing IO path groups for slack adjustment
Effort level <high> specified for reg2reg_tmp.46403 path_group
AAE_INFO: opIsDesignInPostRouteState() is 0
#################################################################################
# Design Stage: PreRoute
# Design Name: watch
# Design Mode: 90nm
# Analysis Mode: MMMC Non-OCV 
# Parasitics Mode: No SPEF/RCDB 
# Signoff Settings: SI Off 
#################################################################################
Calculate delays in BcWc mode...
Start delay calculation (fullDC) (1 T). (MEM=3297.47)
Total number of fetched objects 99
AAE_INFO: Total number of nets for which stage creation was skipped for all views 0
End delay calculation. (MEM=3335.62 CPU=0:00:00.0 REAL=0:00:00.0)
End delay calculation (fullDC). (MEM=3335.62 CPU=0:00:00.1 REAL=0:00:00.0)
**INFO: Disable pre-place timing setting for timing analysis
Set Using Default Delay Limit as 1000.
Set Default Net Delay as 1000 ps.
Set Default Net Load as 0.5 pF. 
Info: Disable timing driven in postCTS congRepair.

Starting congRepair ...
Max route layer is changed from 127 to 11 because there is no routing track above this layer
Max route layer is changed from 127 to 11 because there is no routing track above this layer
[NR-eGR] Early global route reroute all routable nets
[NR-eGR] Track table information for default rule: 
[NR-eGR] Metal1 has single uniform track structure
[NR-eGR] Metal2 has single uniform track structure
[NR-eGR] Metal3 has single uniform track structure
[NR-eGR] Metal4 has single uniform track structure
[NR-eGR] Metal5 has single uniform track structure
[NR-eGR] Metal6 has single uniform track structure
[NR-eGR] Metal7 has single uniform track structure
[NR-eGR] Metal8 has single uniform track structure
[NR-eGR] Metal9 has single uniform track structure
[NR-eGR] Metal10 has single uniform track structure
[NR-eGR] Metal11 has single uniform track structure
[NR-eGR] Read 320 PG shapes
[NR-eGR] Read 0 clock shapes
[NR-eGR] Read 0 other shapes
[NR-eGR] #Routing Blockages  : 0
[NR-eGR] #Bump Blockages     : 0
[NR-eGR] #Instance Blockages : 0
[NR-eGR] #PG Blockages       : 320
[NR-eGR] #Halo Blockages     : 0
[NR-eGR] #Boundary Blockages : 0
[NR-eGR] #Clock Blockages    : 0
[NR-eGR] #Other Blockages    : 0
[NR-eGR] Num Prerouted Nets = 0  Num Prerouted Wires = 0
[NR-eGR] Read 99 nets ( ignored 0 )
[NR-eGR] There are 1 clock nets ( 0 with NDR ).
[NR-eGR] ============ Routing rule table ============
[NR-eGR] Rule id: 0  Rule name: (Default)  Nets: 99
[NR-eGR] ========================================
[NR-eGR] 
[NR-eGR] Layer group 1: route 99 net(s) in layer range [2, 11]
[NR-eGR] Early Global Route overflow of layer group 1: 0.00% H + 0.00% V. EstWL: 7.045200e+02um
[NR-eGR] Congestion Analysis By layer: (blocked Gcells are excluded) 
[NR-eGR]                        OverCon            
[NR-eGR]                         #Gcell     %Gcell
[NR-eGR]        Layer             (1-0)    OverCon
[NR-eGR] ----------------------------------------------
[NR-eGR]  Metal1 ( 1)         0( 0.00%)   ( 0.00%) 
[NR-eGR]  Metal2 ( 2)         0( 0.00%)   ( 0.00%) 
[NR-eGR]  Metal3 ( 3)         0( 0.00%)   ( 0.00%) 
[NR-eGR]  Metal4 ( 4)         0( 0.00%)   ( 0.00%) 
[NR-eGR]  Metal5 ( 5)         0( 0.00%)   ( 0.00%) 
[NR-eGR]  Metal6 ( 6)         0( 0.00%)   ( 0.00%) 
[NR-eGR]  Metal7 ( 7)         0( 0.00%)   ( 0.00%) 
[NR-eGR]  Metal8 ( 8)         0( 0.00%)   ( 0.00%) 
[NR-eGR]  Metal9 ( 9)         0( 0.00%)   ( 0.00%) 
[NR-eGR] Metal10 (10)         0( 0.00%)   ( 0.00%) 
[NR-eGR] Metal11 (11)         0( 0.00%)   ( 0.00%) 
[NR-eGR] ----------------------------------------------
[NR-eGR]        Total         0( 0.00%)   ( 0.00%) 
[NR-eGR] 
[NR-eGR] Overflow after Early Global Route 0.00% H + 0.00% V
[NR-eGR] Finished Early Global Route kernel ( CPU: 0.10 sec, Real: 0.12 sec, Curr Mem: 3.13 MB )
Early Global Route congestion estimation runtime: 0.13 seconds, mem = 3261.1M
Local HotSpot Analysis: normalized max congestion hotspot area = 0.00, normalized total congestion hotspot area = 0.00 (area is in unit of 4 std-cell row bins)
Skipped repairing congestion.
[NR-eGR] Connected 0 must-join pins/ports (post-process)
[NR-eGR] Total eGR-routed clock nets wire length: 112um, number of vias: 71
[NR-eGR] --------------------------------------------------------------------------
[NR-eGR]                  Length (um)  Vias 
[NR-eGR] -----------------------------------
[NR-eGR]  Metal1   (1H)             0   360 
[NR-eGR]  Metal2   (2V)           270   481 
[NR-eGR]  Metal3   (3H)           497    25 
[NR-eGR]  Metal4   (4V)            20     6 
[NR-eGR]  Metal5   (5H)             8     0 
[NR-eGR]  Metal6   (6V)             0     0 
[NR-eGR]  Metal7   (7H)             0     0 
[NR-eGR]  Metal8   (8V)             0     0 
[NR-eGR]  Metal9   (9H)             0     0 
[NR-eGR]  Metal10  (10V)            0     0 
[NR-eGR]  Metal11  (11H)            0     0 
[NR-eGR] -----------------------------------
[NR-eGR]           Total          795   872 
[NR-eGR] --------------------------------------------------------------------------
[NR-eGR] Total half perimeter of net bounding box: 1721um
[NR-eGR] Total length: 795um, number of vias: 872
[NR-eGR] --------------------------------------------------------------------------
Max route layer is changed from 127 to 11 because there is no routing track above this layer
Early Global Route wiring runtime: 0.04 seconds, mem = 3277.1M
Tdgp not enabled or already been cleared! skip clearing
End of congRepair (cpu=0:00:00.2, real=0:00:00.0)
*** Finishing place_design default flow ***
**ERROR: (IMPSP-9099):	Scan chains exist in this design but are not defined for 11.54% flops. Placement and timing QoR can be severely impacted in this case!
It is highly recommend to define scan chains either through input scan def (preferred) or create_scan_chain.
***** Total cpu  0:0:4
***** Total real time  0:0:5
**place_design ... cpu = 0: 0: 4, real = 0: 0: 5, mem = 3277.1M **
Tdgp not enabled or already been cleared! skip clearing

*** Summary of all messages that are not suppressed in this session:
Severity  ID               Count  Summary                                  
WARNING   IMPDC-1629           2  The default delay limit was set to %d. T...
WARNING   IMPSP-9025           1  No scan chain specified/traced.          
ERROR     IMPSP-9099           2  Scan chains exist in this design but are...
*** Message Summary: 3 warning(s), 2 error(s)

      flow.cputime  flow.realtime  timing.setup.tns  timing.setup.wns  snapshot
UM:*                                                                   final
UM: Running design category ...
      flow.cputime  flow.realtime  timing.setup.tns  timing.setup.wns  snapshot
UM:          65.97            335                                      place_design
*** placeDesign #1 [finish] () : cpu/real = 0:00:04.0/0:00:05.0 (0.8), totSession cpu/real = 0:01:06.0/0:05:33.6 (0.2), mem = 3281.1M
@innovus 10> create_clock_tree_spec

Creating clock tree spec for modes (timing configs): sdc_cons
cts_spec_config_create_generator_skew_groups=true: create_clock_tree_spec will generate skew groups with a name prefix of "_clock_gen" to balance clock generator connected flops with the clock generator they drive.
Reset timing graph...
Ignoring AAE DB Resetting ...
Reset timing graph done.
Ignoring AAE DB Resetting ...
Analyzing clock structure...
Analyzing clock structure done.
Reset timing graph...
Ignoring AAE DB Resetting ...
Reset timing graph done.
Extracting original clock gating for clk...
  clock_tree clk contains 26 sinks and 0 clock gates.
Extracting original clock gating for clk done.
The skew group clk/sdc_cons was created. It contains 26 sinks and 1 sources.
Checking clock tree convergence...
Checking clock tree convergence done.
@innovus 11> ccopt_design

#% Begin ccopt_design (date=07/09 06:44:52, mem=2222.1M)
*** ccopt_design #1 [begin] () : totSession cpu/real = 0:01:08.5/0:06:07.4 (0.2), mem = 3279.8M
Runtime...
**INFO: User's settings:
delaycal_default_net_delay                        1000ps
delaycal_default_net_load                         0.5pf
delaycal_ignore_net_load                          false
delaycal_input_transition_delay                   0.1ps
delaycal_use_default_delay_limit                  1000
setAnalysisMode -cts                              postCTS
setAnalysisMode -virtualIPO                       false
setDelayCalMode -engine                           aae
extract_rc_engine                                 pre_route
opt_preserve_all_sequential                       true
place_design_floorplan_mode                       false
route_extract_third_party_compatible              false
getAnalysisMode -cts                              postCTS
getAnalysisMode -virtualIPO                       false
getDelayCalMode -engine                           aae
getAnalysisMode -cts                              postCTS
getAnalysisMode -virtualIPO                       false
(ccopt_design): CTS Engine: auto. Used Spec: pre-existing CCOPT spec.
Placement constraints of type 'region' or 'fence' will not be downgraded to 'guide' because the attribute cts_change_fences_to_guides has been set to false.
Set place::cacheFPlanSiteMark to 1
'setDesignMode -flowEffort standard' => 'setOptMode -usefulSkewCCOpt standard' 
Using CCOpt effort standard.
Updating ideal nets and annotations...
Reset timing graph...
Ignoring AAE DB Resetting ...
Reset timing graph done.
Ignoring AAE DB Resetting ...
Reset timing graph...
Ignoring AAE DB Resetting ...
Reset timing graph done.
Clock tree spec update: Ideal nets, transition and delay annotations were updated to match active timing constraints.
Updating ideal nets and annotations done. (took cpu=0:00:00.1 real=0:00:00.1)
CCOpt::Phase::Initialization...
Check Prerequisites...
Leaving CCOpt scope - CheckPlace...
Begin checking placement ... (start mem=3300.1M, init mem=3300.1M)
*info: Placed = 93            
*info: Unplaced = 0           
Placement Density:69.82%(279/400)
Placement Density (including fixed std cells):69.82%(279/400)
Finished check_place (total: cpu=0:00:00.0, real=0:00:00.0; vio checks: cpu=0:00:00.0, real=0:00:00.0; mem=3300.1M)
Leaving CCOpt scope - CheckPlace done. (took cpu=0:00:00.0 real=0:00:00.0)
Innovus will update I/O latencies
Found 0 ideal nets, 0 pins with transition annotations, 0 instances with delay annotations, 0 nets with delay annotations, refer to logv for details.

Check Prerequisites done. (took cpu=0:00:00.0 real=0:00:00.0)
CCOpt::Phase::Initialization done. (took cpu=0:00:00.0 real=0:00:00.0)
Executing ccopt post-processing.
Synthesizing clock trees with CCOpt...
*** CTS #1 [begin] (ccopt_design #1) : totSession cpu/real = 0:01:08.6/0:06:07.6 (0.2), mem = 3300.1M
CCOpt::Phase::PreparingToBalance...
Leaving CCOpt scope - Initializing power interface...
Leaving CCOpt scope - Initializing power interface done. (took cpu=0:00:00.0 real=0:00:00.0)
Found 0 advancing pin insertion delay (0.000% of 26 clock tree sinks)
Found 0 delaying pin insertion delay (0.000% of 26 clock tree sinks)
Leaving CCOpt scope - optDesignGlobalRouteStep...
Updating RC Grid density data for preRoute extraction ...
Initializing multi-corner capacitance tables ... 
Initializing multi-corner resistance tables ...
Creating RPSQ from WeeR and WRes ...
Max route layer is changed from 127 to 11 because there is no routing track above this layer
Max route layer is changed from 127 to 11 because there is no routing track above this layer
[NR-eGR] Started Early Global Route kernel ( Curr Mem: 3.15 MB )
[NR-eGR] Early global route reroute all routable nets
[NR-eGR] Track table information for default rule: 
[NR-eGR] Metal1 has single uniform track structure
[NR-eGR] Metal2 has single uniform track structure
[NR-eGR] Metal3 has single uniform track structure
[NR-eGR] Metal4 has single uniform track structure
[NR-eGR] Metal5 has single uniform track structure
[NR-eGR] Metal6 has single uniform track structure
[NR-eGR] Metal7 has single uniform track structure
[NR-eGR] Metal8 has single uniform track structure
[NR-eGR] Metal9 has single uniform track structure
[NR-eGR] Metal10 has single uniform track structure
[NR-eGR] Metal11 has single uniform track structure
[NR-eGR] Read 320 PG shapes
[NR-eGR] Read 0 clock shapes
[NR-eGR] Read 0 other shapes
[NR-eGR] #Routing Blockages  : 0
[NR-eGR] #Bump Blockages     : 0
[NR-eGR] #Instance Blockages : 0
[NR-eGR] #PG Blockages       : 320
[NR-eGR] #Halo Blockages     : 0
[NR-eGR] #Boundary Blockages : 0
[NR-eGR] #Clock Blockages    : 0
[NR-eGR] #Other Blockages    : 0
[NR-eGR] Num Prerouted Nets = 0  Num Prerouted Wires = 0
[NR-eGR] Read 99 nets ( ignored 0 )
[NR-eGR] There are 1 clock nets ( 0 with NDR ).
[NR-eGR] ============ Routing rule table ============
[NR-eGR] Rule id: 0  Rule name: (Default)  Nets: 99
[NR-eGR] ========================================
[NR-eGR] 
[NR-eGR] Layer group 1: route 99 net(s) in layer range [2, 11]
[NR-eGR] Early Global Route overflow of layer group 1: 0.00% H + 0.00% V. EstWL: 7.045200e+02um
[NR-eGR] Congestion Analysis By layer: (blocked Gcells are excluded) 
[NR-eGR]                        OverCon            
[NR-eGR]                         #Gcell     %Gcell
[NR-eGR]        Layer             (1-0)    OverCon
[NR-eGR] ----------------------------------------------
[NR-eGR]  Metal1 ( 1)         0( 0.00%)   ( 0.00%) 
[NR-eGR]  Metal2 ( 2)         0( 0.00%)   ( 0.00%) 
[NR-eGR]  Metal3 ( 3)         0( 0.00%)   ( 0.00%) 
[NR-eGR]  Metal4 ( 4)         0( 0.00%)   ( 0.00%) 
[NR-eGR]  Metal5 ( 5)         0( 0.00%)   ( 0.00%) 
[NR-eGR]  Metal6 ( 6)         0( 0.00%)   ( 0.00%) 
[NR-eGR]  Metal7 ( 7)         0( 0.00%)   ( 0.00%) 
[NR-eGR]  Metal8 ( 8)         0( 0.00%)   ( 0.00%) 
[NR-eGR]  Metal9 ( 9)         0( 0.00%)   ( 0.00%) 
[NR-eGR] Metal10 (10)         0( 0.00%)   ( 0.00%) 
[NR-eGR] Metal11 (11)         0( 0.00%)   ( 0.00%) 
[NR-eGR] ----------------------------------------------
[NR-eGR]        Total         0( 0.00%)   ( 0.00%) 
[NR-eGR] 
[NR-eGR] Overflow after Early Global Route 0.00% H + 0.00% V
[NR-eGR] Connected 0 must-join pins/ports (post-process)
[NR-eGR] Total eGR-routed clock nets wire length: 112um, number of vias: 71
[NR-eGR] --------------------------------------------------------------------------
[NR-eGR]                  Length (um)  Vias 
[NR-eGR] -----------------------------------
[NR-eGR]  Metal1   (1H)             0   360 
[NR-eGR]  Metal2   (2V)           270   481 
[NR-eGR]  Metal3   (3H)           497    25 
[NR-eGR]  Metal4   (4V)            20     6 
[NR-eGR]  Metal5   (5H)             8     0 
[NR-eGR]  Metal6   (6V)             0     0 
[NR-eGR]  Metal7   (7H)             0     0 
[NR-eGR]  Metal8   (8V)             0     0 
[NR-eGR]  Metal9   (9H)             0     0 
[NR-eGR]  Metal10  (10V)            0     0 
[NR-eGR]  Metal11  (11H)            0     0 
[NR-eGR] -----------------------------------
[NR-eGR]           Total          795   872 
[NR-eGR] --------------------------------------------------------------------------
[NR-eGR] Total half perimeter of net bounding box: 1721um
[NR-eGR] Total length: 795um, number of vias: 872
[NR-eGR] --------------------------------------------------------------------------
[NR-eGR] Finished Early Global Route kernel ( CPU: 0.08 sec, Real: 0.08 sec, Curr Mem: 3.15 MB )
Leaving CCOpt scope - optDesignGlobalRouteStep done. (took cpu=0:00:00.2 real=0:00:00.2)
Legalization setup...
Using cell based legalization.
Initializing placement interface...
  Use check_library -place or consult logv if problems occur.
  Leaving CCOpt scope - Initializing placement interface...
  Leaving CCOpt scope - Initializing placement interface done. (took cpu=0:00:00.0 real=0:00:00.0)
Initializing placement interface done.
Leaving CCOpt scope - Cleaning up placement interface...
Leaving CCOpt scope - Cleaning up placement interface done. (took cpu=0:00:00.0 real=0:00:00.0)
Leaving CCOpt scope - Initializing placement interface...
Leaving CCOpt scope - Initializing placement interface done. (took cpu=0:00:00.0 real=0:00:00.0)
Max route layer is changed from 127 to 11 because there is no routing track above this layer
Legalization setup done. (took cpu=0:00:00.1 real=0:00:00.1)
Validating CTS configuration...
Checking module port directions...
Checking module port directions done. (took cpu=0:00:00.0 real=0:00:00.0)
Non-default attributes:
  Public non-default attributes:
    cts_merge_clock_gates is set for at least one object
    cts_merge_clock_logic is set for at least one object
    cts_route_type is set for at least one object
    cts_target_max_transition_time_sdc is set for at least one object
  No private non-default attributes
Route type trimming info:
  No route type modifications were made.
Updating RC Grid density data for preRoute extraction ...
Initializing multi-corner capacitance tables ... 
Initializing multi-corner resistance tables ...
Creating RPSQ from WeeR and WRes ...
Library trimming buffers in power domain auto-default and half-corner max_delay:setup.late removed 2 of 5 cells
Original list had 5 cells:
CLKBUFX4 BUFX4 CLKBUFX3 BUFX3 CLKBUFX2 
New trimmed list has 3 cells:
CLKBUFX4 CLKBUFX3 CLKBUFX2 
Library trimming inverters in power domain auto-default and half-corner max_delay:setup.late removed 3 of 7 cells
Original list had 7 cells:
INVX3 CLKINVX3 INVX2 CLKINVX2 INVX1 CLKINVX1 INVXL 
New trimmed list has 4 cells:
INVX3 INVX2 INVX1 INVXL 
Clock tree balancer configuration for clock_tree clk:
Non-default attributes:
  Public non-default attributes:
    cts_merge_clock_gates: true (default: false)
    cts_merge_clock_logic: true (default: false)
    cts_route_type (leaf): default_route_type_leaf (default: default)
    cts_route_type (top): default_route_type_nonleaf (default: default)
    cts_route_type (trunk): default_route_type_nonleaf (default: default)
  No private non-default attributes
For power domain auto-default:
  Buffers:     {CLKBUFX4 CLKBUFX3 CLKBUFX2}
  Inverters:   {INVX3 INVX2 INVX1 INVXL}
  Clock gates (with test): TLATNTSCAX20 TLATNTSCAX16 TLATNTSCAX12 TLATNTSCAX8 TLATNTSCAX6 TLATNTSCAX4 TLATNTSCAX3 TLATNTSCAX2 
  Clock gates   (no test): TLATNCAX20 TLATNCAX16 TLATNCAX12 TLATNCAX8 TLATNCAX6 TLATNCAX4 TLATNCAX3 TLATNCAX2 
  Unblocked area available for placement of any clock cells in power_domain auto-default: 400.140um^2
Top Routing info:
  Route-type name: default_route_type_nonleaf; Top/bottom preferred layer name: Metal4/Metal3; 
  Unshielded; Mask Constraint: 0; Source: cts_route_type.
Trunk Routing info:
  Route-type name: default_route_type_nonleaf; Top/bottom preferred layer name: Metal4/Metal3; 
  Unshielded; Preferred extra space: 1; Mask Constraint: 0; Source: cts_route_type.
Leaf Routing info:
  Route-type name: default_route_type_leaf; Top/bottom preferred layer name: Metal4/Metal3; 
  Unshielded; Preferred extra space: 1; Mask Constraint: 0; Source: cts_route_type.
For timing_corner max_delay:setup, late and power domain auto-default:
  Slew time target (leaf):    0.100ns
  Slew time target (trunk):   0.100ns
  Slew time target (top):     0.100ns (Note: no nets are considered top nets in this clock tree)
  Buffer unit delay: 0.101ns
  Buffer max distance: 77.506um
Fastest wire driving cells and distances:
  Buffer    : {lib_cell:CLKBUFX4, fastest_considered_half_corner=max_delay:setup.late, optimalDrivingDistance=77.506um, saturatedSlew=0.090ns, speed=530.500um per ns, cellArea=30.888um^2 per 1000um}
  Inverter  : {lib_cell:INVX3, fastest_considered_half_corner=max_delay:setup.late, optimalDrivingDistance=50.514um, saturatedSlew=0.088ns, speed=598.507um per ns, cellArea=27.082um^2 per 1000um}
  Clock gate (with test): {lib_cell:TLATNTSCAX20, fastest_considered_half_corner=max_delay:setup.late, optimalDrivingDistance=275.102um, saturatedSlew=0.093ns, speed=768.442um per ns, cellArea=54.700um^2 per 1000um}
  Clock gate   (no test): {lib_cell:TLATNCAX20, fastest_considered_half_corner=max_delay:setup.late, optimalDrivingDistance=275.102um, saturatedSlew=0.093ns, speed=768.656um per ns, cellArea=49.727um^2 per 1000um}


Logic Sizing Table:

----------------------------------------------------------
Cell    Instance count    Source    Eligible library cells
----------------------------------------------------------
  (empty table)
----------------------------------------------------------


Clock tree balancer configuration for skew_group clk/sdc_cons:
 Created from constraint modes: {[]}
  Sources:                     pin clk
  Total number of sinks:       26
  Delay constrained sinks:     26
  Constrains:                  default
  Non-leaf sinks:              0
  Ignore pins:                 0
 Timing corner max_delay:setup.late:
  Skew target:                 0.101ns
Primary reporting skew groups are:
skew_group clk/sdc_cons with 26 clock sinks


Constraint summary
==================

Transition constraints are active in the following delay corners:

max_delay:setup.late

Cap constraints are active in the following delay corners:

max_delay:setup.late

Transition constraint summary:

--------------------------------------------------------------------------------------------
Delay corner                      Target (ns)    Num pins    Target source     Clock tree(s)
--------------------------------------------------------------------------------------------
max_delay:setup.late (primary)         -            -              -                 -
              -                      0.100          28       auto extracted    all
--------------------------------------------------------------------------------------------

Capacitance constraint summary:

------------------------------------------------------------------------------------------------------
Delay corner                      Limit (pF)    Num nets    Target source                Clock tree(s)
------------------------------------------------------------------------------------------------------
max_delay:setup.late (primary)        -            -                    -                      -
              -                     0.250          1        library_or_sdc_constraint    all
------------------------------------------------------------------------------------------------------


Clock DAG stats initial state:
  cell counts      : b=0, i=0, icg=0, dcg=0, l=0, total=0
  sink counts      : regular=26, enable_latch=0, load_capacitance=0, antenna=0, node_sink=0, total=26
  misc counts      : r=1, pp=0, mci=0
  cell areas       : b=0.000um^2, i=0.000um^2, icg=0.000um^2, dcg=0.000um^2, l=0.000um^2, total=0.000um^2
  hp wire lengths  : top=0.000um, trunk=0.000um, leaf=0.000um, total=0.000um
      flow.cputime  flow.realtime  timing.setup.tns  timing.setup.wns  snapshot
UM:*                                                                   InitialState
No ideal or dont_touch nets found in the clock tree
No dont_touch hnets found in the clock tree
No dont_touch hpins found in the clock network.
Checking for illegal sizes of clock logic instances...
Checking for illegal sizes of clock logic instances done. (took cpu=0:00:00.0 real=0:00:00.0)
Validating CTS configuration done. (took cpu=0:00:00.7 real=0:00:00.7)
CCOpt configuration status: all checks passed.
Adding exclusion drivers to pins that are cts_sink_type_effective exclude...
    Adding exclusion drivers (these will be instances of the smallest area library cells).
  No exclusion drivers are needed.
Adding exclusion drivers to pins that are cts_sink_type_effective exclude done.
Antenna diode management...
  Found 0 antenna diodes in the clock trees.
  
Antenna diode management done.
Adding driver cells for primary IOs...
Adding driver cells for primary IOs done.
Adding driver cells for primary IOs...
Adding driver cells for primary IOs done.

----------------------------------------------------------------------------------------------
CCOpt reported the following when adding drivers below input ports and above output ports     
----------------------------------------------------------------------------------------------
  (empty table)
----------------------------------------------------------------------------------------------


Adding driver cell for primary IO roots...
Adding driver cell for primary IO roots done.
Maximizing clock DAG abstraction...
  Removing clock DAG drivers
Maximizing clock DAG abstraction done.
CCOpt::Phase::PreparingToBalance done. (took cpu=0:00:01.0 real=0:00:01.0)
Synthesizing clock trees...
  Preparing To Balance...
  Leaving CCOpt scope - Cleaning up placement interface...
  Leaving CCOpt scope - Cleaning up placement interface done. (took cpu=0:00:00.0 real=0:00:00.0)
  Leaving CCOpt scope - Initializing placement interface...
  Leaving CCOpt scope - Initializing placement interface done. (took cpu=0:00:00.0 real=0:00:00.0)
  Merging duplicate siblings in DAG...
    Clock DAG stats before merging:
      cell counts      : b=0, i=0, icg=0, dcg=0, l=0, total=0
      sink counts      : regular=26, enable_latch=0, load_capacitance=0, antenna=0, node_sink=0, total=26
      misc counts      : r=1, pp=0, mci=0
      cell areas       : b=0.000um^2, i=0.000um^2, icg=0.000um^2, dcg=0.000um^2, l=0.000um^2, total=0.000um^2
      hp wire lengths  : top=0.000um, trunk=0.000um, leaf=0.000um, total=0.000um
      flow.cputime  flow.realtime  timing.setup.tns  timing.setup.wns  snapshot
UM:*                                                                   before merging
    Resynthesising clock tree into netlist...
      Reset timing graph...
Ignoring AAE DB Resetting ...
      Reset timing graph done.
    Resynthesising clock tree into netlist done.
    Merging duplicate clock dag driver clones in DAG...
    Merging duplicate clock dag driver clones in DAG done.
    
    Disconnecting clock tree from netlist...
    Disconnecting clock tree from netlist done.
  Merging duplicate siblings in DAG done.
  Applying movement limits...
  Applying movement limits done.
  Preparing To Balance done. (took cpu=0:00:00.1 real=0:00:00.1)
  CCOpt::Phase::Construction...
  Stage::Clustering...
  Clustering...
    Initialize for clustering...
    Clock DAG stats before clustering:
      cell counts      : b=0, i=0, icg=0, dcg=0, l=0, total=0
      sink counts      : regular=26, enable_latch=0, load_capacitance=0, antenna=0, node_sink=0, total=26
      misc counts      : r=1, pp=0, mci=0
      cell areas       : b=0.000um^2, i=0.000um^2, icg=0.000um^2, dcg=0.000um^2, l=0.000um^2, total=0.000um^2
      hp wire lengths  : top=0.000um, trunk=0.000um, leaf=0.000um, total=0.000um
      flow.cputime  flow.realtime  timing.setup.tns  timing.setup.wns  snapshot
UM:*                                                                   before clustering
    Computing max distances from locked parents...
      Computing distance_from_locked_parent_restrictions for 0 nodes driven by 0 locked parents
    Computing max distances from locked parents done.
    Computing optimal clock node locations...
    Computing optimal clock node locations done. (took cpu=0:00:00.0 real=0:00:00.0)
    Initialize for clustering done. (took cpu=0:00:00.1 real=0:00:00.1)
    Bottom-up phase...
    Clustering bottom-up starting from leaves...
      Clustering clock_tree clk...
      Clustering clock_tree clk done.
    Clustering bottom-up starting from leaves done.
    Rebuilding the clock tree after clustering...
    Rebuilding the clock tree after clustering done.
    Clock DAG stats after bottom-up phase:
      cell counts      : b=0, i=0, icg=0, dcg=0, l=0, total=0
      sink counts      : regular=26, enable_latch=0, load_capacitance=0, antenna=0, node_sink=0, total=26
      misc counts      : r=1, pp=0, mci=0
      cell areas       : b=0.000um^2, i=0.000um^2, icg=0.000um^2, dcg=0.000um^2, l=0.000um^2, total=0.000um^2
      hp wire lengths  : top=0.000um, trunk=0.000um, leaf=0.000um, total=0.000um
      flow.cputime  flow.realtime  timing.setup.tns  timing.setup.wns  snapshot
UM:*                                                                   after bottom-up phase
    Bottom-up phase done. (took cpu=0:00:00.1 real=0:00:00.1)
    Legalizing clock trees...
    Resynthesising clock tree into netlist...
      Reset timing graph...
Ignoring AAE DB Resetting ...
      Reset timing graph done.
    Resynthesising clock tree into netlist done.
    Commiting net attributes....
    Commiting net attributes. done.
    Leaving CCOpt scope - ClockRefiner...
    Performing a single pass refine place with checks partially disabled for clock sinks and datapath.
*** Starting place_detail (0:01:10 mem=3290.8M) ***
Total net bbox length = 1.721e+03 (1.455e+03 2.658e+02) (ext = 1.078e+03)
Max route layer is changed from 127 to 11 because there is no routing track above this layer
Max route layer is changed from 127 to 11 because there is no routing track above this layer
Max route layer is changed from 127 to 11 because there is no routing track above this layer
Max route layer is changed from 127 to 11 because there is no routing track above this layer
Move report: Detail placement moves 0 insts, mean move: 0.00 um, max move: 0.00 um 
	Runtime: CPU: 0:00:00.0 REAL: 0:00:00.0 MEM: 3274.8MB
Summary Report:
Instances move: 0 (out of 93 movable)
Instances flipped: 0
Mean displacement: 0.00 um
Max displacement: 0.00 um 
Total net bbox length = 1.721e+03 (1.455e+03 2.658e+02) (ext = 1.078e+03)
Runtime: CPU: 0:00:00.0 REAL: 0:00:00.0 MEM: 3274.8MB
*** Finished place_detail (0:01:10 mem=3274.8M) ***
    ClockRefiner summary
    All clock instances: Moved 0, flipped 0 and cell swapped 0 (out of a total of 26).
    Leaving CCOpt scope - ClockRefiner done. (took cpu=0:00:00.1 real=0:00:00.1)
    Disconnecting clock tree from netlist...
    Disconnecting clock tree from netlist done.
    Leaving CCOpt scope - Cleaning up placement interface...
    Leaving CCOpt scope - Cleaning up placement interface done. (took cpu=0:00:00.0 real=0:00:00.0)
    Leaving CCOpt scope - Initializing placement interface...
    Leaving CCOpt scope - Initializing placement interface done. (took cpu=0:00:00.0 real=0:00:00.0)
    Clock tree timing engine global stage delay update for max_delay:setup.late...
    Clock tree timing engine global stage delay update for max_delay:setup.late done. (took cpu=0:00:00.0 real=0:00:00.0)
    
    Clock tree legalization - Histogram:
    ====================================
    
    --------------------------------
    Movement (um)    Number of cells
    --------------------------------
      (empty table)
    --------------------------------
    
    
    Clock tree legalization - There are no Movements:
    =================================================
    
    ---------------------------------------------
    Movement (um)    Desired     Achieved    Node
                     location    location    
    ---------------------------------------------
      (empty table)
    ---------------------------------------------
    
    Legalizing clock trees done. (took cpu=0:00:00.1 real=0:00:00.1)
    Clock tree timing engine global stage delay update for max_delay:setup.late...
    Clock tree timing engine global stage delay update for max_delay:setup.late done. (took cpu=0:00:00.0 real=0:00:00.0)
    Clock DAG stats after 'Clustering':
      cell counts      : b=0, i=0, icg=0, dcg=0, l=0, total=0
      sink counts      : regular=26, enable_latch=0, load_capacitance=0, antenna=0, node_sink=0, total=26
      misc counts      : r=1, pp=0, mci=0
      cell areas       : b=0.000um^2, i=0.000um^2, icg=0.000um^2, dcg=0.000um^2, l=0.000um^2, total=0.000um^2
      cell capacitance : b=0.000pF, i=0.000pF, icg=0.000pF, dcg=0.000pF, l=0.000pF, total=0.000pF
      sink capacitance : total=0.005pF, avg=0.000pF, sd=0.000pF, min=0.000pF, max=0.000pF
      wire capacitance : top=0.000pF, trunk=0.000pF, leaf=0.013pF, total=0.013pF
      wire lengths     : top=0.000um, trunk=0.000um, leaf=107.986um, total=107.986um
      hp wire lengths  : top=0.000um, trunk=0.000um, leaf=0.000um, total=0.000um
    Clock DAG net violations after 'Clustering': none
    Clock DAG primary half-corner transition distribution after 'Clustering':
      Leaf : target=0.100ns count=1 avg=0.006ns sd=0.000ns min=0.006ns max=0.006ns {1 <= 0.060ns, 0 <= 0.080ns, 0 <= 0.090ns, 0 <= 0.095ns, 0 <= 0.100ns}
    Primary reporting skew groups after 'Clustering':
      skew_group clk/sdc_cons: insertion delay [min=0.000, max=0.003, avg=0.002, sd=0.001, skn=-0.522, kur=-1.217], skew [0.003 vs 0.101], 100% {0.000, 0.003} (wid=0.003 ws=0.003) (gid=0.000 gs=0.000)
    Skew group summary after 'Clustering':
      skew_group clk/sdc_cons: insertion delay [min=0.000, max=0.003, avg=0.002, sd=0.001, skn=-0.522, kur=-1.217], skew [0.003 vs 0.101], 100% {0.000, 0.003} (wid=0.003 ws=0.003) (gid=0.000 gs=0.000)
    Legalizer API calls during this step: 0 succeeded with high effort: 0 succeeded with medium effort: 0 succeeded with low effort: 0 succeeded with basic effort: 0 succeeded with basic unbounded effort: 0
  Clustering done. (took cpu=0:00:00.2 real=0:00:00.2)
  Looking for fanout violations...
  Looking for fanout violations done.
  CongRepair After Initial Clustering...
  Reset timing graph...
Ignoring AAE DB Resetting ...
  Reset timing graph done.
  Leaving CCOpt scope - Early Global Route...
  Clock implementation routing...
Net route status summary:
  Clock:         1 (unrouted=1, trialRouted=0, noStatus=0, routed=0, fixed=0, [crossesIlmBoundary=0, tooFewTerms=0, (crossesIlmBoundary AND tooFewTerms=0)])
  Non-clock:   100 (unrouted=2, trialRouted=98, noStatus=0, routed=0, fixed=0, [crossesIlmBoundary=0, tooFewTerms=2, (crossesIlmBoundary AND tooFewTerms=0)])
    Routing using eGR only...
      Early Global Route - eGR only step...
(ccopt eGR): There are 1 nets to be routed. 0 nets have skip routing designation.
(ccopt eGR): There are 1 nets for routing of which 1 have one or more fixed wires.
(ccopt eGR): Start to route 1 all nets
Max route layer is changed from 127 to 11 because there is no routing track above this layer
Max route layer is changed from 127 to 11 because there is no routing track above this layer
[PSP]    Started Early Global Route kernel ( Curr Mem: 3.14 MB )
[NR-eGR] Early global route reroute 1 out of 99 routable nets
[NR-eGR] Track table information for default rule: 
[NR-eGR] Metal1 has single uniform track structure
[NR-eGR] Metal2 has single uniform track structure
[NR-eGR] Metal3 has single uniform track structure
[NR-eGR] Metal4 has single uniform track structure
[NR-eGR] Metal5 has single uniform track structure
[NR-eGR] Metal6 has single uniform track structure
[NR-eGR] Metal7 has single uniform track structure
[NR-eGR] Metal8 has single uniform track structure
[NR-eGR] Metal9 has single uniform track structure
[NR-eGR] Metal10 has single uniform track structure
[NR-eGR] Metal11 has single uniform track structure
[NR-eGR] Read 248 PG shapes
[NR-eGR] Read 0 clock shapes
[NR-eGR] Read 0 other shapes
[NR-eGR] #Routing Blockages  : 0
[NR-eGR] #Bump Blockages     : 0
[NR-eGR] #Instance Blockages : 0
[NR-eGR] #PG Blockages       : 248
[NR-eGR] #Halo Blockages     : 0
[NR-eGR] #Boundary Blockages : 0
[NR-eGR] #Clock Blockages    : 0
[NR-eGR] #Other Blockages    : 0
[NR-eGR] Num Prerouted Nets = 0  Num Prerouted Wires = 0
[NR-eGR] Read 99 nets ( ignored 98 )
[NR-eGR] Connected 0 must-join pins/ports (pre-process)
[NR-eGR] #via pillars        : 0
[NR-eGR] #must join all port : 0
[NR-eGR] #multiple ports     : 0
[NR-eGR] #has must join      : 0
[NR-eGR] There are 1 clock nets ( 1 with NDR ).
[NR-eGR] ============ Routing rule table ============
[NR-eGR] Rule id: 0  Rule name:   Nets: 1
[NR-eGR] ========================================
[NR-eGR] 
[NR-eGR] Layer group 1: route 1 net(s) in layer range [3, 4]
[NR-eGR] Early Global Route overflow of layer group 1: 0.00% H + 0.00% V. EstWL: 1.060200e+02um
[NR-eGR] Congestion Analysis By layer: (blocked Gcells are excluded) 
[NR-eGR]                        OverCon            
[NR-eGR]                         #Gcell     %Gcell
[NR-eGR]        Layer             (1-0)    OverCon
[NR-eGR] ----------------------------------------------
[NR-eGR]  Metal1 ( 1)         0( 0.00%)   ( 0.00%) 
[NR-eGR]  Metal2 ( 2)         0( 0.00%)   ( 0.00%) 
[NR-eGR]  Metal3 ( 3)         0( 0.00%)   ( 0.00%) 
[NR-eGR]  Metal4 ( 4)         0( 0.00%)   ( 0.00%) 
[NR-eGR]  Metal5 ( 5)         0( 0.00%)   ( 0.00%) 
[NR-eGR]  Metal6 ( 6)         0( 0.00%)   ( 0.00%) 
[NR-eGR]  Metal7 ( 7)         0( 0.00%)   ( 0.00%) 
[NR-eGR]  Metal8 ( 8)         0( 0.00%)   ( 0.00%) 
[NR-eGR]  Metal9 ( 9)         0( 0.00%)   ( 0.00%) 
[NR-eGR] Metal10 (10)         0( 0.00%)   ( 0.00%) 
[NR-eGR] Metal11 (11)         0( 0.00%)   ( 0.00%) 
[NR-eGR] ----------------------------------------------
[NR-eGR]        Total         0( 0.00%)   ( 0.00%) 
[NR-eGR] 
[NR-eGR] Overflow after Early Global Route 0.00% H + 0.00% V
[NR-eGR] Connected 0 must-join pins/ports (post-process)
[NR-eGR] Total eGR-routed clock nets wire length: 106um, number of vias: 59
[NR-eGR] --------------------------------------------------------------------------
[NR-eGR] Report for selected net(s) only.
[NR-eGR]                  Length (um)  Vias 
[NR-eGR] -----------------------------------
[NR-eGR]  Metal1   (1H)             0    26 
[NR-eGR]  Metal2   (2V)            31    29 
[NR-eGR]  Metal3   (3H)            72     4 
[NR-eGR]  Metal4   (4V)             3     0 
[NR-eGR]  Metal5   (5H)             0     0 
[NR-eGR]  Metal6   (6V)             0     0 
[NR-eGR]  Metal7   (7H)             0     0 
[NR-eGR]  Metal8   (8V)             0     0 
[NR-eGR]  Metal9   (9H)             0     0 
[NR-eGR]  Metal10  (10V)            0     0 
[NR-eGR]  Metal11  (11H)            0     0 
[NR-eGR] -----------------------------------
[NR-eGR]           Total          106    59 
[NR-eGR] --------------------------------------------------------------------------
[NR-eGR] Total half perimeter of net bounding box: 73um
[NR-eGR] Total length: 106um, number of vias: 59
[NR-eGR] --------------------------------------------------------------------------
[NR-eGR] Total routed clock nets wire length: 106um, number of vias: 59
[NR-eGR] --------------------------------------------------------------------------
[NR-eGR]                  Length (um)  Vias 
[NR-eGR] -----------------------------------
[NR-eGR]  Metal1   (1H)             0   360 
[NR-eGR]  Metal2   (2V)           273   468 
[NR-eGR]  Metal3   (3H)           488    26 
[NR-eGR]  Metal4   (4V)            20     6 
[NR-eGR]  Metal5   (5H)             8     0 
[NR-eGR]  Metal6   (6V)             0     0 
[NR-eGR]  Metal7   (7H)             0     0 
[NR-eGR]  Metal8   (8V)             0     0 
[NR-eGR]  Metal9   (9H)             0     0 
[NR-eGR]  Metal10  (10V)            0     0 
[NR-eGR]  Metal11  (11H)            0     0 
[NR-eGR] -----------------------------------
[NR-eGR]           Total          789   860 
[NR-eGR] --------------------------------------------------------------------------
[NR-eGR] Total half perimeter of net bounding box: 1721um
[NR-eGR] Total length: 789um, number of vias: 860
[NR-eGR] --------------------------------------------------------------------------
[NR-eGR] Finished Early Global Route kernel ( CPU: 0.12 sec, Real: 0.13 sec, Curr Mem: 3.15 MB )
      Early Global Route - eGR only step done. (took cpu=0:00:00.2 real=0:00:00.2)
    Routing using eGR only done.
Net route status summary:
  Clock:         1 (unrouted=0, trialRouted=0, noStatus=0, routed=1, fixed=0, [crossesIlmBoundary=0, tooFewTerms=0, (crossesIlmBoundary AND tooFewTerms=0)])
  Non-clock:   100 (unrouted=2, trialRouted=98, noStatus=0, routed=0, fixed=0, [crossesIlmBoundary=0, tooFewTerms=2, (crossesIlmBoundary AND tooFewTerms=0)])

CCOPT: Done with clock implementation routing.

  Clock implementation routing done.
  CCOpt: Starting congestion repair using flow wrapper...
    Congestion Repair...
*** IncrReplace #1 [begin] (CTS #1 / ccopt_design #1) : totSession cpu/real = 0:01:10.1/0:06:09.1 (0.2), mem = 3279.0M
Info: Disable timing driven in postCTS congRepair.

Starting congRepair ...
Max route layer is changed from 127 to 11 because there is no routing track above this layer
Max route layer is changed from 127 to 11 because there is no routing track above this layer
[NR-eGR] Started Early Global Route kernel ( Curr Mem: 3.15 MB )
[NR-eGR] Early global route reroute all routable nets
[NR-eGR] Track table information for default rule: 
[NR-eGR] Metal1 has single uniform track structure
[NR-eGR] Metal2 has single uniform track structure
[NR-eGR] Metal3 has single uniform track structure
[NR-eGR] Metal4 has single uniform track structure
[NR-eGR] Metal5 has single uniform track structure
[NR-eGR] Metal6 has single uniform track structure
[NR-eGR] Metal7 has single uniform track structure
[NR-eGR] Metal8 has single uniform track structure
[NR-eGR] Metal9 has single uniform track structure
[NR-eGR] Metal10 has single uniform track structure
[NR-eGR] Metal11 has single uniform track structure
[NR-eGR] Read 320 PG shapes
[NR-eGR] Read 0 clock shapes
[NR-eGR] Read 0 other shapes
[NR-eGR] #Routing Blockages  : 0
[NR-eGR] #Bump Blockages     : 0
[NR-eGR] #Instance Blockages : 0
[NR-eGR] #PG Blockages       : 320
[NR-eGR] #Halo Blockages     : 0
[NR-eGR] #Boundary Blockages : 0
[NR-eGR] #Clock Blockages    : 0
[NR-eGR] #Other Blockages    : 0
[NR-eGR] Num Prerouted Nets = 1  Num Prerouted Wires = 61
[NR-eGR] Read 99 nets ( ignored 1 )
[NR-eGR] ============ Routing rule table ============
[NR-eGR] Rule id: 1  Rule name: (Default)  Nets: 98
[NR-eGR] ========================================
[NR-eGR] 
[NR-eGR] Layer group 1: route 98 net(s) in layer range [2, 11]
[NR-eGR] Early Global Route overflow of layer group 1: 0.00% H + 0.00% V. EstWL: 5.967900e+02um
[NR-eGR] Congestion Analysis By layer: (blocked Gcells are excluded) 
[NR-eGR]                        OverCon            
[NR-eGR]                         #Gcell     %Gcell
[NR-eGR]        Layer             (1-0)    OverCon
[NR-eGR] ----------------------------------------------
[NR-eGR]  Metal1 ( 1)         0( 0.00%)   ( 0.00%) 
[NR-eGR]  Metal2 ( 2)         0( 0.00%)   ( 0.00%) 
[NR-eGR]  Metal3 ( 3)         0( 0.00%)   ( 0.00%) 
[NR-eGR]  Metal4 ( 4)         0( 0.00%)   ( 0.00%) 
[NR-eGR]  Metal5 ( 5)         0( 0.00%)   ( 0.00%) 
[NR-eGR]  Metal6 ( 6)         0( 0.00%)   ( 0.00%) 
[NR-eGR]  Metal7 ( 7)         0( 0.00%)   ( 0.00%) 
[NR-eGR]  Metal8 ( 8)         0( 0.00%)   ( 0.00%) 
[NR-eGR]  Metal9 ( 9)         0( 0.00%)   ( 0.00%) 
[NR-eGR] Metal10 (10)         0( 0.00%)   ( 0.00%) 
[NR-eGR] Metal11 (11)         0( 0.00%)   ( 0.00%) 
[NR-eGR] ----------------------------------------------
[NR-eGR]        Total         0( 0.00%)   ( 0.00%) 
[NR-eGR] 
[NR-eGR] Overflow after Early Global Route 0.00% H + 0.00% V
[NR-eGR] Finished Early Global Route kernel ( CPU: 0.11 sec, Real: 0.12 sec, Curr Mem: 3.15 MB )
Early Global Route congestion estimation runtime: 0.13 seconds, mem = 3277.0M
Local HotSpot Analysis: normalized max congestion hotspot area = 0.00, normalized total congestion hotspot area = 0.00 (area is in unit of 4 std-cell row bins)
Skipped repairing congestion.
[NR-eGR] Connected 0 must-join pins/ports (post-process)
[NR-eGR] Total eGR-routed clock nets wire length: 0um, number of vias: 0
[NR-eGR] --------------------------------------------------------------------------
[NR-eGR]                  Length (um)  Vias 
[NR-eGR] -----------------------------------
[NR-eGR]  Metal1   (1H)             0   360 
[NR-eGR]  Metal2   (2V)           243   439 
[NR-eGR]  Metal3   (3H)           459    51 
[NR-eGR]  Metal4   (4V)            41    23 
[NR-eGR]  Metal5   (5H)            39     0 
[NR-eGR]  Metal6   (6V)             0     0 
[NR-eGR]  Metal7   (7H)             0     0 
[NR-eGR]  Metal8   (8V)             0     0 
[NR-eGR]  Metal9   (9H)             0     0 
[NR-eGR]  Metal10  (10V)            0     0 
[NR-eGR]  Metal11  (11H)            0     0 
[NR-eGR] -----------------------------------
[NR-eGR]           Total          782   873 
[NR-eGR] --------------------------------------------------------------------------
[NR-eGR] Total half perimeter of net bounding box: 1721um
[NR-eGR] Total length: 782um, number of vias: 873
[NR-eGR] --------------------------------------------------------------------------
Max route layer is changed from 127 to 11 because there is no routing track above this layer
Early Global Route wiring runtime: 0.03 seconds, mem = 3293.0M
Tdgp not enabled or already been cleared! skip clearing
End of congRepair (cpu=0:00:00.1, real=0:00:00.0)
*** IncrReplace #1 [finish] (CTS #1 / ccopt_design #1) : cpu/real = 0:00:00.2/0:00:00.2 (0.9), totSession cpu/real = 0:01:10.3/0:06:09.3 (0.2), mem = 3293.0M
Set ::gpsPrivate::dogPBIsIncrReplaceDoneInMaster 1
    Congestion Repair done. (took cpu=0:00:00.2 real=0:00:00.2)
  CCOpt: Starting congestion repair using flow wrapper done.
  Leaving CCOpt scope - Early Global Route done. (took cpu=0:00:00.5 real=0:00:00.5)
  Leaving CCOpt scope - extractRC...
  Updating RC parasitics by calling: "extract_rc -noRouteCheck"...
Extraction called for design 'watch' of instances=93 and nets=101 using extraction engine 'pre_route' .
**WARN: (IMPEXT-3530):	The process node is not set. Use the command set_design_mode -process <process node> prior to extraction for maximum accuracy and optimal automatic threshold setting.
Type 'man IMPEXT-3530' for more detail.
pre_route RC Extraction called for design watch.
RC Extraction called in multi-corner(1) mode.
RCMode: PreRoute
      RC Corner Indexes            0   
Capacitance Scaling Factor   : 1.00000 
Resistance Scaling Factor    : 1.00000 
Clock Cap. Scaling Factor    : 1.00000 
Clock Res. Scaling Factor    : 1.00000 
Shrink Factor                : 0.90000
PreRoute extraction is honoring NDR/Shielding/ExtraSpace for clock nets.
Using capacitance table file ...
Updating RC Grid density data for preRoute extraction ...
Initializing multi-corner capacitance tables ... 
Initializing multi-corner resistance tables ...
Creating RPSQ from WeeR and WRes ...
PreRoute RC Extraction DONE (CPU Time: 0:00:00.1  Real Time: 0:00:00.0  MEM: 3292.980M)
  Updating RC parasitics by calling: "extract_rc -noRouteCheck" done.
  Leaving CCOpt scope - extractRC done. (took cpu=0:00:00.1 real=0:00:00.1)
  Clock tree timing engine global stage delay update for max_delay:setup.late...
  Clock tree timing engine global stage delay update for max_delay:setup.late done. (took cpu=0:00:00.0 real=0:00:00.0)
  Clock DAG stats after clustering cong repair call:
    cell counts      : b=0, i=0, icg=0, dcg=0, l=0, total=0
    sink counts      : regular=26, enable_latch=0, load_capacitance=0, antenna=0, node_sink=0, total=26
    misc counts      : r=1, pp=0, mci=0
    cell areas       : b=0.000um^2, i=0.000um^2, icg=0.000um^2, dcg=0.000um^2, l=0.000um^2, total=0.000um^2
    cell capacitance : b=0.000pF, i=0.000pF, icg=0.000pF, dcg=0.000pF, l=0.000pF, total=0.000pF
    sink capacitance : total=0.005pF, avg=0.000pF, sd=0.000pF, min=0.000pF, max=0.000pF
    wire capacitance : top=0.000pF, trunk=0.000pF, leaf=0.014pF, total=0.014pF
    wire lengths     : top=0.000um, trunk=0.000um, leaf=107.986um, total=107.986um
    hp wire lengths  : top=0.000um, trunk=0.000um, leaf=0.000um, total=0.000um
  Clock DAG net violations after clustering cong repair call: none
  Clock DAG primary half-corner transition distribution after clustering cong repair call:
    Leaf : target=0.100ns count=1 avg=0.006ns sd=0.000ns min=0.006ns max=0.006ns {1 <= 0.060ns, 0 <= 0.080ns, 0 <= 0.090ns, 0 <= 0.095ns, 0 <= 0.100ns}
  Primary reporting skew groups after clustering cong repair call:
    skew_group clk/sdc_cons: insertion delay [min=0.000, max=0.003, avg=0.002, sd=0.001, skn=-0.497, kur=-1.225], skew [0.003 vs 0.101], 100% {0.000, 0.003} (wid=0.003 ws=0.003) (gid=0.000 gs=0.000)
  Skew group summary after clustering cong repair call:
    skew_group clk/sdc_cons: insertion delay [min=0.000, max=0.003, avg=0.002, sd=0.001, skn=-0.497, kur=-1.225], skew [0.003 vs 0.101], 100% {0.000, 0.003} (wid=0.003 ws=0.003) (gid=0.000 gs=0.000)
  CongRepair After Initial Clustering done. (took cpu=0:00:00.6 real=0:00:00.6)
  Stage::Clustering done. (took cpu=0:00:00.8 real=0:00:00.8)
  Stage::DRV Fixing...
  Fixing clock tree slew time and max cap violations...
    Fixing clock tree overload: ...20% ...40% ...60% ...80% ...100% 
    Clock DAG stats after 'Fixing clock tree slew time and max cap violations':
      cell counts      : b=0, i=0, icg=0, dcg=0, l=0, total=0
      sink counts      : regular=26, enable_latch=0, load_capacitance=0, antenna=0, node_sink=0, total=26
      misc counts      : r=1, pp=0, mci=0
      cell areas       : b=0.000um^2, i=0.000um^2, icg=0.000um^2, dcg=0.000um^2, l=0.000um^2, total=0.000um^2
      cell capacitance : b=0.000pF, i=0.000pF, icg=0.000pF, dcg=0.000pF, l=0.000pF, total=0.000pF
      sink capacitance : total=0.005pF, avg=0.000pF, sd=0.000pF, min=0.000pF, max=0.000pF
      wire capacitance : top=0.000pF, trunk=0.000pF, leaf=0.014pF, total=0.014pF
      wire lengths     : top=0.000um, trunk=0.000um, leaf=107.986um, total=107.986um
      hp wire lengths  : top=0.000um, trunk=0.000um, leaf=0.000um, total=0.000um
    Clock DAG net violations after 'Fixing clock tree slew time and max cap violations': none
    Clock DAG primary half-corner transition distribution after 'Fixing clock tree slew time and max cap violations':
      Leaf : target=0.100ns count=1 avg=0.006ns sd=0.000ns min=0.006ns max=0.006ns {1 <= 0.060ns, 0 <= 0.080ns, 0 <= 0.090ns, 0 <= 0.095ns, 0 <= 0.100ns}
    Primary reporting skew groups after 'Fixing clock tree slew time and max cap violations':
      skew_group clk/sdc_cons: insertion delay [min=0.000, max=0.003], skew [0.003 vs 0.101]
    Skew group summary after 'Fixing clock tree slew time and max cap violations':
      skew_group clk/sdc_cons: insertion delay [min=0.000, max=0.003], skew [0.003 vs 0.101]
    Legalizer API calls during this step: 0 succeeded with high effort: 0 succeeded with medium effort: 0 succeeded with low effort: 0 succeeded with basic effort: 0 succeeded with basic unbounded effort: 0
  Fixing clock tree slew time and max cap violations done. (took cpu=0:00:00.0 real=0:00:00.0)
  Fixing clock tree slew time and max cap violations - detailed pass...
    Fixing clock tree overload: ...20% ...40% ...60% ...80% ...100% 
    Clock DAG stats after 'Fixing clock tree slew time and max cap violations - detailed pass':
      cell counts      : b=0, i=0, icg=0, dcg=0, l=0, total=0
      sink counts      : regular=26, enable_latch=0, load_capacitance=0, antenna=0, node_sink=0, total=26
      misc counts      : r=1, pp=0, mci=0
      cell areas       : b=0.000um^2, i=0.000um^2, icg=0.000um^2, dcg=0.000um^2, l=0.000um^2, total=0.000um^2
      cell capacitance : b=0.000pF, i=0.000pF, icg=0.000pF, dcg=0.000pF, l=0.000pF, total=0.000pF
      sink capacitance : total=0.005pF, avg=0.000pF, sd=0.000pF, min=0.000pF, max=0.000pF
      wire capacitance : top=0.000pF, trunk=0.000pF, leaf=0.014pF, total=0.014pF
      wire lengths     : top=0.000um, trunk=0.000um, leaf=107.986um, total=107.986um
      hp wire lengths  : top=0.000um, trunk=0.000um, leaf=0.000um, total=0.000um
    Clock DAG net violations after 'Fixing clock tree slew time and max cap violations - detailed pass': none
    Clock DAG primary half-corner transition distribution after 'Fixing clock tree slew time and max cap violations - detailed pass':
      Leaf : target=0.100ns count=1 avg=0.006ns sd=0.000ns min=0.006ns max=0.006ns {1 <= 0.060ns, 0 <= 0.080ns, 0 <= 0.090ns, 0 <= 0.095ns, 0 <= 0.100ns}
    Primary reporting skew groups after 'Fixing clock tree slew time and max cap violations - detailed pass':
      skew_group clk/sdc_cons: insertion delay [min=0.000, max=0.003, avg=0.002, sd=0.001, skn=-0.497, kur=-1.225], skew [0.003 vs 0.101], 100% {0.000, 0.003} (wid=0.003 ws=0.003) (gid=0.000 gs=0.000)
    Skew group summary after 'Fixing clock tree slew time and max cap violations - detailed pass':
      skew_group clk/sdc_cons: insertion delay [min=0.000, max=0.003, avg=0.002, sd=0.001, skn=-0.497, kur=-1.225], skew [0.003 vs 0.101], 100% {0.000, 0.003} (wid=0.003 ws=0.003) (gid=0.000 gs=0.000)
    Legalizer API calls during this step: 0 succeeded with high effort: 0 succeeded with medium effort: 0 succeeded with low effort: 0 succeeded with basic effort: 0 succeeded with basic unbounded effort: 0
  Fixing clock tree slew time and max cap violations - detailed pass done. (took cpu=0:00:00.0 real=0:00:00.0)
  Stage::DRV Fixing done. (took cpu=0:00:00.0 real=0:00:00.0)
  Stage::Insertion Delay Reduction...
  Removing unnecessary root buffering...
    Clock DAG stats after 'Removing unnecessary root buffering':
      cell counts      : b=0, i=0, icg=0, dcg=0, l=0, total=0
      sink counts      : regular=26, enable_latch=0, load_capacitance=0, antenna=0, node_sink=0, total=26
      misc counts      : r=1, pp=0, mci=0
      cell areas       : b=0.000um^2, i=0.000um^2, icg=0.000um^2, dcg=0.000um^2, l=0.000um^2, total=0.000um^2
      cell capacitance : b=0.000pF, i=0.000pF, icg=0.000pF, dcg=0.000pF, l=0.000pF, total=0.000pF
      sink capacitance : total=0.005pF, avg=0.000pF, sd=0.000pF, min=0.000pF, max=0.000pF
      wire capacitance : top=0.000pF, trunk=0.000pF, leaf=0.014pF, total=0.014pF
      wire lengths     : top=0.000um, trunk=0.000um, leaf=107.986um, total=107.986um
      hp wire lengths  : top=0.000um, trunk=0.000um, leaf=0.000um, total=0.000um
    Clock DAG net violations after 'Removing unnecessary root buffering': none
    Clock DAG primary half-corner transition distribution after 'Removing unnecessary root buffering':
      Leaf : target=0.100ns count=1 avg=0.006ns sd=0.000ns min=0.006ns max=0.006ns {1 <= 0.060ns, 0 <= 0.080ns, 0 <= 0.090ns, 0 <= 0.095ns, 0 <= 0.100ns}
    Primary reporting skew groups after 'Removing unnecessary root buffering':
      skew_group clk/sdc_cons: insertion delay [min=0.000, max=0.003], skew [0.003 vs 0.101]
    Skew group summary after 'Removing unnecessary root buffering':
      skew_group clk/sdc_cons: insertion delay [min=0.000, max=0.003], skew [0.003 vs 0.101]
    Legalizer API calls during this step: 0 succeeded with high effort: 0 succeeded with medium effort: 0 succeeded with low effort: 0 succeeded with basic effort: 0 succeeded with basic unbounded effort: 0
  Removing unnecessary root buffering done. (took cpu=0:00:00.0 real=0:00:00.0)
  Removing unconstrained drivers...
    Clock DAG stats after 'Removing unconstrained drivers':
      cell counts      : b=0, i=0, icg=0, dcg=0, l=0, total=0
      sink counts      : regular=26, enable_latch=0, load_capacitance=0, antenna=0, node_sink=0, total=26
      misc counts      : r=1, pp=0, mci=0
      cell areas       : b=0.000um^2, i=0.000um^2, icg=0.000um^2, dcg=0.000um^2, l=0.000um^2, total=0.000um^2
      cell capacitance : b=0.000pF, i=0.000pF, icg=0.000pF, dcg=0.000pF, l=0.000pF, total=0.000pF
      sink capacitance : total=0.005pF, avg=0.000pF, sd=0.000pF, min=0.000pF, max=0.000pF
      wire capacitance : top=0.000pF, trunk=0.000pF, leaf=0.014pF, total=0.014pF
      wire lengths     : top=0.000um, trunk=0.000um, leaf=107.986um, total=107.986um
      hp wire lengths  : top=0.000um, trunk=0.000um, leaf=0.000um, total=0.000um
    Clock DAG net violations after 'Removing unconstrained drivers': none
    Clock DAG primary half-corner transition distribution after 'Removing unconstrained drivers':
      Leaf : target=0.100ns count=1 avg=0.006ns sd=0.000ns min=0.006ns max=0.006ns {1 <= 0.060ns, 0 <= 0.080ns, 0 <= 0.090ns, 0 <= 0.095ns, 0 <= 0.100ns}
    Primary reporting skew groups after 'Removing unconstrained drivers':
      skew_group clk/sdc_cons: insertion delay [min=0.000, max=0.003], skew [0.003 vs 0.101]
    Skew group summary after 'Removing unconstrained drivers':
      skew_group clk/sdc_cons: insertion delay [min=0.000, max=0.003], skew [0.003 vs 0.101]
    Legalizer API calls during this step: 0 succeeded with high effort: 0 succeeded with medium effort: 0 succeeded with low effort: 0 succeeded with basic effort: 0 succeeded with basic unbounded effort: 0
  Removing unconstrained drivers done. (took cpu=0:00:00.0 real=0:00:00.0)
  Reducing insertion delay 1...
    Clock DAG stats after 'Reducing insertion delay 1':
      cell counts      : b=0, i=0, icg=0, dcg=0, l=0, total=0
      sink counts      : regular=26, enable_latch=0, load_capacitance=0, antenna=0, node_sink=0, total=26
      misc counts      : r=1, pp=0, mci=0
      cell areas       : b=0.000um^2, i=0.000um^2, icg=0.000um^2, dcg=0.000um^2, l=0.000um^2, total=0.000um^2
      cell capacitance : b=0.000pF, i=0.000pF, icg=0.000pF, dcg=0.000pF, l=0.000pF, total=0.000pF
      sink capacitance : total=0.005pF, avg=0.000pF, sd=0.000pF, min=0.000pF, max=0.000pF
      wire capacitance : top=0.000pF, trunk=0.000pF, leaf=0.014pF, total=0.014pF
      wire lengths     : top=0.000um, trunk=0.000um, leaf=107.986um, total=107.986um
      hp wire lengths  : top=0.000um, trunk=0.000um, leaf=0.000um, total=0.000um
    Clock DAG net violations after 'Reducing insertion delay 1': none
    Clock DAG primary half-corner transition distribution after 'Reducing insertion delay 1':
      Leaf : target=0.100ns count=1 avg=0.006ns sd=0.000ns min=0.006ns max=0.006ns {1 <= 0.060ns, 0 <= 0.080ns, 0 <= 0.090ns, 0 <= 0.095ns, 0 <= 0.100ns}
    Primary reporting skew groups after 'Reducing insertion delay 1':
      skew_group clk/sdc_cons: insertion delay [min=0.000, max=0.003], skew [0.003 vs 0.101]
    Skew group summary after 'Reducing insertion delay 1':
      skew_group clk/sdc_cons: insertion delay [min=0.000, max=0.003], skew [0.003 vs 0.101]
    Legalizer API calls during this step: 3 succeeded with high effort: 3 succeeded with medium effort: 0 succeeded with low effort: 0 succeeded with basic effort: 0 succeeded with basic unbounded effort: 0
  Reducing insertion delay 1 done. (took cpu=0:00:00.0 real=0:00:00.0)
  Removing longest path buffering...
    Clock DAG stats after 'Removing longest path buffering':
      cell counts      : b=0, i=0, icg=0, dcg=0, l=0, total=0
      sink counts      : regular=26, enable_latch=0, load_capacitance=0, antenna=0, node_sink=0, total=26
      misc counts      : r=1, pp=0, mci=0
      cell areas       : b=0.000um^2, i=0.000um^2, icg=0.000um^2, dcg=0.000um^2, l=0.000um^2, total=0.000um^2
      cell capacitance : b=0.000pF, i=0.000pF, icg=0.000pF, dcg=0.000pF, l=0.000pF, total=0.000pF
      sink capacitance : total=0.005pF, avg=0.000pF, sd=0.000pF, min=0.000pF, max=0.000pF
      wire capacitance : top=0.000pF, trunk=0.000pF, leaf=0.014pF, total=0.014pF
      wire lengths     : top=0.000um, trunk=0.000um, leaf=107.986um, total=107.986um
      hp wire lengths  : top=0.000um, trunk=0.000um, leaf=0.000um, total=0.000um
    Clock DAG net violations after 'Removing longest path buffering': none
    Clock DAG primary half-corner transition distribution after 'Removing longest path buffering':
      Leaf : target=0.100ns count=1 avg=0.006ns sd=0.000ns min=0.006ns max=0.006ns {1 <= 0.060ns, 0 <= 0.080ns, 0 <= 0.090ns, 0 <= 0.095ns, 0 <= 0.100ns}
    Primary reporting skew groups after 'Removing longest path buffering':
      skew_group clk/sdc_cons: insertion delay [min=0.000, max=0.003], skew [0.003 vs 0.101]
    Skew group summary after 'Removing longest path buffering':
      skew_group clk/sdc_cons: insertion delay [min=0.000, max=0.003], skew [0.003 vs 0.101]
    Legalizer API calls during this step: 0 succeeded with high effort: 0 succeeded with medium effort: 0 succeeded with low effort: 0 succeeded with basic effort: 0 succeeded with basic unbounded effort: 0
  Removing longest path buffering done. (took cpu=0:00:00.0 real=0:00:00.0)
  Reducing insertion delay 2...
    Clock DAG stats after 'Reducing insertion delay 2':
      cell counts      : b=0, i=0, icg=0, dcg=0, l=0, total=0
      sink counts      : regular=26, enable_latch=0, load_capacitance=0, antenna=0, node_sink=0, total=26
      misc counts      : r=1, pp=0, mci=0
      cell areas       : b=0.000um^2, i=0.000um^2, icg=0.000um^2, dcg=0.000um^2, l=0.000um^2, total=0.000um^2
      cell capacitance : b=0.000pF, i=0.000pF, icg=0.000pF, dcg=0.000pF, l=0.000pF, total=0.000pF
      sink capacitance : total=0.005pF, avg=0.000pF, sd=0.000pF, min=0.000pF, max=0.000pF
      wire capacitance : top=0.000pF, trunk=0.000pF, leaf=0.014pF, total=0.014pF
      wire lengths     : top=0.000um, trunk=0.000um, leaf=107.986um, total=107.986um
      hp wire lengths  : top=0.000um, trunk=0.000um, leaf=0.000um, total=0.000um
    Clock DAG net violations after 'Reducing insertion delay 2': none
    Clock DAG primary half-corner transition distribution after 'Reducing insertion delay 2':
      Leaf : target=0.100ns count=1 avg=0.006ns sd=0.000ns min=0.006ns max=0.006ns {1 <= 0.060ns, 0 <= 0.080ns, 0 <= 0.090ns, 0 <= 0.095ns, 0 <= 0.100ns}
    Primary reporting skew groups after 'Reducing insertion delay 2':
      skew_group clk/sdc_cons: insertion delay [min=0.000, max=0.003, avg=0.002, sd=0.001, skn=-0.497, kur=-1.225], skew [0.003 vs 0.101], 100% {0.000, 0.003} (wid=0.003 ws=0.003) (gid=0.000 gs=0.000)
    Skew group summary after 'Reducing insertion delay 2':
      skew_group clk/sdc_cons: insertion delay [min=0.000, max=0.003, avg=0.002, sd=0.001, skn=-0.497, kur=-1.225], skew [0.003 vs 0.101], 100% {0.000, 0.003} (wid=0.003 ws=0.003) (gid=0.000 gs=0.000)
    Legalizer API calls during this step: 0 succeeded with high effort: 0 succeeded with medium effort: 0 succeeded with low effort: 0 succeeded with basic effort: 0 succeeded with basic unbounded effort: 0
  Reducing insertion delay 2 done. (took cpu=0:00:00.0 real=0:00:00.0)
  Stage::Insertion Delay Reduction done. (took cpu=0:00:00.0 real=0:00:00.0)
  CCOpt::Phase::Construction done. (took cpu=0:00:00.8 real=0:00:00.8)
  CCOpt::Phase::Implementation...
  Stage::Reducing Power...
  Improving clock tree routing...
    Iteration 1...
    Iteration 1 done.
    Clock DAG stats after 'Improving clock tree routing':
      cell counts      : b=0, i=0, icg=0, dcg=0, l=0, total=0
      sink counts      : regular=26, enable_latch=0, load_capacitance=0, antenna=0, node_sink=0, total=26
      misc counts      : r=1, pp=0, mci=0
      cell areas       : b=0.000um^2, i=0.000um^2, icg=0.000um^2, dcg=0.000um^2, l=0.000um^2, total=0.000um^2
      cell capacitance : b=0.000pF, i=0.000pF, icg=0.000pF, dcg=0.000pF, l=0.000pF, total=0.000pF
      sink capacitance : total=0.005pF, avg=0.000pF, sd=0.000pF, min=0.000pF, max=0.000pF
      wire capacitance : top=0.000pF, trunk=0.000pF, leaf=0.014pF, total=0.014pF
      wire lengths     : top=0.000um, trunk=0.000um, leaf=107.986um, total=107.986um
      hp wire lengths  : top=0.000um, trunk=0.000um, leaf=0.000um, total=0.000um
    Clock DAG net violations after 'Improving clock tree routing': none
    Clock DAG primary half-corner transition distribution after 'Improving clock tree routing':
      Leaf : target=0.100ns count=1 avg=0.006ns sd=0.000ns min=0.006ns max=0.006ns {1 <= 0.060ns, 0 <= 0.080ns, 0 <= 0.090ns, 0 <= 0.095ns, 0 <= 0.100ns}
    Primary reporting skew groups after 'Improving clock tree routing':
      skew_group clk/sdc_cons: insertion delay [min=0.000, max=0.003], skew [0.003 vs 0.101]
    Skew group summary after 'Improving clock tree routing':
      skew_group clk/sdc_cons: insertion delay [min=0.000, max=0.003], skew [0.003 vs 0.101]
    Legalizer API calls during this step: 0 succeeded with high effort: 0 succeeded with medium effort: 0 succeeded with low effort: 0 succeeded with basic effort: 0 succeeded with basic unbounded effort: 0
  Improving clock tree routing done. (took cpu=0:00:00.0 real=0:00:00.0)
  Reducing clock tree power 1...
    Resizing gates: 
    ...20% ...40% ...60% ...80% ...Legalizing clock trees...
    Legalizing clock trees done. (took cpu=0:00:00.0 real=0:00:00.0)
    100% 
    Clock DAG stats after 'Reducing clock tree power 1':
      cell counts      : b=0, i=0, icg=0, dcg=0, l=0, total=0
      sink counts      : regular=26, enable_latch=0, load_capacitance=0, antenna=0, node_sink=0, total=26
      misc counts      : r=1, pp=0, mci=0
      cell areas       : b=0.000um^2, i=0.000um^2, icg=0.000um^2, dcg=0.000um^2, l=0.000um^2, total=0.000um^2
      cell capacitance : b=0.000pF, i=0.000pF, icg=0.000pF, dcg=0.000pF, l=0.000pF, total=0.000pF
      sink capacitance : total=0.005pF, avg=0.000pF, sd=0.000pF, min=0.000pF, max=0.000pF
      wire capacitance : top=0.000pF, trunk=0.000pF, leaf=0.014pF, total=0.014pF
      wire lengths     : top=0.000um, trunk=0.000um, leaf=107.986um, total=107.986um
      hp wire lengths  : top=0.000um, trunk=0.000um, leaf=0.000um, total=0.000um
    Clock DAG net violations after 'Reducing clock tree power 1': none
    Clock DAG primary half-corner transition distribution after 'Reducing clock tree power 1':
      Leaf : target=0.100ns count=1 avg=0.006ns sd=0.000ns min=0.006ns max=0.006ns {1 <= 0.060ns, 0 <= 0.080ns, 0 <= 0.090ns, 0 <= 0.095ns, 0 <= 0.100ns}
    Primary reporting skew groups after 'Reducing clock tree power 1':
      skew_group clk/sdc_cons: insertion delay [min=0.000, max=0.003], skew [0.003 vs 0.101]
    Skew group summary after 'Reducing clock tree power 1':
      skew_group clk/sdc_cons: insertion delay [min=0.000, max=0.003], skew [0.003 vs 0.101]
    Legalizer API calls during this step: 0 succeeded with high effort: 0 succeeded with medium effort: 0 succeeded with low effort: 0 succeeded with basic effort: 0 succeeded with basic unbounded effort: 0
  Reducing clock tree power 1 done. (took cpu=0:00:00.0 real=0:00:00.0)
  Reducing clock tree power 2...
    Clock DAG stats after 'Reducing clock tree power 2':
      cell counts      : b=0, i=0, icg=0, dcg=0, l=0, total=0
      sink counts      : regular=26, enable_latch=0, load_capacitance=0, antenna=0, node_sink=0, total=26
      misc counts      : r=1, pp=0, mci=0
      cell areas       : b=0.000um^2, i=0.000um^2, icg=0.000um^2, dcg=0.000um^2, l=0.000um^2, total=0.000um^2
      cell capacitance : b=0.000pF, i=0.000pF, icg=0.000pF, dcg=0.000pF, l=0.000pF, total=0.000pF
      sink capacitance : total=0.005pF, avg=0.000pF, sd=0.000pF, min=0.000pF, max=0.000pF
      wire capacitance : top=0.000pF, trunk=0.000pF, leaf=0.014pF, total=0.014pF
      wire lengths     : top=0.000um, trunk=0.000um, leaf=107.986um, total=107.986um
      hp wire lengths  : top=0.000um, trunk=0.000um, leaf=0.000um, total=0.000um
    Clock DAG net violations after 'Reducing clock tree power 2': none
    Clock DAG primary half-corner transition distribution after 'Reducing clock tree power 2':
      Leaf : target=0.100ns count=1 avg=0.006ns sd=0.000ns min=0.006ns max=0.006ns {1 <= 0.060ns, 0 <= 0.080ns, 0 <= 0.090ns, 0 <= 0.095ns, 0 <= 0.100ns}
    Primary reporting skew groups after 'Reducing clock tree power 2':
      skew_group clk/sdc_cons: insertion delay [min=0.000, max=0.003, avg=0.002, sd=0.001, skn=-0.497, kur=-1.225], skew [0.003 vs 0.101], 100% {0.000, 0.003} (wid=0.003 ws=0.003) (gid=0.000 gs=0.000)
    Skew group summary after 'Reducing clock tree power 2':
      skew_group clk/sdc_cons: insertion delay [min=0.000, max=0.003, avg=0.002, sd=0.001, skn=-0.497, kur=-1.225], skew [0.003 vs 0.101], 100% {0.000, 0.003} (wid=0.003 ws=0.003) (gid=0.000 gs=0.000)
    Legalizer API calls during this step: 0 succeeded with high effort: 0 succeeded with medium effort: 0 succeeded with low effort: 0 succeeded with basic effort: 0 succeeded with basic unbounded effort: 0
  Reducing clock tree power 2 done. (took cpu=0:00:00.0 real=0:00:00.0)
  Stage::Reducing Power done. (took cpu=0:00:00.0 real=0:00:00.0)
  Stage::Balancing...
  AdjustingMinPinPIDs for balancing...
    Approximately balancing fragments step...
      Resolve constraints - Approximately balancing fragments...
      Resolving skew group constraints...
        Solving LP: 1 skew groups; 2 fragments, 2 fraglets and 3 vertices; 12 variables and 27 constraints; tolerance 1
      Resolving skew group constraints done.
      Resolve constraints - Approximately balancing fragments done. (took cpu=0:00:00.0 real=0:00:00.0)
      Estimate delay to be added in balancing - Approximately balancing fragments...
      Trial balancer estimated the amount of delay to be added in balancing: 0.000ns
      Estimate delay to be added in balancing - Approximately balancing fragments done. (took cpu=0:00:00.0 real=0:00:00.0)
      Approximately balancing fragments...
        Moving gates to improve sub-tree skew...
          Tried: 2 Succeeded: 0
          Topology Tried: 0 Succeeded: 0
          0 Succeeded with SS ratio
          0 Succeeded with Lollipop: 0 with tier one, 0 with tier two. 
          Total reducing skew: 0 Average reducing skew for 0 nets : 0
          Clock DAG stats after 'Moving gates to improve sub-tree skew':
            cell counts      : b=0, i=0, icg=0, dcg=0, l=0, total=0
            sink counts      : regular=26, enable_latch=0, load_capacitance=0, antenna=0, node_sink=0, total=26
            misc counts      : r=1, pp=0, mci=0
            cell areas       : b=0.000um^2, i=0.000um^2, icg=0.000um^2, dcg=0.000um^2, l=0.000um^2, total=0.000um^2
            cell capacitance : b=0.000pF, i=0.000pF, icg=0.000pF, dcg=0.000pF, l=0.000pF, total=0.000pF
            sink capacitance : total=0.005pF, avg=0.000pF, sd=0.000pF, min=0.000pF, max=0.000pF
            wire capacitance : top=0.000pF, trunk=0.000pF, leaf=0.014pF, total=0.014pF
            wire lengths     : top=0.000um, trunk=0.000um, leaf=107.986um, total=107.986um
            hp wire lengths  : top=0.000um, trunk=0.000um, leaf=0.000um, total=0.000um
          Clock DAG net violations after 'Moving gates to improve sub-tree skew': none
          Clock DAG primary half-corner transition distribution after 'Moving gates to improve sub-tree skew':
            Leaf : target=0.100ns count=1 avg=0.006ns sd=0.000ns min=0.006ns max=0.006ns {1 <= 0.060ns, 0 <= 0.080ns, 0 <= 0.090ns, 0 <= 0.095ns, 0 <= 0.100ns}
          Legalizer API calls during this step: 0 succeeded with high effort: 0 succeeded with medium effort: 0 succeeded with low effort: 0 succeeded with basic effort: 0 succeeded with basic unbounded effort: 0
        Moving gates to improve sub-tree skew done. (took cpu=0:00:00.0 real=0:00:00.0)
        Approximately balancing fragments bottom up...
          bottom up balancing: ...20% ...40% ...60% ...80% ...100% 
          Clock DAG stats after 'Approximately balancing fragments bottom up':
            cell counts      : b=0, i=0, icg=0, dcg=0, l=0, total=0
            sink counts      : regular=26, enable_latch=0, load_capacitance=0, antenna=0, node_sink=0, total=26
            misc counts      : r=1, pp=0, mci=0
            cell areas       : b=0.000um^2, i=0.000um^2, icg=0.000um^2, dcg=0.000um^2, l=0.000um^2, total=0.000um^2
            cell capacitance : b=0.000pF, i=0.000pF, icg=0.000pF, dcg=0.000pF, l=0.000pF, total=0.000pF
            sink capacitance : total=0.005pF, avg=0.000pF, sd=0.000pF, min=0.000pF, max=0.000pF
            wire capacitance : top=0.000pF, trunk=0.000pF, leaf=0.014pF, total=0.014pF
            wire lengths     : top=0.000um, trunk=0.000um, leaf=107.986um, total=107.986um
            hp wire lengths  : top=0.000um, trunk=0.000um, leaf=0.000um, total=0.000um
          Clock DAG net violations after 'Approximately balancing fragments bottom up': none
          Clock DAG primary half-corner transition distribution after 'Approximately balancing fragments bottom up':
            Leaf : target=0.100ns count=1 avg=0.006ns sd=0.000ns min=0.006ns max=0.006ns {1 <= 0.060ns, 0 <= 0.080ns, 0 <= 0.090ns, 0 <= 0.095ns, 0 <= 0.100ns}
          Legalizer API calls during this step: 0 succeeded with high effort: 0 succeeded with medium effort: 0 succeeded with low effort: 0 succeeded with basic effort: 0 succeeded with basic unbounded effort: 0
        Approximately balancing fragments bottom up done. (took cpu=0:00:00.0 real=0:00:00.0)
        Approximately balancing fragments, wire and cell delays...
        Approximately balancing fragments, wire and cell delays, iteration 1...
          Clock DAG stats after Approximately balancing fragments, wire and cell delays, iteration 1:
            cell counts      : b=0, i=0, icg=0, dcg=0, l=0, total=0
            sink counts      : regular=26, enable_latch=0, load_capacitance=0, antenna=0, node_sink=0, total=26
            misc counts      : r=1, pp=0, mci=0
            cell areas       : b=0.000um^2, i=0.000um^2, icg=0.000um^2, dcg=0.000um^2, l=0.000um^2, total=0.000um^2
            cell capacitance : b=0.000pF, i=0.000pF, icg=0.000pF, dcg=0.000pF, l=0.000pF, total=0.000pF
            sink capacitance : total=0.005pF, avg=0.000pF, sd=0.000pF, min=0.000pF, max=0.000pF
            wire capacitance : top=0.000pF, trunk=0.000pF, leaf=0.014pF, total=0.014pF
            wire lengths     : top=0.000um, trunk=0.000um, leaf=107.986um, total=107.986um
            hp wire lengths  : top=0.000um, trunk=0.000um, leaf=0.000um, total=0.000um
          Clock DAG net violations after Approximately balancing fragments, wire and cell delays, iteration 1: none
          Clock DAG primary half-corner transition distribution after Approximately balancing fragments, wire and cell delays, iteration 1:
            Leaf : target=0.100ns count=1 avg=0.006ns sd=0.000ns min=0.006ns max=0.006ns {1 <= 0.060ns, 0 <= 0.080ns, 0 <= 0.090ns, 0 <= 0.095ns, 0 <= 0.100ns}
        Approximately balancing fragments, wire and cell delays, iteration 1 done.
        Approximately balancing fragments, wire and cell delays done. (took cpu=0:00:00.0 real=0:00:00.0)
      Approximately balancing fragments done.
      Clock DAG stats after 'Approximately balancing fragments step':
        cell counts      : b=0, i=0, icg=0, dcg=0, l=0, total=0
        sink counts      : regular=26, enable_latch=0, load_capacitance=0, antenna=0, node_sink=0, total=26
        misc counts      : r=1, pp=0, mci=0
        cell areas       : b=0.000um^2, i=0.000um^2, icg=0.000um^2, dcg=0.000um^2, l=0.000um^2, total=0.000um^2
        cell capacitance : b=0.000pF, i=0.000pF, icg=0.000pF, dcg=0.000pF, l=0.000pF, total=0.000pF
        sink capacitance : total=0.005pF, avg=0.000pF, sd=0.000pF, min=0.000pF, max=0.000pF
        wire capacitance : top=0.000pF, trunk=0.000pF, leaf=0.014pF, total=0.014pF
        wire lengths     : top=0.000um, trunk=0.000um, leaf=107.986um, total=107.986um
        hp wire lengths  : top=0.000um, trunk=0.000um, leaf=0.000um, total=0.000um
      Clock DAG net violations after 'Approximately balancing fragments step': none
      Clock DAG primary half-corner transition distribution after 'Approximately balancing fragments step':
        Leaf : target=0.100ns count=1 avg=0.006ns sd=0.000ns min=0.006ns max=0.006ns {1 <= 0.060ns, 0 <= 0.080ns, 0 <= 0.090ns, 0 <= 0.095ns, 0 <= 0.100ns}
      Legalizer API calls during this step: 0 succeeded with high effort: 0 succeeded with medium effort: 0 succeeded with low effort: 0 succeeded with basic effort: 0 succeeded with basic unbounded effort: 0
    Approximately balancing fragments step done. (took cpu=0:00:00.0 real=0:00:00.0)
    Clock DAG stats after Approximately balancing fragments:
      cell counts      : b=0, i=0, icg=0, dcg=0, l=0, total=0
      sink counts      : regular=26, enable_latch=0, load_capacitance=0, antenna=0, node_sink=0, total=26
      misc counts      : r=1, pp=0, mci=0
      cell areas       : b=0.000um^2, i=0.000um^2, icg=0.000um^2, dcg=0.000um^2, l=0.000um^2, total=0.000um^2
      cell capacitance : b=0.000pF, i=0.000pF, icg=0.000pF, dcg=0.000pF, l=0.000pF, total=0.000pF
      sink capacitance : total=0.005pF, avg=0.000pF, sd=0.000pF, min=0.000pF, max=0.000pF
      wire capacitance : top=0.000pF, trunk=0.000pF, leaf=0.014pF, total=0.014pF
      wire lengths     : top=0.000um, trunk=0.000um, leaf=107.986um, total=107.986um
      hp wire lengths  : top=0.000um, trunk=0.000um, leaf=0.000um, total=0.000um
    Clock DAG net violations after Approximately balancing fragments: none
    Clock DAG primary half-corner transition distribution after Approximately balancing fragments:
      Leaf : target=0.100ns count=1 avg=0.006ns sd=0.000ns min=0.006ns max=0.006ns {1 <= 0.060ns, 0 <= 0.080ns, 0 <= 0.090ns, 0 <= 0.095ns, 0 <= 0.100ns}
    Primary reporting skew groups after Approximately balancing fragments:
      skew_group clk/sdc_cons: insertion delay [min=0.000, max=0.003], skew [0.003 vs 0.101]
    Skew group summary after Approximately balancing fragments:
      skew_group clk/sdc_cons: insertion delay [min=0.000, max=0.003], skew [0.003 vs 0.101]
    Improving fragments clock skew...
      Clock DAG stats after 'Improving fragments clock skew':
        cell counts      : b=0, i=0, icg=0, dcg=0, l=0, total=0
        sink counts      : regular=26, enable_latch=0, load_capacitance=0, antenna=0, node_sink=0, total=26
        misc counts      : r=1, pp=0, mci=0
        cell areas       : b=0.000um^2, i=0.000um^2, icg=0.000um^2, dcg=0.000um^2, l=0.000um^2, total=0.000um^2
        cell capacitance : b=0.000pF, i=0.000pF, icg=0.000pF, dcg=0.000pF, l=0.000pF, total=0.000pF
        sink capacitance : total=0.005pF, avg=0.000pF, sd=0.000pF, min=0.000pF, max=0.000pF
        wire capacitance : top=0.000pF, trunk=0.000pF, leaf=0.014pF, total=0.014pF
        wire lengths     : top=0.000um, trunk=0.000um, leaf=107.986um, total=107.986um
        hp wire lengths  : top=0.000um, trunk=0.000um, leaf=0.000um, total=0.000um
      Clock DAG net violations after 'Improving fragments clock skew': none
      Clock DAG primary half-corner transition distribution after 'Improving fragments clock skew':
        Leaf : target=0.100ns count=1 avg=0.006ns sd=0.000ns min=0.006ns max=0.006ns {1 <= 0.060ns, 0 <= 0.080ns, 0 <= 0.090ns, 0 <= 0.095ns, 0 <= 0.100ns}
      Primary reporting skew groups after 'Improving fragments clock skew':
        skew_group clk/sdc_cons: insertion delay [min=0.000, max=0.003], skew [0.003 vs 0.101]
      Skew group summary after 'Improving fragments clock skew':
        skew_group clk/sdc_cons: insertion delay [min=0.000, max=0.003], skew [0.003 vs 0.101]
      Legalizer API calls during this step: 0 succeeded with high effort: 0 succeeded with medium effort: 0 succeeded with low effort: 0 succeeded with basic effort: 0 succeeded with basic unbounded effort: 0
    Improving fragments clock skew done. (took cpu=0:00:00.0 real=0:00:00.0)
    Legalizer API calls during this step: 0 succeeded with high effort: 0 succeeded with medium effort: 0 succeeded with low effort: 0 succeeded with basic effort: 0 succeeded with basic unbounded effort: 0
  AdjustingMinPinPIDs for balancing done. (took cpu=0:00:00.0 real=0:00:00.0)
  Approximately balancing step...
    Resolve constraints - Approximately balancing...
    Resolving skew group constraints...
      Solving LP: 1 skew groups; 2 fragments, 2 fraglets and 3 vertices; 12 variables and 27 constraints; tolerance 1
    Resolving skew group constraints done.
    Resolve constraints - Approximately balancing done. (took cpu=0:00:00.0 real=0:00:00.0)
    Approximately balancing...
      Approximately balancing, wire and cell delays...
      Approximately balancing, wire and cell delays, iteration 1...
        Clock DAG stats after Approximately balancing, wire and cell delays, iteration 1:
          cell counts      : b=0, i=0, icg=0, dcg=0, l=0, total=0
          sink counts      : regular=26, enable_latch=0, load_capacitance=0, antenna=0, node_sink=0, total=26
          misc counts      : r=1, pp=0, mci=0
          cell areas       : b=0.000um^2, i=0.000um^2, icg=0.000um^2, dcg=0.000um^2, l=0.000um^2, total=0.000um^2
          cell capacitance : b=0.000pF, i=0.000pF, icg=0.000pF, dcg=0.000pF, l=0.000pF, total=0.000pF
          sink capacitance : total=0.005pF, avg=0.000pF, sd=0.000pF, min=0.000pF, max=0.000pF
          wire capacitance : top=0.000pF, trunk=0.000pF, leaf=0.014pF, total=0.014pF
          wire lengths     : top=0.000um, trunk=0.000um, leaf=107.986um, total=107.986um
          hp wire lengths  : top=0.000um, trunk=0.000um, leaf=0.000um, total=0.000um
        Clock DAG net violations after Approximately balancing, wire and cell delays, iteration 1: none
        Clock DAG primary half-corner transition distribution after Approximately balancing, wire and cell delays, iteration 1:
          Leaf : target=0.100ns count=1 avg=0.006ns sd=0.000ns min=0.006ns max=0.006ns {1 <= 0.060ns, 0 <= 0.080ns, 0 <= 0.090ns, 0 <= 0.095ns, 0 <= 0.100ns}
      Approximately balancing, wire and cell delays, iteration 1 done.
      Approximately balancing, wire and cell delays done. (took cpu=0:00:00.0 real=0:00:00.0)
    Approximately balancing done.
    Clock DAG stats after 'Approximately balancing step':
      cell counts      : b=0, i=0, icg=0, dcg=0, l=0, total=0
      sink counts      : regular=26, enable_latch=0, load_capacitance=0, antenna=0, node_sink=0, total=26
      misc counts      : r=1, pp=0, mci=0
      cell areas       : b=0.000um^2, i=0.000um^2, icg=0.000um^2, dcg=0.000um^2, l=0.000um^2, total=0.000um^2
      cell capacitance : b=0.000pF, i=0.000pF, icg=0.000pF, dcg=0.000pF, l=0.000pF, total=0.000pF
      sink capacitance : total=0.005pF, avg=0.000pF, sd=0.000pF, min=0.000pF, max=0.000pF
      wire capacitance : top=0.000pF, trunk=0.000pF, leaf=0.014pF, total=0.014pF
      wire lengths     : top=0.000um, trunk=0.000um, leaf=107.986um, total=107.986um
      hp wire lengths  : top=0.000um, trunk=0.000um, leaf=0.000um, total=0.000um
    Clock DAG net violations after 'Approximately balancing step': none
    Clock DAG primary half-corner transition distribution after 'Approximately balancing step':
      Leaf : target=0.100ns count=1 avg=0.006ns sd=0.000ns min=0.006ns max=0.006ns {1 <= 0.060ns, 0 <= 0.080ns, 0 <= 0.090ns, 0 <= 0.095ns, 0 <= 0.100ns}
    Primary reporting skew groups after 'Approximately balancing step':
      skew_group clk/sdc_cons: insertion delay [min=0.000, max=0.003], skew [0.003 vs 0.101]
    Skew group summary after 'Approximately balancing step':
      skew_group clk/sdc_cons: insertion delay [min=0.000, max=0.003], skew [0.003 vs 0.101]
    Legalizer API calls during this step: 0 succeeded with high effort: 0 succeeded with medium effort: 0 succeeded with low effort: 0 succeeded with basic effort: 0 succeeded with basic unbounded effort: 0
  Approximately balancing step done. (took cpu=0:00:00.0 real=0:00:00.0)
  Fixing clock tree overload...
    Fixing clock tree overload: ...20% ...40% ...60% ...80% ...100% 
    Clock DAG stats after 'Fixing clock tree overload':
      cell counts      : b=0, i=0, icg=0, dcg=0, l=0, total=0
      sink counts      : regular=26, enable_latch=0, load_capacitance=0, antenna=0, node_sink=0, total=26
      misc counts      : r=1, pp=0, mci=0
      cell areas       : b=0.000um^2, i=0.000um^2, icg=0.000um^2, dcg=0.000um^2, l=0.000um^2, total=0.000um^2
      cell capacitance : b=0.000pF, i=0.000pF, icg=0.000pF, dcg=0.000pF, l=0.000pF, total=0.000pF
      sink capacitance : total=0.005pF, avg=0.000pF, sd=0.000pF, min=0.000pF, max=0.000pF
      wire capacitance : top=0.000pF, trunk=0.000pF, leaf=0.014pF, total=0.014pF
      wire lengths     : top=0.000um, trunk=0.000um, leaf=107.986um, total=107.986um
      hp wire lengths  : top=0.000um, trunk=0.000um, leaf=0.000um, total=0.000um
    Clock DAG net violations after 'Fixing clock tree overload': none
    Clock DAG primary half-corner transition distribution after 'Fixing clock tree overload':
      Leaf : target=0.100ns count=1 avg=0.006ns sd=0.000ns min=0.006ns max=0.006ns {1 <= 0.060ns, 0 <= 0.080ns, 0 <= 0.090ns, 0 <= 0.095ns, 0 <= 0.100ns}
    Primary reporting skew groups after 'Fixing clock tree overload':
      skew_group clk/sdc_cons: insertion delay [min=0.000, max=0.003], skew [0.003 vs 0.101]
    Skew group summary after 'Fixing clock tree overload':
      skew_group clk/sdc_cons: insertion delay [min=0.000, max=0.003], skew [0.003 vs 0.101]
    Legalizer API calls during this step: 0 succeeded with high effort: 0 succeeded with medium effort: 0 succeeded with low effort: 0 succeeded with basic effort: 0 succeeded with basic unbounded effort: 0
  Fixing clock tree overload done. (took cpu=0:00:00.0 real=0:00:00.0)
  Approximately balancing paths...
    Added 0 buffers.
    Clock DAG stats after 'Approximately balancing paths':
      cell counts      : b=0, i=0, icg=0, dcg=0, l=0, total=0
      sink counts      : regular=26, enable_latch=0, load_capacitance=0, antenna=0, node_sink=0, total=26
      misc counts      : r=1, pp=0, mci=0
      cell areas       : b=0.000um^2, i=0.000um^2, icg=0.000um^2, dcg=0.000um^2, l=0.000um^2, total=0.000um^2
      cell capacitance : b=0.000pF, i=0.000pF, icg=0.000pF, dcg=0.000pF, l=0.000pF, total=0.000pF
      sink capacitance : total=0.005pF, avg=0.000pF, sd=0.000pF, min=0.000pF, max=0.000pF
      wire capacitance : top=0.000pF, trunk=0.000pF, leaf=0.014pF, total=0.014pF
      wire lengths     : top=0.000um, trunk=0.000um, leaf=107.986um, total=107.986um
      hp wire lengths  : top=0.000um, trunk=0.000um, leaf=0.000um, total=0.000um
    Clock DAG net violations after 'Approximately balancing paths': none
    Clock DAG primary half-corner transition distribution after 'Approximately balancing paths':
      Leaf : target=0.100ns count=1 avg=0.006ns sd=0.000ns min=0.006ns max=0.006ns {1 <= 0.060ns, 0 <= 0.080ns, 0 <= 0.090ns, 0 <= 0.095ns, 0 <= 0.100ns}
    Primary reporting skew groups after 'Approximately balancing paths':
      skew_group clk/sdc_cons: insertion delay [min=0.000, max=0.003, avg=0.002, sd=0.001, skn=-0.497, kur=-1.225], skew [0.003 vs 0.101], 100% {0.000, 0.003} (wid=0.003 ws=0.003) (gid=0.000 gs=0.000)
    Skew group summary after 'Approximately balancing paths':
      skew_group clk/sdc_cons: insertion delay [min=0.000, max=0.003, avg=0.002, sd=0.001, skn=-0.497, kur=-1.225], skew [0.003 vs 0.101], 100% {0.000, 0.003} (wid=0.003 ws=0.003) (gid=0.000 gs=0.000)
    Legalizer API calls during this step: 0 succeeded with high effort: 0 succeeded with medium effort: 0 succeeded with low effort: 0 succeeded with basic effort: 0 succeeded with basic unbounded effort: 0
  Approximately balancing paths done. (took cpu=0:00:00.0 real=0:00:00.0)
  Stage::Balancing done. (took cpu=0:00:00.0 real=0:00:00.0)
  Stage::Polishing...
  Clock tree timing engine global stage delay update for max_delay:setup.late...
  Clock tree timing engine global stage delay update for max_delay:setup.late done. (took cpu=0:00:00.0 real=0:00:00.0)
  Clock DAG stats before polishing:
    cell counts      : b=0, i=0, icg=0, dcg=0, l=0, total=0
    sink counts      : regular=26, enable_latch=0, load_capacitance=0, antenna=0, node_sink=0, total=26
    misc counts      : r=1, pp=0, mci=0
    cell areas       : b=0.000um^2, i=0.000um^2, icg=0.000um^2, dcg=0.000um^2, l=0.000um^2, total=0.000um^2
    cell capacitance : b=0.000pF, i=0.000pF, icg=0.000pF, dcg=0.000pF, l=0.000pF, total=0.000pF
    sink capacitance : total=0.005pF, avg=0.000pF, sd=0.000pF, min=0.000pF, max=0.000pF
    wire capacitance : top=0.000pF, trunk=0.000pF, leaf=0.014pF, total=0.014pF
    wire lengths     : top=0.000um, trunk=0.000um, leaf=107.986um, total=107.986um
    hp wire lengths  : top=0.000um, trunk=0.000um, leaf=0.000um, total=0.000um
  Clock DAG net violations before polishing: none
  Clock DAG primary half-corner transition distribution before polishing:
    Leaf : target=0.100ns count=1 avg=0.006ns sd=0.000ns min=0.006ns max=0.006ns {1 <= 0.060ns, 0 <= 0.080ns, 0 <= 0.090ns, 0 <= 0.095ns, 0 <= 0.100ns}
  Primary reporting skew groups before polishing:
    skew_group clk/sdc_cons: insertion delay [min=0.000, max=0.003], skew [0.003 vs 0.101]
  Skew group summary before polishing:
    skew_group clk/sdc_cons: insertion delay [min=0.000, max=0.003], skew [0.003 vs 0.101]
  Merging balancing drivers for power...
    Tried: 2 Succeeded: 0
    Clock DAG stats after 'Merging balancing drivers for power':
      cell counts      : b=0, i=0, icg=0, dcg=0, l=0, total=0
      sink counts      : regular=26, enable_latch=0, load_capacitance=0, antenna=0, node_sink=0, total=26
      misc counts      : r=1, pp=0, mci=0
      cell areas       : b=0.000um^2, i=0.000um^2, icg=0.000um^2, dcg=0.000um^2, l=0.000um^2, total=0.000um^2
      cell capacitance : b=0.000pF, i=0.000pF, icg=0.000pF, dcg=0.000pF, l=0.000pF, total=0.000pF
      sink capacitance : total=0.005pF, avg=0.000pF, sd=0.000pF, min=0.000pF, max=0.000pF
      wire capacitance : top=0.000pF, trunk=0.000pF, leaf=0.014pF, total=0.014pF
      wire lengths     : top=0.000um, trunk=0.000um, leaf=107.986um, total=107.986um
      hp wire lengths  : top=0.000um, trunk=0.000um, leaf=0.000um, total=0.000um
    Clock DAG net violations after 'Merging balancing drivers for power': none
    Clock DAG primary half-corner transition distribution after 'Merging balancing drivers for power':
      Leaf : target=0.100ns count=1 avg=0.006ns sd=0.000ns min=0.006ns max=0.006ns {1 <= 0.060ns, 0 <= 0.080ns, 0 <= 0.090ns, 0 <= 0.095ns, 0 <= 0.100ns}
    Primary reporting skew groups after 'Merging balancing drivers for power':
      skew_group clk/sdc_cons: insertion delay [min=0.000, max=0.003], skew [0.003 vs 0.101]
    Skew group summary after 'Merging balancing drivers for power':
      skew_group clk/sdc_cons: insertion delay [min=0.000, max=0.003], skew [0.003 vs 0.101]
    Legalizer API calls during this step: 0 succeeded with high effort: 0 succeeded with medium effort: 0 succeeded with low effort: 0 succeeded with basic effort: 0 succeeded with basic unbounded effort: 0
  Merging balancing drivers for power done. (took cpu=0:00:00.0 real=0:00:00.0)
  Improving clock skew...
    Clock DAG stats after 'Improving clock skew':
      cell counts      : b=0, i=0, icg=0, dcg=0, l=0, total=0
      sink counts      : regular=26, enable_latch=0, load_capacitance=0, antenna=0, node_sink=0, total=26
      misc counts      : r=1, pp=0, mci=0
      cell areas       : b=0.000um^2, i=0.000um^2, icg=0.000um^2, dcg=0.000um^2, l=0.000um^2, total=0.000um^2
      cell capacitance : b=0.000pF, i=0.000pF, icg=0.000pF, dcg=0.000pF, l=0.000pF, total=0.000pF
      sink capacitance : total=0.005pF, avg=0.000pF, sd=0.000pF, min=0.000pF, max=0.000pF
      wire capacitance : top=0.000pF, trunk=0.000pF, leaf=0.014pF, total=0.014pF
      wire lengths     : top=0.000um, trunk=0.000um, leaf=107.986um, total=107.986um
      hp wire lengths  : top=0.000um, trunk=0.000um, leaf=0.000um, total=0.000um
    Clock DAG net violations after 'Improving clock skew': none
    Clock DAG primary half-corner transition distribution after 'Improving clock skew':
      Leaf : target=0.100ns count=1 avg=0.006ns sd=0.000ns min=0.006ns max=0.006ns {1 <= 0.060ns, 0 <= 0.080ns, 0 <= 0.090ns, 0 <= 0.095ns, 0 <= 0.100ns}
    Primary reporting skew groups after 'Improving clock skew':
      skew_group clk/sdc_cons: insertion delay [min=0.000, max=0.003, avg=0.002, sd=0.001, skn=-0.497, kur=-1.225], skew [0.003 vs 0.101], 100% {0.000, 0.003} (wid=0.003 ws=0.003) (gid=0.000 gs=0.000)
    Skew group summary after 'Improving clock skew':
      skew_group clk/sdc_cons: insertion delay [min=0.000, max=0.003, avg=0.002, sd=0.001, skn=-0.497, kur=-1.225], skew [0.003 vs 0.101], 100% {0.000, 0.003} (wid=0.003 ws=0.003) (gid=0.000 gs=0.000)
    Legalizer API calls during this step: 0 succeeded with high effort: 0 succeeded with medium effort: 0 succeeded with low effort: 0 succeeded with basic effort: 0 succeeded with basic unbounded effort: 0
  Improving clock skew done. (took cpu=0:00:00.0 real=0:00:00.0)
  Moving gates to reduce wire capacitance...
    Modified slew target multipliers. Leaf=(1 to 0.9) Trunk=(1 to 0.95) Top=(1 to 0.95)
    Iteration 1...
      Artificially removing short and long paths...
        Legalizer API calls during this step: 0 succeeded with high effort: 0 succeeded with medium effort: 0 succeeded with low effort: 0 succeeded with basic effort: 0 succeeded with basic unbounded effort: 0
      Artificially removing short and long paths done. (took cpu=0:00:00.0 real=0:00:00.0)
      Moving gates to reduce wire capacitance - iteration 1: WireCapReduction...
        Legalizing clock trees...
        Legalizing clock trees done. (took cpu=0:00:00.0 real=0:00:00.0)
        Legalizer API calls during this step: 0 succeeded with high effort: 0 succeeded with medium effort: 0 succeeded with low effort: 0 succeeded with basic effort: 0 succeeded with basic unbounded effort: 0
      Moving gates to reduce wire capacitance - iteration 1: WireCapReduction done. (took cpu=0:00:00.0 real=0:00:00.0)
      Moving gates to reduce wire capacitance - iteration 1: MoveGates...
        Moving gates: 
        ...20% ...40% ...60% ...80% ...Legalizing clock trees...
        Legalizing clock trees done. (took cpu=0:00:00.0 real=0:00:00.0)
        100% 
        Legalizer API calls during this step: 0 succeeded with high effort: 0 succeeded with medium effort: 0 succeeded with low effort: 0 succeeded with basic effort: 0 succeeded with basic unbounded effort: 0
      Moving gates to reduce wire capacitance - iteration 1: MoveGates done. (took cpu=0:00:00.0 real=0:00:00.0)
    Iteration 1 done.
    Reverted slew target multipliers. Leaf=(0.9 to 1) Trunk=(0.95 to 1) Top=(0.95 to 1)
    Clock DAG stats after 'Moving gates to reduce wire capacitance':
      cell counts      : b=0, i=0, icg=0, dcg=0, l=0, total=0
      sink counts      : regular=26, enable_latch=0, load_capacitance=0, antenna=0, node_sink=0, total=26
      misc counts      : r=1, pp=0, mci=0
      cell areas       : b=0.000um^2, i=0.000um^2, icg=0.000um^2, dcg=0.000um^2, l=0.000um^2, total=0.000um^2
      cell capacitance : b=0.000pF, i=0.000pF, icg=0.000pF, dcg=0.000pF, l=0.000pF, total=0.000pF
      sink capacitance : total=0.005pF, avg=0.000pF, sd=0.000pF, min=0.000pF, max=0.000pF
      wire capacitance : top=0.000pF, trunk=0.000pF, leaf=0.014pF, total=0.014pF
      wire lengths     : top=0.000um, trunk=0.000um, leaf=107.986um, total=107.986um
      hp wire lengths  : top=0.000um, trunk=0.000um, leaf=0.000um, total=0.000um
    Clock DAG net violations after 'Moving gates to reduce wire capacitance': none
    Clock DAG primary half-corner transition distribution after 'Moving gates to reduce wire capacitance':
      Leaf : target=0.100ns count=1 avg=0.006ns sd=0.000ns min=0.006ns max=0.006ns {1 <= 0.060ns, 0 <= 0.080ns, 0 <= 0.090ns, 0 <= 0.095ns, 0 <= 0.100ns}
    Primary reporting skew groups after 'Moving gates to reduce wire capacitance':
      skew_group clk/sdc_cons: insertion delay [min=0.000, max=0.003, avg=0.002, sd=0.001, skn=-0.497, kur=-1.225], skew [0.003 vs 0.101], 100% {0.000, 0.003} (wid=0.003 ws=0.003) (gid=0.000 gs=0.000)
    Skew group summary after 'Moving gates to reduce wire capacitance':
      skew_group clk/sdc_cons: insertion delay [min=0.000, max=0.003, avg=0.002, sd=0.001, skn=-0.497, kur=-1.225], skew [0.003 vs 0.101], 100% {0.000, 0.003} (wid=0.003 ws=0.003) (gid=0.000 gs=0.000)
    Legalizer API calls during this step: 0 succeeded with high effort: 0 succeeded with medium effort: 0 succeeded with low effort: 0 succeeded with basic effort: 0 succeeded with basic unbounded effort: 0
  Moving gates to reduce wire capacitance done. (took cpu=0:00:00.0 real=0:00:00.0)
  Reducing clock tree power 3...
    Artificially removing short and long paths...
      Legalizer API calls during this step: 0 succeeded with high effort: 0 succeeded with medium effort: 0 succeeded with low effort: 0 succeeded with basic effort: 0 succeeded with basic unbounded effort: 0
    Artificially removing short and long paths done. (took cpu=0:00:00.0 real=0:00:00.0)
    Initial gate capacitance is (rise=0.005pF fall=0.005pF).
    Resizing gates: 
    ...20% ...40% ...60% ...80% ...Legalizing clock trees...
    Legalizing clock trees done. (took cpu=0:00:00.0 real=0:00:00.0)
    100% 
    Clock DAG stats after 'Reducing clock tree power 3':
      cell counts      : b=0, i=0, icg=0, dcg=0, l=0, total=0
      sink counts      : regular=26, enable_latch=0, load_capacitance=0, antenna=0, node_sink=0, total=26
      misc counts      : r=1, pp=0, mci=0
      cell areas       : b=0.000um^2, i=0.000um^2, icg=0.000um^2, dcg=0.000um^2, l=0.000um^2, total=0.000um^2
      cell capacitance : b=0.000pF, i=0.000pF, icg=0.000pF, dcg=0.000pF, l=0.000pF, total=0.000pF
      sink capacitance : total=0.005pF, avg=0.000pF, sd=0.000pF, min=0.000pF, max=0.000pF
      wire capacitance : top=0.000pF, trunk=0.000pF, leaf=0.014pF, total=0.014pF
      wire lengths     : top=0.000um, trunk=0.000um, leaf=107.986um, total=107.986um
      hp wire lengths  : top=0.000um, trunk=0.000um, leaf=0.000um, total=0.000um
    Clock DAG net violations after 'Reducing clock tree power 3': none
    Clock DAG primary half-corner transition distribution after 'Reducing clock tree power 3':
      Leaf : target=0.100ns count=1 avg=0.006ns sd=0.000ns min=0.006ns max=0.006ns {1 <= 0.060ns, 0 <= 0.080ns, 0 <= 0.090ns, 0 <= 0.095ns, 0 <= 0.100ns}
    Primary reporting skew groups after 'Reducing clock tree power 3':
      skew_group clk/sdc_cons: insertion delay [min=0.000, max=0.003, avg=0.002, sd=0.001, skn=-0.497, kur=-1.225], skew [0.003 vs 0.101], 100% {0.000, 0.003} (wid=0.003 ws=0.003) (gid=0.000 gs=0.000)
    Skew group summary after 'Reducing clock tree power 3':
      skew_group clk/sdc_cons: insertion delay [min=0.000, max=0.003, avg=0.002, sd=0.001, skn=-0.497, kur=-1.225], skew [0.003 vs 0.101], 100% {0.000, 0.003} (wid=0.003 ws=0.003) (gid=0.000 gs=0.000)
    Legalizer API calls during this step: 0 succeeded with high effort: 0 succeeded with medium effort: 0 succeeded with low effort: 0 succeeded with basic effort: 0 succeeded with basic unbounded effort: 0
  Reducing clock tree power 3 done. (took cpu=0:00:00.0 real=0:00:00.0)
  Improving insertion delay...
    Clock DAG stats after 'Improving insertion delay':
      cell counts      : b=0, i=0, icg=0, dcg=0, l=0, total=0
      sink counts      : regular=26, enable_latch=0, load_capacitance=0, antenna=0, node_sink=0, total=26
      misc counts      : r=1, pp=0, mci=0
      cell areas       : b=0.000um^2, i=0.000um^2, icg=0.000um^2, dcg=0.000um^2, l=0.000um^2, total=0.000um^2
      cell capacitance : b=0.000pF, i=0.000pF, icg=0.000pF, dcg=0.000pF, l=0.000pF, total=0.000pF
      sink capacitance : total=0.005pF, avg=0.000pF, sd=0.000pF, min=0.000pF, max=0.000pF
      wire capacitance : top=0.000pF, trunk=0.000pF, leaf=0.014pF, total=0.014pF
      wire lengths     : top=0.000um, trunk=0.000um, leaf=107.986um, total=107.986um
      hp wire lengths  : top=0.000um, trunk=0.000um, leaf=0.000um, total=0.000um
    Clock DAG net violations after 'Improving insertion delay': none
    Clock DAG primary half-corner transition distribution after 'Improving insertion delay':
      Leaf : target=0.100ns count=1 avg=0.006ns sd=0.000ns min=0.006ns max=0.006ns {1 <= 0.060ns, 0 <= 0.080ns, 0 <= 0.090ns, 0 <= 0.095ns, 0 <= 0.100ns}
    Primary reporting skew groups after 'Improving insertion delay':
      skew_group clk/sdc_cons: insertion delay [min=0.000, max=0.003, avg=0.002, sd=0.001, skn=-0.497, kur=-1.225], skew [0.003 vs 0.101], 100% {0.000, 0.003} (wid=0.003 ws=0.003) (gid=0.000 gs=0.000)
    Skew group summary after 'Improving insertion delay':
      skew_group clk/sdc_cons: insertion delay [min=0.000, max=0.003, avg=0.002, sd=0.001, skn=-0.497, kur=-1.225], skew [0.003 vs 0.101], 100% {0.000, 0.003} (wid=0.003 ws=0.003) (gid=0.000 gs=0.000)
    Legalizer API calls during this step: 0 succeeded with high effort: 0 succeeded with medium effort: 0 succeeded with low effort: 0 succeeded with basic effort: 0 succeeded with basic unbounded effort: 0
  Improving insertion delay done. (took cpu=0:00:00.0 real=0:00:00.0)
  Wire Opt OverFix...
    Wire Reduction extra effort...
      Modified slew target multipliers. Leaf=(1 to 0.95) Trunk=(1 to 1) Top=(1 to 1)
      Artificially removing short and long paths...
        Legalizer API calls during this step: 0 succeeded with high effort: 0 succeeded with medium effort: 0 succeeded with low effort: 0 succeeded with basic effort: 0 succeeded with basic unbounded effort: 0
      Artificially removing short and long paths done. (took cpu=0:00:00.0 real=0:00:00.0)
      Global shorten wires A0...
        Legalizer API calls during this step: 0 succeeded with high effort: 0 succeeded with medium effort: 0 succeeded with low effort: 0 succeeded with basic effort: 0 succeeded with basic unbounded effort: 0
      Global shorten wires A0 done. (took cpu=0:00:00.0 real=0:00:00.0)
      Move For Wirelength - core...
        Move for wirelength. considered=1, filtered=0, permitted=0, cannotCompute=0, computed=0, moveTooSmall=0, resolved=0, predictFail=0, currentlyIllegal=0, legalizationFail=0, legalizedMoveTooSmall=0, ignoredLeafDriver=0, worse=0, accepted=0
        Max accepted move=0.000um, total accepted move=0.000um
        Legalizer API calls during this step: 0 succeeded with high effort: 0 succeeded with medium effort: 0 succeeded with low effort: 0 succeeded with basic effort: 0 succeeded with basic unbounded effort: 0
      Move For Wirelength - core done. (took cpu=0:00:00.0 real=0:00:00.0)
      Global shorten wires A1...
        Legalizer API calls during this step: 0 succeeded with high effort: 0 succeeded with medium effort: 0 succeeded with low effort: 0 succeeded with basic effort: 0 succeeded with basic unbounded effort: 0
      Global shorten wires A1 done. (took cpu=0:00:00.0 real=0:00:00.0)
      Move For Wirelength - core...
        Move for wirelength. considered=1, filtered=0, permitted=0, cannotCompute=0, computed=0, moveTooSmall=0, resolved=0, predictFail=0, currentlyIllegal=0, legalizationFail=0, legalizedMoveTooSmall=0, ignoredLeafDriver=0, worse=0, accepted=0
        Max accepted move=0.000um, total accepted move=0.000um
        Legalizer API calls during this step: 0 succeeded with high effort: 0 succeeded with medium effort: 0 succeeded with low effort: 0 succeeded with basic effort: 0 succeeded with basic unbounded effort: 0
      Move For Wirelength - core done. (took cpu=0:00:00.0 real=0:00:00.0)
      Global shorten wires B...
        Legalizer API calls during this step: 0 succeeded with high effort: 0 succeeded with medium effort: 0 succeeded with low effort: 0 succeeded with basic effort: 0 succeeded with basic unbounded effort: 0
      Global shorten wires B done. (took cpu=0:00:00.0 real=0:00:00.0)
      Move For Wirelength - branch...
        Move for wirelength. considered=1, filtered=0, permitted=0, cannotCompute=0, computed=0, moveTooSmall=0, resolved=0, predictFail=0, currentlyIllegal=0, legalizationFail=0, legalizedMoveTooSmall=0, ignoredLeafDriver=0, worse=0, accepted=0
        Max accepted move=0.000um, total accepted move=0.000um
        Legalizer API calls during this step: 0 succeeded with high effort: 0 succeeded with medium effort: 0 succeeded with low effort: 0 succeeded with basic effort: 0 succeeded with basic unbounded effort: 0
      Move For Wirelength - branch done. (took cpu=0:00:00.0 real=0:00:00.0)
      Reverted slew target multipliers. Leaf=(0.95 to 1) Trunk=(1 to 1) Top=(1 to 1)
      Clock DAG stats after 'Wire Reduction extra effort':
        cell counts      : b=0, i=0, icg=0, dcg=0, l=0, total=0
        sink counts      : regular=26, enable_latch=0, load_capacitance=0, antenna=0, node_sink=0, total=26
        misc counts      : r=1, pp=0, mci=0
        cell areas       : b=0.000um^2, i=0.000um^2, icg=0.000um^2, dcg=0.000um^2, l=0.000um^2, total=0.000um^2
        cell capacitance : b=0.000pF, i=0.000pF, icg=0.000pF, dcg=0.000pF, l=0.000pF, total=0.000pF
        sink capacitance : total=0.005pF, avg=0.000pF, sd=0.000pF, min=0.000pF, max=0.000pF
        wire capacitance : top=0.000pF, trunk=0.000pF, leaf=0.014pF, total=0.014pF
        wire lengths     : top=0.000um, trunk=0.000um, leaf=107.986um, total=107.986um
        hp wire lengths  : top=0.000um, trunk=0.000um, leaf=0.000um, total=0.000um
      Clock DAG net violations after 'Wire Reduction extra effort': none
      Clock DAG primary half-corner transition distribution after 'Wire Reduction extra effort':
        Leaf : target=0.100ns count=1 avg=0.006ns sd=0.000ns min=0.006ns max=0.006ns {1 <= 0.060ns, 0 <= 0.080ns, 0 <= 0.090ns, 0 <= 0.095ns, 0 <= 0.100ns}
      Primary reporting skew groups after 'Wire Reduction extra effort':
        skew_group clk/sdc_cons: insertion delay [min=0.000, max=0.003, avg=0.002, sd=0.001, skn=-0.497, kur=-1.225], skew [0.003 vs 0.101], 100% {0.000, 0.003} (wid=0.003 ws=0.003) (gid=0.000 gs=0.000)
      Skew group summary after 'Wire Reduction extra effort':
        skew_group clk/sdc_cons: insertion delay [min=0.000, max=0.003, avg=0.002, sd=0.001, skn=-0.497, kur=-1.225], skew [0.003 vs 0.101], 100% {0.000, 0.003} (wid=0.003 ws=0.003) (gid=0.000 gs=0.000)
      Legalizer API calls during this step: 0 succeeded with high effort: 0 succeeded with medium effort: 0 succeeded with low effort: 0 succeeded with basic effort: 0 succeeded with basic unbounded effort: 0
    Wire Reduction extra effort done. (took cpu=0:00:00.0 real=0:00:00.0)
    Optimizing orientation...
    FlipOpt...
    Disconnecting clock tree from netlist...
    Disconnecting clock tree from netlist done.
    Orientation Wirelength Optimization: Attempted = 0 , Succeeded = 0 , Constraints Broken = 0 , CannotMove = 0 , Illegal = 0 , Other = 0
    Resynthesising clock tree into netlist...
      Reset timing graph...
Ignoring AAE DB Resetting ...
      Reset timing graph done.
    Resynthesising clock tree into netlist done.
    FlipOpt done. (took cpu=0:00:00.0 real=0:00:00.0)
    Optimizing orientation done. (took cpu=0:00:00.0 real=0:00:00.0)
    Clock DAG stats after 'Wire Opt OverFix':
      cell counts      : b=0, i=0, icg=0, dcg=0, l=0, total=0
      sink counts      : regular=26, enable_latch=0, load_capacitance=0, antenna=0, node_sink=0, total=26
      misc counts      : r=1, pp=0, mci=0
      cell areas       : b=0.000um^2, i=0.000um^2, icg=0.000um^2, dcg=0.000um^2, l=0.000um^2, total=0.000um^2
      cell capacitance : b=0.000pF, i=0.000pF, icg=0.000pF, dcg=0.000pF, l=0.000pF, total=0.000pF
      sink capacitance : total=0.005pF, avg=0.000pF, sd=0.000pF, min=0.000pF, max=0.000pF
      wire capacitance : top=0.000pF, trunk=0.000pF, leaf=0.014pF, total=0.014pF
      wire lengths     : top=0.000um, trunk=0.000um, leaf=107.986um, total=107.986um
      hp wire lengths  : top=0.000um, trunk=0.000um, leaf=0.000um, total=0.000um
    Clock DAG net violations after 'Wire Opt OverFix': none
    Clock DAG primary half-corner transition distribution after 'Wire Opt OverFix':
      Leaf : target=0.100ns count=1 avg=0.006ns sd=0.000ns min=0.006ns max=0.006ns {1 <= 0.060ns, 0 <= 0.080ns, 0 <= 0.090ns, 0 <= 0.095ns, 0 <= 0.100ns}
    Primary reporting skew groups after 'Wire Opt OverFix':
      skew_group clk/sdc_cons: insertion delay [min=0.000, max=0.003, avg=0.002, sd=0.001, skn=-0.497, kur=-1.225], skew [0.003 vs 0.101], 100% {0.000, 0.003} (wid=0.003 ws=0.003) (gid=0.000 gs=0.000)
    Skew group summary after 'Wire Opt OverFix':
      skew_group clk/sdc_cons: insertion delay [min=0.000, max=0.003, avg=0.002, sd=0.001, skn=-0.497, kur=-1.225], skew [0.003 vs 0.101], 100% {0.000, 0.003} (wid=0.003 ws=0.003) (gid=0.000 gs=0.000)
    Legalizer API calls during this step: 0 succeeded with high effort: 0 succeeded with medium effort: 0 succeeded with low effort: 0 succeeded with basic effort: 0 succeeded with basic unbounded effort: 0
  Wire Opt OverFix done. (took cpu=0:00:00.0 real=0:00:00.0)
  Total capacitance is (rise=0.019pF fall=0.019pF), of which (rise=0.014pF fall=0.014pF) is wire, and (rise=0.005pF fall=0.005pF) is gate.
  Stage::Polishing done. (took cpu=0:00:00.0 real=0:00:00.0)
  Stage::Updating netlist...
  Reset timing graph...
Ignoring AAE DB Resetting ...
  Reset timing graph done.
  Setting non-default rules before calling refine place.
  Leaving CCOpt scope - Cleaning up placement interface...
  Leaving CCOpt scope - Cleaning up placement interface done. (took cpu=0:00:00.0 real=0:00:00.0)
  Leaving CCOpt scope - ClockRefiner...
  Soft fixed 0 clock instances.
  Performing Clock Only Refine Place.
*** Starting place_detail (0:01:11 mem=3293.1M) ***
Total net bbox length = 1.721e+03 (1.455e+03 2.658e+02) (ext = 1.078e+03)
Max route layer is changed from 127 to 11 because there is no routing track above this layer
Max route layer is changed from 127 to 11 because there is no routing track above this layer
Max route layer is changed from 127 to 11 because there is no routing track above this layer
Max route layer is changed from 127 to 11 because there is no routing track above this layer
Move report: Detail placement moves 0 insts, mean move: 0.00 um, max move: 0.00 um 
	Runtime: CPU: 0:00:00.0 REAL: 0:00:00.0 MEM: 3269.1MB
Summary Report:
Instances move: 0 (out of 93 movable)
Instances flipped: 0
Mean displacement: 0.00 um
Max displacement: 0.00 um 
Total net bbox length = 1.721e+03 (1.455e+03 2.658e+02) (ext = 1.078e+03)
Runtime: CPU: 0:00:00.0 REAL: 0:00:00.0 MEM: 3269.1MB
*** Finished place_detail (0:01:11 mem=3269.1M) ***
  ClockRefiner summary
  All clock instances: Moved 0, flipped 0 and cell swapped 0 (out of a total of 26).
  Restoring place_status_cts on 0 clock instances.
  Leaving CCOpt scope - ClockRefiner done. (took cpu=0:00:00.1 real=0:00:00.0)
  Stage::Updating netlist done. (took cpu=0:00:00.1 real=0:00:00.1)
  CCOpt::Phase::Implementation done. (took cpu=0:00:00.1 real=0:00:00.1)
  CCOpt::Phase::eGRPC...
  eGR Post Conditioning...
    Clock implementation routing...
      Leaving CCOpt scope - Routing Tools...
Net route status summary:
  Clock:         1 (unrouted=0, trialRouted=0, noStatus=0, routed=1, fixed=0, [crossesIlmBoundary=0, tooFewTerms=0, (crossesIlmBoundary AND tooFewTerms=0)])
  Non-clock:   100 (unrouted=2, trialRouted=98, noStatus=0, routed=0, fixed=0, [crossesIlmBoundary=0, tooFewTerms=2, (crossesIlmBoundary AND tooFewTerms=0)])
      Routing using eGR only...
        Early Global Route - eGR only step...
(ccopt eGR): There are 1 nets to be routed. 0 nets have skip routing designation.
(ccopt eGR): There are 1 nets for routing of which 1 have one or more fixed wires.
(ccopt eGR): Start to route 1 all nets
Max route layer is changed from 127 to 11 because there is no routing track above this layer
Max route layer is changed from 127 to 11 because there is no routing track above this layer
[PSP]    Started Early Global Route kernel ( Curr Mem: 3.14 MB )
[NR-eGR] Early global route reroute 1 out of 99 routable nets
[NR-eGR] Track table information for default rule: 
[NR-eGR] Metal1 has single uniform track structure
[NR-eGR] Metal2 has single uniform track structure
[NR-eGR] Metal3 has single uniform track structure
[NR-eGR] Metal4 has single uniform track structure
[NR-eGR] Metal5 has single uniform track structure
[NR-eGR] Metal6 has single uniform track structure
[NR-eGR] Metal7 has single uniform track structure
[NR-eGR] Metal8 has single uniform track structure
[NR-eGR] Metal9 has single uniform track structure
[NR-eGR] Metal10 has single uniform track structure
[NR-eGR] Metal11 has single uniform track structure
[NR-eGR] Read 248 PG shapes
[NR-eGR] Read 0 clock shapes
[NR-eGR] Read 0 other shapes
[NR-eGR] #Routing Blockages  : 0
[NR-eGR] #Bump Blockages     : 0
[NR-eGR] #Instance Blockages : 0
[NR-eGR] #PG Blockages       : 248
[NR-eGR] #Halo Blockages     : 0
[NR-eGR] #Boundary Blockages : 0
[NR-eGR] #Clock Blockages    : 0
[NR-eGR] #Other Blockages    : 0
[NR-eGR] Num Prerouted Nets = 0  Num Prerouted Wires = 0
[NR-eGR] Read 99 nets ( ignored 98 )
[NR-eGR] Connected 0 must-join pins/ports (pre-process)
[NR-eGR] #via pillars        : 0
[NR-eGR] #must join all port : 0
[NR-eGR] #multiple ports     : 0
[NR-eGR] #has must join      : 0
[NR-eGR] There are 1 clock nets ( 1 with NDR ).
[NR-eGR] ============ Routing rule table ============
[NR-eGR] Rule id: 0  Rule name:   Nets: 1
[NR-eGR] ========================================
[NR-eGR] 
[NR-eGR] Layer group 1: route 1 net(s) in layer range [3, 4]
[NR-eGR] Early Global Route overflow of layer group 1: 0.00% H + 0.00% V. EstWL: 1.060200e+02um
[NR-eGR] Congestion Analysis By layer: (blocked Gcells are excluded) 
[NR-eGR]                        OverCon            
[NR-eGR]                         #Gcell     %Gcell
[NR-eGR]        Layer             (1-0)    OverCon
[NR-eGR] ----------------------------------------------
[NR-eGR]  Metal1 ( 1)         0( 0.00%)   ( 0.00%) 
[NR-eGR]  Metal2 ( 2)         0( 0.00%)   ( 0.00%) 
[NR-eGR]  Metal3 ( 3)         0( 0.00%)   ( 0.00%) 
[NR-eGR]  Metal4 ( 4)         0( 0.00%)   ( 0.00%) 
[NR-eGR]  Metal5 ( 5)         0( 0.00%)   ( 0.00%) 
[NR-eGR]  Metal6 ( 6)         0( 0.00%)   ( 0.00%) 
[NR-eGR]  Metal7 ( 7)         0( 0.00%)   ( 0.00%) 
[NR-eGR]  Metal8 ( 8)         0( 0.00%)   ( 0.00%) 
[NR-eGR]  Metal9 ( 9)         0( 0.00%)   ( 0.00%) 
[NR-eGR] Metal10 (10)         0( 0.00%)   ( 0.00%) 
[NR-eGR] Metal11 (11)         0( 0.00%)   ( 0.00%) 
[NR-eGR] ----------------------------------------------
[NR-eGR]        Total         0( 0.00%)   ( 0.00%) 
[NR-eGR] 
[NR-eGR] Overflow after Early Global Route 0.00% H + 0.00% V
[NR-eGR] Connected 0 must-join pins/ports (post-process)
[NR-eGR] Total eGR-routed clock nets wire length: 106um, number of vias: 59
[NR-eGR] --------------------------------------------------------------------------
[NR-eGR] Report for selected net(s) only.
[NR-eGR]                  Length (um)  Vias 
[NR-eGR] -----------------------------------
[NR-eGR]  Metal1   (1H)             0    26 
[NR-eGR]  Metal2   (2V)            31    29 
[NR-eGR]  Metal3   (3H)            72     4 
[NR-eGR]  Metal4   (4V)             3     0 
[NR-eGR]  Metal5   (5H)             0     0 
[NR-eGR]  Metal6   (6V)             0     0 
[NR-eGR]  Metal7   (7H)             0     0 
[NR-eGR]  Metal8   (8V)             0     0 
[NR-eGR]  Metal9   (9H)             0     0 
[NR-eGR]  Metal10  (10V)            0     0 
[NR-eGR]  Metal11  (11H)            0     0 
[NR-eGR] -----------------------------------
[NR-eGR]           Total          106    59 
[NR-eGR] --------------------------------------------------------------------------
[NR-eGR] Total half perimeter of net bounding box: 73um
[NR-eGR] Total length: 106um, number of vias: 59
[NR-eGR] --------------------------------------------------------------------------
[NR-eGR] Total routed clock nets wire length: 106um, number of vias: 59
[NR-eGR] --------------------------------------------------------------------------
[NR-eGR]                  Length (um)  Vias 
[NR-eGR] -----------------------------------
[NR-eGR]  Metal1   (1H)             0   360 
[NR-eGR]  Metal2   (2V)           243   439 
[NR-eGR]  Metal3   (3H)           459    51 
[NR-eGR]  Metal4   (4V)            41    23 
[NR-eGR]  Metal5   (5H)            39     0 
[NR-eGR]  Metal6   (6V)             0     0 
[NR-eGR]  Metal7   (7H)             0     0 
[NR-eGR]  Metal8   (8V)             0     0 
[NR-eGR]  Metal9   (9H)             0     0 
[NR-eGR]  Metal10  (10V)            0     0 
[NR-eGR]  Metal11  (11H)            0     0 
[NR-eGR] -----------------------------------
[NR-eGR]           Total          782   873 
[NR-eGR] --------------------------------------------------------------------------
[NR-eGR] Total half perimeter of net bounding box: 1721um
[NR-eGR] Total length: 782um, number of vias: 873
[NR-eGR] --------------------------------------------------------------------------
[NR-eGR] Finished Early Global Route kernel ( CPU: 0.10 sec, Real: 0.11 sec, Curr Mem: 3.15 MB )
        Early Global Route - eGR only step done. (took cpu=0:00:00.2 real=0:00:00.2)
      Routing using eGR only done.
Net route status summary:
  Clock:         1 (unrouted=0, trialRouted=0, noStatus=0, routed=1, fixed=0, [crossesIlmBoundary=0, tooFewTerms=0, (crossesIlmBoundary AND tooFewTerms=0)])
  Non-clock:   100 (unrouted=2, trialRouted=98, noStatus=0, routed=0, fixed=0, [crossesIlmBoundary=0, tooFewTerms=2, (crossesIlmBoundary AND tooFewTerms=0)])

CCOPT: Done with clock implementation routing.

      Leaving CCOpt scope - Routing Tools done. (took cpu=0:00:00.2 real=0:00:00.2)
    Clock implementation routing done.
    Leaving CCOpt scope - extractRC...
    Updating RC parasitics by calling: "extract_rc -noRouteCheck"...
Extraction called for design 'watch' of instances=93 and nets=101 using extraction engine 'pre_route' .
**WARN: (IMPEXT-3530):	The process node is not set. Use the command set_design_mode -process <process node> prior to extraction for maximum accuracy and optimal automatic threshold setting.
Type 'man IMPEXT-3530' for more detail.
pre_route RC Extraction called for design watch.
RC Extraction called in multi-corner(1) mode.
RCMode: PreRoute
      RC Corner Indexes            0   
Capacitance Scaling Factor   : 1.00000 
Resistance Scaling Factor    : 1.00000 
Clock Cap. Scaling Factor    : 1.00000 
Clock Res. Scaling Factor    : 1.00000 
Shrink Factor                : 0.90000
PreRoute extraction is honoring NDR/Shielding/ExtraSpace for clock nets.
Using capacitance table file ...
Updating RC Grid density data for preRoute extraction ...
Initializing multi-corner capacitance tables ... 
Initializing multi-corner resistance tables ...
Creating RPSQ from WeeR and WRes ...
PreRoute RC Extraction DONE (CPU Time: 0:00:00.1  Real Time: 0:00:00.0  MEM: 3277.133M)
    Updating RC parasitics by calling: "extract_rc -noRouteCheck" done.
    Leaving CCOpt scope - extractRC done. (took cpu=0:00:00.1 real=0:00:00.1)
    Leaving CCOpt scope - Initializing placement interface...
    Leaving CCOpt scope - Initializing placement interface done. (took cpu=0:00:00.0 real=0:00:00.0)
    Calling post conditioning for eGRPC...
      eGRPC...
        eGRPC active optimizations:
         - Move Down
         - Downsizing before DRV sizing
         - DRV fixing with sizing
         - Move to fanout
         - Cloning
        
        Currently running CTS, using active skew data
        ProEngine running partially connected to DB
        Reset bufferability constraints...
        Resetting previous bufferability status on all nets so that eGRPC will attempt to fix all clock tree violations.
        Clock tree timing engine global stage delay update for max_delay:setup.late...
        Clock tree timing engine global stage delay update for max_delay:setup.late done. (took cpu=0:00:00.0 real=0:00:00.0)
        Reset bufferability constraints done. (took cpu=0:00:00.0 real=0:00:00.0)
        Clock DAG stats eGRPC initial state:
          cell counts      : b=0, i=0, icg=0, dcg=0, l=0, total=0
          sink counts      : regular=26, enable_latch=0, load_capacitance=0, antenna=0, node_sink=0, total=26
          misc counts      : r=1, pp=0, mci=0
          cell areas       : b=0.000um^2, i=0.000um^2, icg=0.000um^2, dcg=0.000um^2, l=0.000um^2, total=0.000um^2
          cell capacitance : b=0.000pF, i=0.000pF, icg=0.000pF, dcg=0.000pF, l=0.000pF, total=0.000pF
          sink capacitance : total=0.005pF, avg=0.000pF, sd=0.000pF, min=0.000pF, max=0.000pF
          wire capacitance : top=0.000pF, trunk=0.000pF, leaf=0.014pF, total=0.014pF
          wire lengths     : top=0.000um, trunk=0.000um, leaf=107.986um, total=107.986um
          hp wire lengths  : top=0.000um, trunk=0.000um, leaf=0.000um, total=0.000um
        Clock DAG net violations eGRPC initial state: none
        Clock DAG primary half-corner transition distribution eGRPC initial state:
          Leaf : target=0.100ns count=1 avg=0.006ns sd=0.000ns min=0.006ns max=0.006ns {1 <= 0.060ns, 0 <= 0.080ns, 0 <= 0.090ns, 0 <= 0.095ns, 0 <= 0.100ns}
        Primary reporting skew groups eGRPC initial state:
          skew_group clk/sdc_cons: insertion delay [min=0.000, max=0.003, avg=0.002, sd=0.001, skn=-0.497, kur=-1.225], skew [0.003 vs 0.101], 100% {0.000, 0.003} (wid=0.003 ws=0.003) (gid=0.000 gs=0.000)
        Skew group summary eGRPC initial state:
          skew_group clk/sdc_cons: insertion delay [min=0.000, max=0.003, avg=0.002, sd=0.001, skn=-0.497, kur=-1.225], skew [0.003 vs 0.101], 100% {0.000, 0.003} (wid=0.003 ws=0.003) (gid=0.000 gs=0.000)
        eGRPC Moving buffers...
          Violation analysis...
          Violation analysis done. (took cpu=0:00:00.0 real=0:00:00.0)
          Clock DAG stats after 'eGRPC Moving buffers':
            cell counts      : b=0, i=0, icg=0, dcg=0, l=0, total=0
            sink counts      : regular=26, enable_latch=0, load_capacitance=0, antenna=0, node_sink=0, total=26
            misc counts      : r=1, pp=0, mci=0
            cell areas       : b=0.000um^2, i=0.000um^2, icg=0.000um^2, dcg=0.000um^2, l=0.000um^2, total=0.000um^2
            cell capacitance : b=0.000pF, i=0.000pF, icg=0.000pF, dcg=0.000pF, l=0.000pF, total=0.000pF
            sink capacitance : total=0.005pF, avg=0.000pF, sd=0.000pF, min=0.000pF, max=0.000pF
            wire capacitance : top=0.000pF, trunk=0.000pF, leaf=0.014pF, total=0.014pF
            wire lengths     : top=0.000um, trunk=0.000um, leaf=107.986um, total=107.986um
            hp wire lengths  : top=0.000um, trunk=0.000um, leaf=0.000um, total=0.000um
          Clock DAG net violations after 'eGRPC Moving buffers': none
          Clock DAG primary half-corner transition distribution after 'eGRPC Moving buffers':
            Leaf : target=0.100ns count=1 avg=0.006ns sd=0.000ns min=0.006ns max=0.006ns {1 <= 0.060ns, 0 <= 0.080ns, 0 <= 0.090ns, 0 <= 0.095ns, 0 <= 0.100ns}
          Primary reporting skew groups after 'eGRPC Moving buffers':
            skew_group clk/sdc_cons: insertion delay [min=0.000, max=0.003], skew [0.003 vs 0.101]
          Skew group summary after 'eGRPC Moving buffers':
            skew_group clk/sdc_cons: insertion delay [min=0.000, max=0.003], skew [0.003 vs 0.101]
          Legalizer API calls during this step: 0 succeeded with high effort: 0 succeeded with medium effort: 0 succeeded with low effort: 0 succeeded with basic effort: 0 succeeded with basic unbounded effort: 0
        eGRPC Moving buffers done. (took cpu=0:00:00.0 real=0:00:00.0)
        eGRPC Initial Pass of Downsizing Clock Tree cells...
          Artificially removing long paths...
            Legalizer API calls during this step: 0 succeeded with high effort: 0 succeeded with medium effort: 0 succeeded with low effort: 0 succeeded with basic effort: 0 succeeded with basic unbounded effort: 0
          Artificially removing long paths done. (took cpu=0:00:00.0 real=0:00:00.0)
          Modifying slew-target multiplier from 1 to 0.9
          Downsizing prefiltering...
          Downsizing prefiltering done.
          Prefiltering Summary : numPassedPreFiltering = 0, numSkippedDueToCloseToSlewTarget = 0, numSkippedDueToCloseToSkewTarget = 1
          Downsizing: ...20% ...40% ...60% ...80% ...100% 
          DoDownSizing Summary : numSized = 0, numUnchanged = 0
          CCOpt-eGRPC Downsizing: considered: 0, tested: 0, violation detected: 0, violation ignored (due to small violation): 0, cannot run: 0, attempted: 0, unsuccessful: 0, sized: 0
          Reverting slew-target multiplier from 0.9 to 1
          Clock DAG stats after 'eGRPC Initial Pass of Downsizing Clock Tree cells':
            cell counts      : b=0, i=0, icg=0, dcg=0, l=0, total=0
            sink counts      : regular=26, enable_latch=0, load_capacitance=0, antenna=0, node_sink=0, total=26
            misc counts      : r=1, pp=0, mci=0
            cell areas       : b=0.000um^2, i=0.000um^2, icg=0.000um^2, dcg=0.000um^2, l=0.000um^2, total=0.000um^2
            cell capacitance : b=0.000pF, i=0.000pF, icg=0.000pF, dcg=0.000pF, l=0.000pF, total=0.000pF
            sink capacitance : total=0.005pF, avg=0.000pF, sd=0.000pF, min=0.000pF, max=0.000pF
            wire capacitance : top=0.000pF, trunk=0.000pF, leaf=0.014pF, total=0.014pF
            wire lengths     : top=0.000um, trunk=0.000um, leaf=107.986um, total=107.986um
            hp wire lengths  : top=0.000um, trunk=0.000um, leaf=0.000um, total=0.000um
          Clock DAG net violations after 'eGRPC Initial Pass of Downsizing Clock Tree cells': none
          Clock DAG primary half-corner transition distribution after 'eGRPC Initial Pass of Downsizing Clock Tree cells':
            Leaf : target=0.100ns count=1 avg=0.006ns sd=0.000ns min=0.006ns max=0.006ns {1 <= 0.060ns, 0 <= 0.080ns, 0 <= 0.090ns, 0 <= 0.095ns, 0 <= 0.100ns}
          Primary reporting skew groups after 'eGRPC Initial Pass of Downsizing Clock Tree cells':
            skew_group clk/sdc_cons: insertion delay [min=0.000, max=0.003], skew [0.003 vs 0.101]
          Skew group summary after 'eGRPC Initial Pass of Downsizing Clock Tree cells':
            skew_group clk/sdc_cons: insertion delay [min=0.000, max=0.003], skew [0.003 vs 0.101]
          Legalizer API calls during this step: 0 succeeded with high effort: 0 succeeded with medium effort: 0 succeeded with low effort: 0 succeeded with basic effort: 0 succeeded with basic unbounded effort: 0
        eGRPC Initial Pass of Downsizing Clock Tree cells done. (took cpu=0:00:00.0 real=0:00:00.0)
        eGRPC Fixing DRVs...
          Fixing clock tree DRVs: ...20% ...40% ...60% ...80% ...100% 
          CCOpt-eGRPC: considered: 1, tested: 1, violation detected: 0, violation ignored (due to small violation): 0, cannot run: 0, attempted: 0, unsuccessful: 0, sized: 0
          
          Statistics: Fix DRVs (cell sizing):
          ===================================
          
          Cell changes by Net Type:
          
          -------------------------------------------------------------------------------------------------
          Net Type    Attempted    Upsized     Downsized    Swapped Same Size    Total Changed    Not Sized
          -------------------------------------------------------------------------------------------------
          top                0            0           0            0                    0                0
          trunk              0            0           0            0                    0                0
          leaf               0            0           0            0                    0                0
          -------------------------------------------------------------------------------------------------
          Total              0            0           0            0                    0                0
          -------------------------------------------------------------------------------------------------
          
          Upsized: 0, Downsized: 0, Sized but same area: 0, Unchanged: 0, Area change: 0.000um^2
          Max. move: 0.000um, Min. move: 0.000um, Avg. move: N/A
          
          Clock DAG stats after 'eGRPC Fixing DRVs':
            cell counts      : b=0, i=0, icg=0, dcg=0, l=0, total=0
            sink counts      : regular=26, enable_latch=0, load_capacitance=0, antenna=0, node_sink=0, total=26
            misc counts      : r=1, pp=0, mci=0
            cell areas       : b=0.000um^2, i=0.000um^2, icg=0.000um^2, dcg=0.000um^2, l=0.000um^2, total=0.000um^2
            cell capacitance : b=0.000pF, i=0.000pF, icg=0.000pF, dcg=0.000pF, l=0.000pF, total=0.000pF
            sink capacitance : total=0.005pF, avg=0.000pF, sd=0.000pF, min=0.000pF, max=0.000pF
            wire capacitance : top=0.000pF, trunk=0.000pF, leaf=0.014pF, total=0.014pF
            wire lengths     : top=0.000um, trunk=0.000um, leaf=107.986um, total=107.986um
            hp wire lengths  : top=0.000um, trunk=0.000um, leaf=0.000um, total=0.000um
          Clock DAG net violations after 'eGRPC Fixing DRVs': none
          Clock DAG primary half-corner transition distribution after 'eGRPC Fixing DRVs':
            Leaf : target=0.100ns count=1 avg=0.006ns sd=0.000ns min=0.006ns max=0.006ns {1 <= 0.060ns, 0 <= 0.080ns, 0 <= 0.090ns, 0 <= 0.095ns, 0 <= 0.100ns}
          Primary reporting skew groups after 'eGRPC Fixing DRVs':
            skew_group clk/sdc_cons: insertion delay [min=0.000, max=0.003], skew [0.003 vs 0.101]
          Skew group summary after 'eGRPC Fixing DRVs':
            skew_group clk/sdc_cons: insertion delay [min=0.000, max=0.003], skew [0.003 vs 0.101]
          Legalizer API calls during this step: 0 succeeded with high effort: 0 succeeded with medium effort: 0 succeeded with low effort: 0 succeeded with basic effort: 0 succeeded with basic unbounded effort: 0
        eGRPC Fixing DRVs done. (took cpu=0:00:00.0 real=0:00:00.0)
        Reconnecting optimized routes...
        Reset timing graph...
Ignoring AAE DB Resetting ...
        Reset timing graph done.
        Reconnecting optimized routes done. (took cpu=0:00:00.0 real=0:00:00.0)
        Violation analysis...
        Violation analysis done. (took cpu=0:00:00.0 real=0:00:00.0)
        Reset timing graph...
Ignoring AAE DB Resetting ...
        Reset timing graph done.
        Clock DAG stats before routing clock trees:
          cell counts      : b=0, i=0, icg=0, dcg=0, l=0, total=0
          sink counts      : regular=26, enable_latch=0, load_capacitance=0, antenna=0, node_sink=0, total=26
          misc counts      : r=1, pp=0, mci=0
          cell areas       : b=0.000um^2, i=0.000um^2, icg=0.000um^2, dcg=0.000um^2, l=0.000um^2, total=0.000um^2
          cell capacitance : b=0.000pF, i=0.000pF, icg=0.000pF, dcg=0.000pF, l=0.000pF, total=0.000pF
          sink capacitance : total=0.005pF, avg=0.000pF, sd=0.000pF, min=0.000pF, max=0.000pF
          wire capacitance : top=0.000pF, trunk=0.000pF, leaf=0.014pF, total=0.014pF
          wire lengths     : top=0.000um, trunk=0.000um, leaf=107.986um, total=107.986um
          hp wire lengths  : top=0.000um, trunk=0.000um, leaf=0.000um, total=0.000um
        Clock DAG net violations before routing clock trees: none
        Clock DAG primary half-corner transition distribution before routing clock trees:
          Leaf : target=0.100ns count=1 avg=0.006ns sd=0.000ns min=0.006ns max=0.006ns {1 <= 0.060ns, 0 <= 0.080ns, 0 <= 0.090ns, 0 <= 0.095ns, 0 <= 0.100ns}
        Primary reporting skew groups before routing clock trees:
          skew_group clk/sdc_cons: insertion delay [min=0.000, max=0.003, avg=0.002, sd=0.001, skn=-0.497, kur=-1.225], skew [0.003 vs 0.101], 100% {0.000, 0.003} (wid=0.003 ws=0.003) (gid=0.000 gs=0.000)
        Skew group summary before routing clock trees:
          skew_group clk/sdc_cons: insertion delay [min=0.000, max=0.003, avg=0.002, sd=0.001, skn=-0.497, kur=-1.225], skew [0.003 vs 0.101], 100% {0.000, 0.003} (wid=0.003 ws=0.003) (gid=0.000 gs=0.000)
      eGRPC done.
    Calling post conditioning for eGRPC done.
  eGR Post Conditioning done.
  Refine place not called during Post Conditioning. Calling it now the eGR->PC Loop is complete.
  Leaving CCOpt scope - Cleaning up placement interface...
  Leaving CCOpt scope - Cleaning up placement interface done. (took cpu=0:00:00.0 real=0:00:00.0)
  Leaving CCOpt scope - ClockRefiner...
  Soft fixed 0 clock instances.
  Performing Single Pass Refine Place.
*** Starting place_detail (0:01:11 mem=3276.3M) ***
Total net bbox length = 1.721e+03 (1.455e+03 2.658e+02) (ext = 1.078e+03)
Max route layer is changed from 127 to 11 because there is no routing track above this layer
Max route layer is changed from 127 to 11 because there is no routing track above this layer
Max route layer is changed from 127 to 11 because there is no routing track above this layer
Max route layer is changed from 127 to 11 because there is no routing track above this layer
Move report: Detail placement moves 0 insts, mean move: 0.00 um, max move: 0.00 um 
	Runtime: CPU: 0:00:00.0 REAL: 0:00:00.0 MEM: 3268.3MB
Summary Report:
Instances move: 0 (out of 93 movable)
Instances flipped: 0
Mean displacement: 0.00 um
Max displacement: 0.00 um 
Total net bbox length = 1.721e+03 (1.455e+03 2.658e+02) (ext = 1.078e+03)
Runtime: CPU: 0:00:00.0 REAL: 0:00:00.0 MEM: 3268.3MB
*** Finished place_detail (0:01:11 mem=3268.3M) ***
  ClockRefiner summary
  All clock instances: Moved 0, flipped 0 and cell swapped 0 (out of a total of 26).
  Restoring place_status_cts on 0 clock instances.
  Leaving CCOpt scope - ClockRefiner done. (took cpu=0:00:00.1 real=0:00:00.1)
  CCOpt::Phase::eGRPC done. (took cpu=0:00:00.4 real=0:00:00.4)
  CCOpt::Phase::Routing...
  Clock implementation routing...
    Leaving CCOpt scope - Routing Tools...
Net route status summary:
  Clock:         1 (unrouted=0, trialRouted=0, noStatus=0, routed=1, fixed=0, [crossesIlmBoundary=0, tooFewTerms=0, (crossesIlmBoundary AND tooFewTerms=0)])
  Non-clock:   100 (unrouted=2, trialRouted=98, noStatus=0, routed=0, fixed=0, [crossesIlmBoundary=0, tooFewTerms=2, (crossesIlmBoundary AND tooFewTerms=0)])
    Routing using eGR in eGR->NR Step...
      Early Global Route - eGR->Nr High Frequency step...
(ccopt eGR): There are 1 nets to be routed. 0 nets have skip routing designation.
(ccopt eGR): There are 1 nets for routing of which 1 have one or more fixed wires.
(ccopt eGR): Start to route 1 all nets
Max route layer is changed from 127 to 11 because there is no routing track above this layer
Max route layer is changed from 127 to 11 because there is no routing track above this layer
[PSP]    Started Early Global Route kernel ( Curr Mem: 3.14 MB )
[NR-eGR] Early global route reroute 1 out of 99 routable nets
[NR-eGR] Track table information for default rule: 
[NR-eGR] Metal1 has single uniform track structure
[NR-eGR] Metal2 has single uniform track structure
[NR-eGR] Metal3 has single uniform track structure
[NR-eGR] Metal4 has single uniform track structure
[NR-eGR] Metal5 has single uniform track structure
[NR-eGR] Metal6 has single uniform track structure
[NR-eGR] Metal7 has single uniform track structure
[NR-eGR] Metal8 has single uniform track structure
[NR-eGR] Metal9 has single uniform track structure
[NR-eGR] Metal10 has single uniform track structure
[NR-eGR] Metal11 has single uniform track structure
[NR-eGR] Read 248 PG shapes
[NR-eGR] Read 0 clock shapes
[NR-eGR] Read 0 other shapes
[NR-eGR] #Routing Blockages  : 0
[NR-eGR] #Bump Blockages     : 0
[NR-eGR] #Instance Blockages : 0
[NR-eGR] #PG Blockages       : 248
[NR-eGR] #Halo Blockages     : 0
[NR-eGR] #Boundary Blockages : 0
[NR-eGR] #Clock Blockages    : 0
[NR-eGR] #Other Blockages    : 0
[NR-eGR] Num Prerouted Nets = 0  Num Prerouted Wires = 0
[NR-eGR] Read 99 nets ( ignored 98 )
[NR-eGR] Connected 0 must-join pins/ports (pre-process)
[NR-eGR] #via pillars        : 0
[NR-eGR] #must join all port : 0
[NR-eGR] #multiple ports     : 0
[NR-eGR] #has must join      : 0
[NR-eGR] There are 1 clock nets ( 1 with NDR ).
[NR-eGR] ============ Routing rule table ============
[NR-eGR] Rule id: 0  Rule name:   Nets: 1
[NR-eGR] ========================================
[NR-eGR] 
[NR-eGR] Layer group 1: route 1 net(s) in layer range [3, 4]
[NR-eGR] Early Global Route overflow of layer group 1: 0.00% H + 0.00% V. EstWL: 1.060200e+02um
[NR-eGR] Congestion Analysis By layer: (blocked Gcells are excluded) 
[NR-eGR]                        OverCon            
[NR-eGR]                         #Gcell     %Gcell
[NR-eGR]        Layer             (1-0)    OverCon
[NR-eGR] ----------------------------------------------
[NR-eGR]  Metal1 ( 1)         0( 0.00%)   ( 0.00%) 
[NR-eGR]  Metal2 ( 2)         0( 0.00%)   ( 0.00%) 
[NR-eGR]  Metal3 ( 3)         0( 0.00%)   ( 0.00%) 
[NR-eGR]  Metal4 ( 4)         0( 0.00%)   ( 0.00%) 
[NR-eGR]  Metal5 ( 5)         0( 0.00%)   ( 0.00%) 
[NR-eGR]  Metal6 ( 6)         0( 0.00%)   ( 0.00%) 
[NR-eGR]  Metal7 ( 7)         0( 0.00%)   ( 0.00%) 
[NR-eGR]  Metal8 ( 8)         0( 0.00%)   ( 0.00%) 
[NR-eGR]  Metal9 ( 9)         0( 0.00%)   ( 0.00%) 
[NR-eGR] Metal10 (10)         0( 0.00%)   ( 0.00%) 
[NR-eGR] Metal11 (11)         0( 0.00%)   ( 0.00%) 
[NR-eGR] ----------------------------------------------
[NR-eGR]        Total         0( 0.00%)   ( 0.00%) 
[NR-eGR] 
[NR-eGR] Overflow after Early Global Route 0.00% H + 0.00% V
[NR-eGR] Connected 0 must-join pins/ports (post-process)
[NR-eGR] Total eGR-routed clock nets wire length: 106um, number of vias: 59
[NR-eGR] --------------------------------------------------------------------------
[NR-eGR] Report for selected net(s) only.
[NR-eGR]                  Length (um)  Vias 
[NR-eGR] -----------------------------------
[NR-eGR]  Metal1   (1H)             0    26 
[NR-eGR]  Metal2   (2V)            31    29 
[NR-eGR]  Metal3   (3H)            72     4 
[NR-eGR]  Metal4   (4V)             3     0 
[NR-eGR]  Metal5   (5H)             0     0 
[NR-eGR]  Metal6   (6V)             0     0 
[NR-eGR]  Metal7   (7H)             0     0 
[NR-eGR]  Metal8   (8V)             0     0 
[NR-eGR]  Metal9   (9H)             0     0 
[NR-eGR]  Metal10  (10V)            0     0 
[NR-eGR]  Metal11  (11H)            0     0 
[NR-eGR] -----------------------------------
[NR-eGR]           Total          106    59 
[NR-eGR] --------------------------------------------------------------------------
[NR-eGR] Total half perimeter of net bounding box: 73um
[NR-eGR] Total length: 106um, number of vias: 59
[NR-eGR] --------------------------------------------------------------------------
[NR-eGR] Total routed clock nets wire length: 106um, number of vias: 59
[NR-eGR] --------------------------------------------------------------------------
[NR-eGR]                  Length (um)  Vias 
[NR-eGR] -----------------------------------
[NR-eGR]  Metal1   (1H)             0   360 
[NR-eGR]  Metal2   (2V)           243   439 
[NR-eGR]  Metal3   (3H)           459    51 
[NR-eGR]  Metal4   (4V)            41    23 
[NR-eGR]  Metal5   (5H)            39     0 
[NR-eGR]  Metal6   (6V)             0     0 
[NR-eGR]  Metal7   (7H)             0     0 
[NR-eGR]  Metal8   (8V)             0     0 
[NR-eGR]  Metal9   (9H)             0     0 
[NR-eGR]  Metal10  (10V)            0     0 
[NR-eGR]  Metal11  (11H)            0     0 
[NR-eGR] -----------------------------------
[NR-eGR]           Total          782   873 
[NR-eGR] --------------------------------------------------------------------------
[NR-eGR] Total half perimeter of net bounding box: 1721um
[NR-eGR] Total length: 782um, number of vias: 873
[NR-eGR] --------------------------------------------------------------------------
[NR-eGR] Finished Early Global Route kernel ( CPU: 0.11 sec, Real: 0.12 sec, Curr Mem: 3.15 MB )
      Early Global Route - eGR->Nr High Frequency step done. (took cpu=0:00:00.2 real=0:00:00.2)
    Routing using eGR in eGR->NR Step done.
    Routing using NR in eGR->NR Step...

CCOPT: Preparing to route 1 clock nets with NanoRoute.
  All net are default rule.
  Preferred NanoRoute mode settings: Current
      Clock detailed routing...
        NanoRoute...

route_global_detail

#Start route_global_detail on Thu Jul  9 06:44:55 2026
#
#NanoRoute Version 22.17-s086_1 NR240905-1647/22_17-UB
#
#Wire/Via statistics before line assignment ...
#Total number of nets with non-default rule or having extra spacing = 1
#Total wire length = 106 um.
#Total half perimeter of net bounding box = 74 um.
#Total wire length on LAYER Metal1 = 0 um.
#Total wire length on LAYER Metal2 = 31 um.
#Total wire length on LAYER Metal3 = 72 um.
#Total wire length on LAYER Metal4 = 3 um.
#Total wire length on LAYER Metal5 = 0 um.
#Total wire length on LAYER Metal6 = 0 um.
#Total wire length on LAYER Metal7 = 0 um.
#Total wire length on LAYER Metal8 = 0 um.
#Total wire length on LAYER Metal9 = 0 um.
#Total wire length on LAYER Metal10 = 0 um.
#Total wire length on LAYER Metal11 = 0 um.
#Total number of vias = 59
#Up-Via Summary (total 59):
#           
#-----------------------
# Metal1             26
# Metal2             29
# Metal3              4
#-----------------------
#                    59 
#
#Start routing data preparation on Thu Jul  9 06:44:55 2026
#
#Initial pin access analysis.
#Detail pin access analysis.
# Metal1       H   Track-Pitch = 0.19000    Line-2-Via Pitch = 0.13000
# Metal2       V   Track-Pitch = 0.20000    Line-2-Via Pitch = 0.15000
# Metal3       H   Track-Pitch = 0.19000    Line-2-Via Pitch = 0.15000
# Metal4       V   Track-Pitch = 0.20000    Line-2-Via Pitch = 0.15000
# Metal5       H   Track-Pitch = 0.19000    Line-2-Via Pitch = 0.15000
# Metal6       V   Track-Pitch = 0.20000    Line-2-Via Pitch = 0.15000
# Metal7       H   Track-Pitch = 0.19000    Line-2-Via Pitch = 0.15000
# Metal8       V   Track-Pitch = 0.20000    Line-2-Via Pitch = 0.15000
# Metal9       H   Track-Pitch = 0.19000    Line-2-Via Pitch = 0.15000
# Metal10      V   Track-Pitch = 0.50000    Line-2-Via Pitch = 0.42000
# Metal11      H   Track-Pitch = 0.47500    Line-2-Via Pitch = 0.43000
#Bottom routing layer index=1(Metal1), bottom routing layer for shielding=1(Metal1), bottom shield layer=1(Metal1)
#shield_bottom_stripe_layer=1(Metal1), shield_top_stripe_layer=11(Metal11)
#pin_access_rlayer=2(Metal2)
#shield_top_dpt_rlayer=-1 top_rlayer=11 top_trim_metal_rlayer=-1 rlayer_lowest=1 bottom_rlayer=1
#enable_trim_layer_shield=F enable_dpt_layer_shield=F has_line_end_grid=F
#enable_dpt_layer_shield=F
#has_line_end_grid=F
#cpu time = 00:00:00, elapsed time = 00:00:00, memory = 2240.55 (MB), peak = 2360.71 (MB)
#Regenerating Ggrids automatically.
#Auto generating G-grids with size=15 tracks, using layer Metal3's pitch = 0.19000.
#Using automatically generated G-grids.
#Done routing data preparation.
#cpu time = 00:00:01, elapsed time = 00:00:01, memory = 2253.17 (MB), peak = 2360.71 (MB)
Updating RC Grid density data for preRoute extraction ...
Initializing multi-corner capacitance tables ... 
Initializing multi-corner resistance tables ...
Creating RPSQ from WeeR and WRes ...
#
#Distribution of nets:
#  
# #pin range           #net       % 
#------------------------------------
#          2              40 ( 39.6%)
#          3              17 ( 16.8%)
#          4              17 ( 16.8%)
#          5               8 (  7.9%)
#          6              12 ( 11.9%)
#          7               3 (  3.0%)
#  20  -  29               2 (  2.0%)
#     >=2000               0 (  0.0%)
#
#Total: 101 nets, 99 non-trivial nets
#                              #net       % 
#-------------------------------------------
#  Fully global routed            1 ( 1.0%)
#  Clock                          1
#  Extra space                    1
#  Prefer layer range            99
#
#Nets in 2 layer ranges:
#  Bottom Pref.Layer    Top Pref.Layer       #net       % 
#---------------------------------------------------------
#            -------          Metal10*         98 ( 99.0%)
#             Metal3           Metal4           1 (  1.0%)
#
#1 net selected.
#
#
#..
#
#Iteration 1.1: cpu:00:00:00, real:00:00:00, mem:2.2 GB, peak:2.3 GB
#Iteration 2.1: cpu:00:00:00, real:00:00:00, mem:2.2 GB, peak:2.3 GB
#Iteration 3.1: cpu:00:00:00, real:00:00:00, mem:2.2 GB, peak:2.3 GB
#
#Line Assignment statistics:
#Cpu time = 00:00:00
#Elapsed time = 00:00:00
#Increased memory = 0.99 (MB)
#Total memory = 2256.56 (MB)
#Peak memory = 2360.71 (MB)
#End Line Assignment: cpu:00:00:00, real:00:00:00, mem:2.2 GB, peak:2.3 GB
#
#Wire/Via statistics after line assignment ...
#Total number of nets with non-default rule or having extra spacing = 1
#Total wire length = 106 um.
#Total half perimeter of net bounding box = 74 um.
#Total wire length on LAYER Metal1 = 0 um.
#Total wire length on LAYER Metal2 = 32 um.
#Total wire length on LAYER Metal3 = 72 um.
#Total wire length on LAYER Metal4 = 2 um.
#Total wire length on LAYER Metal5 = 0 um.
#Total wire length on LAYER Metal6 = 0 um.
#Total wire length on LAYER Metal7 = 0 um.
#Total wire length on LAYER Metal8 = 0 um.
#Total wire length on LAYER Metal9 = 0 um.
#Total wire length on LAYER Metal10 = 0 um.
#Total wire length on LAYER Metal11 = 0 um.
#Total number of vias = 57
#Up-Via Summary (total 57):
#           
#-----------------------
# Metal1             26
# Metal2             29
# Metal3              2
#-----------------------
#                    57 
#
#Routing data preparation, pin analysis, line assignment statistics:
#Cpu time = 00:00:01
#Elapsed time = 00:00:01
#Increased memory = 21.94 (MB)
#Total memory = 2254.75 (MB)
#Peak memory = 2360.71 (MB)
#Skip comparing routing design signature in db-snapshot flow
#
#Start Detail Routing..
#start initial detail routing ...
#   number of violations = 0
#cpu time = 00:00:00, elapsed time = 00:00:00, memory = 2257.20 (MB), peak = 2360.71 (MB)
#Complete Detail Routing.
#Total number of nets with non-default rule or having extra spacing = 1
#Total wire length = 108 um.
#Total half perimeter of net bounding box = 74 um.
#Total wire length on LAYER Metal1 = 0 um.
#Total wire length on LAYER Metal2 = 14 um.
#Total wire length on LAYER Metal3 = 79 um.
#Total wire length on LAYER Metal4 = 15 um.
#Total wire length on LAYER Metal5 = 0 um.
#Total wire length on LAYER Metal6 = 0 um.
#Total wire length on LAYER Metal7 = 0 um.
#Total wire length on LAYER Metal8 = 0 um.
#Total wire length on LAYER Metal9 = 0 um.
#Total wire length on LAYER Metal10 = 0 um.
#Total wire length on LAYER Metal11 = 0 um.
#Total number of vias = 66
#Up-Via Summary (total 66):
#           
#-----------------------
# Metal1             26
# Metal2             26
# Metal3             14
#-----------------------
#                    66 
#
#Total number of DRC violations = 0
#Cpu time = 00:00:00
#Elapsed time = 00:00:00
#Increased memory = 2.42 (MB)
#Total memory = 2257.21 (MB)
#Peak memory = 2360.71 (MB)
#route_detail Statistics:
#Cpu time = 00:00:00
#Elapsed time = 00:00:00
#Increased memory = 2.48 (MB)
#Total memory = 2257.23 (MB)
#Peak memory = 2360.71 (MB)
#
#route_global_detail statistics:
#Cpu time = 00:00:02
#Elapsed time = 00:00:02
#Increased memory = 24.84 (MB)
#Total memory = 2256.41 (MB)
#Peak memory = 2360.71 (MB)
#Number of warnings = 0
#Total number of warnings = 0
#Number of fails = 0
#Total number of fails = 0
#Complete route_global_detail on Thu Jul  9 06:44:57 2026
#
        NanoRoute done. (took cpu=0:00:01.7 real=0:00:01.7)
      Clock detailed routing done.
Skipping check of guided vs. routed net lengths.
Set FIXED routing status on 1 net(s)
      Route Remaining Unrouted Nets...
Running route_early_global to complete any remaining unrouted nets.
Updating RC Grid density data for preRoute extraction ...
Initializing multi-corner capacitance tables ... 
Initializing multi-corner resistance tables ...
Creating RPSQ from WeeR and WRes ...
Max route layer is changed from 127 to 11 because there is no routing track above this layer
Max route layer is changed from 127 to 11 because there is no routing track above this layer
[NR-eGR] Started Early Global Route kernel ( Curr Mem: 3.17 MB )
[NR-eGR] Early global route reroute all routable nets
[NR-eGR] Track table information for default rule: 
[NR-eGR] Metal1 has single uniform track structure
[NR-eGR] Metal2 has single uniform track structure
[NR-eGR] Metal3 has single uniform track structure
[NR-eGR] Metal4 has single uniform track structure
[NR-eGR] Metal5 has single uniform track structure
[NR-eGR] Metal6 has single uniform track structure
[NR-eGR] Metal7 has single uniform track structure
[NR-eGR] Metal8 has single uniform track structure
[NR-eGR] Metal9 has single uniform track structure
[NR-eGR] Metal10 has single uniform track structure
[NR-eGR] Metal11 has single uniform track structure
[NR-eGR] Read 320 PG shapes
[NR-eGR] Read 0 clock shapes
[NR-eGR] Read 0 other shapes
[NR-eGR] #Routing Blockages  : 0
[NR-eGR] #Bump Blockages     : 0
[NR-eGR] #Instance Blockages : 0
[NR-eGR] #PG Blockages       : 320
[NR-eGR] #Halo Blockages     : 0
[NR-eGR] #Boundary Blockages : 0
[NR-eGR] #Clock Blockages    : 0
[NR-eGR] #Other Blockages    : 0
[NR-eGR] Num Prerouted Nets = 1  Num Prerouted Wires = 67
[NR-eGR] Read 99 nets ( ignored 1 )
[NR-eGR] ============ Routing rule table ============
[NR-eGR] Rule id: 1  Rule name: (Default)  Nets: 98
[NR-eGR] ========================================
[NR-eGR] 
[NR-eGR] Layer group 1: route 98 net(s) in layer range [2, 11]
[NR-eGR] Early Global Route overflow of layer group 1: 0.00% H + 0.00% V. EstWL: 5.967900e+02um
[NR-eGR] Congestion Analysis By layer: (blocked Gcells are excluded) 
[NR-eGR]                        OverCon            
[NR-eGR]                         #Gcell     %Gcell
[NR-eGR]        Layer             (1-0)    OverCon
[NR-eGR] ----------------------------------------------
[NR-eGR]  Metal1 ( 1)         0( 0.00%)   ( 0.00%) 
[NR-eGR]  Metal2 ( 2)         0( 0.00%)   ( 0.00%) 
[NR-eGR]  Metal3 ( 3)         0( 0.00%)   ( 0.00%) 
[NR-eGR]  Metal4 ( 4)         0( 0.00%)   ( 0.00%) 
[NR-eGR]  Metal5 ( 5)         0( 0.00%)   ( 0.00%) 
[NR-eGR]  Metal6 ( 6)         0( 0.00%)   ( 0.00%) 
[NR-eGR]  Metal7 ( 7)         0( 0.00%)   ( 0.00%) 
[NR-eGR]  Metal8 ( 8)         0( 0.00%)   ( 0.00%) 
[NR-eGR]  Metal9 ( 9)         0( 0.00%)   ( 0.00%) 
[NR-eGR] Metal10 (10)         0( 0.00%)   ( 0.00%) 
[NR-eGR] Metal11 (11)         0( 0.00%)   ( 0.00%) 
[NR-eGR] ----------------------------------------------
[NR-eGR]        Total         0( 0.00%)   ( 0.00%) 
[NR-eGR] 
[NR-eGR] Overflow after Early Global Route 0.00% H + 0.00% V
[NR-eGR] Connected 0 must-join pins/ports (post-process)
[NR-eGR] Total eGR-routed clock nets wire length: 0um, number of vias: 0
[NR-eGR] --------------------------------------------------------------------------
[NR-eGR]                  Length (um)  Vias 
[NR-eGR] -----------------------------------
[NR-eGR]  Metal1   (1H)             0   360 
[NR-eGR]  Metal2   (2V)           229   443 
[NR-eGR]  Metal3   (3H)           460    59 
[NR-eGR]  Metal4   (4V)            49    27 
[NR-eGR]  Metal5   (5H)            46     0 
[NR-eGR]  Metal6   (6V)             0     0 
[NR-eGR]  Metal7   (7H)             0     0 
[NR-eGR]  Metal8   (8V)             0     0 
[NR-eGR]  Metal9   (9H)             0     0 
[NR-eGR]  Metal10  (10V)            0     0 
[NR-eGR]  Metal11  (11H)            0     0 
[NR-eGR] -----------------------------------
[NR-eGR]           Total          784   889 
[NR-eGR] --------------------------------------------------------------------------
[NR-eGR] Total half perimeter of net bounding box: 1721um
[NR-eGR] Total length: 784um, number of vias: 889
[NR-eGR] --------------------------------------------------------------------------
[NR-eGR] Finished Early Global Route kernel ( CPU: 0.12 sec, Real: 0.14 sec, Curr Mem: 3.17 MB )
      Route Remaining Unrouted Nets done. (took cpu=0:00:00.2 real=0:00:00.2)
    Routing using NR in eGR->NR Step done.
Net route status summary:
  Clock:         1 (unrouted=0, trialRouted=0, noStatus=0, routed=0, fixed=1, [crossesIlmBoundary=0, tooFewTerms=0, (crossesIlmBoundary AND tooFewTerms=0)])
  Non-clock:   100 (unrouted=2, trialRouted=98, noStatus=0, routed=0, fixed=0, [crossesIlmBoundary=0, tooFewTerms=2, (crossesIlmBoundary AND tooFewTerms=0)])

CCOPT: Done with clock implementation routing.

    Leaving CCOpt scope - Routing Tools done. (took cpu=0:00:02.2 real=0:00:02.2)
  Clock implementation routing done.
  Leaving CCOpt scope - extractRC...
  Updating RC parasitics by calling: "extract_rc -noRouteCheck"...
Extraction called for design 'watch' of instances=93 and nets=101 using extraction engine 'pre_route' .
**WARN: (IMPEXT-3530):	The process node is not set. Use the command set_design_mode -process <process node> prior to extraction for maximum accuracy and optimal automatic threshold setting.
Type 'man IMPEXT-3530' for more detail.
pre_route RC Extraction called for design watch.
RC Extraction called in multi-corner(1) mode.
RCMode: PreRoute
      RC Corner Indexes            0   
Capacitance Scaling Factor   : 1.00000 
Resistance Scaling Factor    : 1.00000 
Clock Cap. Scaling Factor    : 1.00000 
Clock Res. Scaling Factor    : 1.00000 
Shrink Factor                : 0.90000
PreRoute extraction is honoring NDR/Shielding/ExtraSpace for clock nets.
Using capacitance table file ...
Updating RC Grid density data for preRoute extraction ...
Initializing multi-corner capacitance tables ... 
Initializing multi-corner resistance tables ...
Creating RPSQ from WeeR and WRes ...
PreRoute RC Extraction DONE (CPU Time: 0:00:00.1  Real Time: 0:00:00.0  MEM: 3294.023M)
  Updating RC parasitics by calling: "extract_rc -noRouteCheck" done.
  Leaving CCOpt scope - extractRC done. (took cpu=0:00:00.1 real=0:00:00.1)
  Clock tree timing engine global stage delay update for max_delay:setup.late...
  Clock tree timing engine global stage delay update for max_delay:setup.late done. (took cpu=0:00:00.0 real=0:00:00.0)
  Clock DAG stats after routing clock trees:
    cell counts      : b=0, i=0, icg=0, dcg=0, l=0, total=0
    sink counts      : regular=26, enable_latch=0, load_capacitance=0, antenna=0, node_sink=0, total=26
    misc counts      : r=1, pp=0, mci=0
    cell areas       : b=0.000um^2, i=0.000um^2, icg=0.000um^2, dcg=0.000um^2, l=0.000um^2, total=0.000um^2
    cell capacitance : b=0.000pF, i=0.000pF, icg=0.000pF, dcg=0.000pF, l=0.000pF, total=0.000pF
    sink capacitance : total=0.005pF, avg=0.000pF, sd=0.000pF, min=0.000pF, max=0.000pF
    wire capacitance : top=0.000pF, trunk=0.000pF, leaf=0.014pF, total=0.014pF
    wire lengths     : top=0.000um, trunk=0.000um, leaf=107.986um, total=107.986um
    hp wire lengths  : top=0.000um, trunk=0.000um, leaf=0.000um, total=0.000um
  Clock DAG net violations after routing clock trees: none
  Clock DAG primary half-corner transition distribution after routing clock trees:
    Leaf : target=0.100ns count=1 avg=0.006ns sd=0.000ns min=0.006ns max=0.006ns {1 <= 0.060ns, 0 <= 0.080ns, 0 <= 0.090ns, 0 <= 0.095ns, 0 <= 0.100ns}
  Primary reporting skew groups after routing clock trees:
    skew_group clk/sdc_cons: insertion delay [min=0.000, max=0.003, avg=0.002, sd=0.001, skn=-0.497, kur=-1.225], skew [0.003 vs 0.101], 100% {0.000, 0.003} (wid=0.003 ws=0.003) (gid=0.000 gs=0.000)
  Skew group summary after routing clock trees:
    skew_group clk/sdc_cons: insertion delay [min=0.000, max=0.003, avg=0.002, sd=0.001, skn=-0.497, kur=-1.225], skew [0.003 vs 0.101], 100% {0.000, 0.003} (wid=0.003 ws=0.003) (gid=0.000 gs=0.000)
  CCOpt::Phase::Routing done. (took cpu=0:00:02.3 real=0:00:02.3)
  CCOpt::Phase::PostConditioning...
  Leaving CCOpt scope - Initializing placement interface...
  Leaving CCOpt scope - Initializing placement interface done. (took cpu=0:00:00.0 real=0:00:00.0)
  PostConditioning...
    PostConditioning active optimizations:
     - DRV fixing with initial upsizing, sizing and buffering
     - Skew fixing with sizing
    
    Currently running CTS, using active skew data
    ProEngine running partially connected to DB
    Reset bufferability constraints...
    Resetting previous bufferability status on all nets so that PostConditioning will attempt to fix all clock tree violations.
    Reset bufferability constraints done. (took cpu=0:00:00.0 real=0:00:00.0)
    PostConditioning Upsizing To Fix DRVs...
      Fixing clock tree DRVs with upsizing: ...20% ...40% ...60% ...80% ...100% 
      CCOpt-PostConditioning: considered: 1, tested: 1, violation detected: 0, violation ignored (due to small violation): 0, cannot run: 0, attempted: 0, unsuccessful: 0, sized: 0
      
      Statistics: Fix DRVs (initial upsizing):
      ========================================
      
      Cell changes by Net Type:
      
      -------------------------------------------------------------------------------------------------
      Net Type    Attempted    Upsized     Downsized    Swapped Same Size    Total Changed    Not Sized
      -------------------------------------------------------------------------------------------------
      top                0            0           0            0                    0                0
      trunk              0            0           0            0                    0                0
      leaf               0            0           0            0                    0                0
      -------------------------------------------------------------------------------------------------
      Total              0            0           0            0                    0                0
      -------------------------------------------------------------------------------------------------
      
      Upsized: 0, Downsized: 0, Sized but same area: 0, Unchanged: 0, Area change: 0.000um^2
      Max. move: 0.000um, Min. move: 0.000um, Avg. move: N/A
      
      Clock DAG stats after 'PostConditioning Upsizing To Fix DRVs':
        cell counts      : b=0, i=0, icg=0, dcg=0, l=0, total=0
        sink counts      : regular=26, enable_latch=0, load_capacitance=0, antenna=0, node_sink=0, total=26
        misc counts      : r=1, pp=0, mci=0
        cell areas       : b=0.000um^2, i=0.000um^2, icg=0.000um^2, dcg=0.000um^2, l=0.000um^2, total=0.000um^2
        cell capacitance : b=0.000pF, i=0.000pF, icg=0.000pF, dcg=0.000pF, l=0.000pF, total=0.000pF
        sink capacitance : total=0.005pF, avg=0.000pF, sd=0.000pF, min=0.000pF, max=0.000pF
        wire capacitance : top=0.000pF, trunk=0.000pF, leaf=0.014pF, total=0.014pF
        wire lengths     : top=0.000um, trunk=0.000um, leaf=107.986um, total=107.986um
        hp wire lengths  : top=0.000um, trunk=0.000um, leaf=0.000um, total=0.000um
      Clock DAG net violations after 'PostConditioning Upsizing To Fix DRVs': none
      Clock DAG primary half-corner transition distribution after 'PostConditioning Upsizing To Fix DRVs':
        Leaf : target=0.100ns count=1 avg=0.006ns sd=0.000ns min=0.006ns max=0.006ns {1 <= 0.060ns, 0 <= 0.080ns, 0 <= 0.090ns, 0 <= 0.095ns, 0 <= 0.100ns}
      Primary reporting skew groups after 'PostConditioning Upsizing To Fix DRVs':
        skew_group clk/sdc_cons: insertion delay [min=0.000, max=0.003], skew [0.003 vs 0.101]
      Skew group summary after 'PostConditioning Upsizing To Fix DRVs':
        skew_group clk/sdc_cons: insertion delay [min=0.000, max=0.003], skew [0.003 vs 0.101]
      Legalizer API calls during this step: 0 succeeded with high effort: 0 succeeded with medium effort: 0 succeeded with low effort: 0 succeeded with basic effort: 0 succeeded with basic unbounded effort: 0
    PostConditioning Upsizing To Fix DRVs done. (took cpu=0:00:00.0 real=0:00:00.0)
    Recomputing CTS skew targets...
    Resolving skew group constraints...
      Solving LP: 1 skew groups; 2 fragments, 2 fraglets and 3 vertices; 12 variables and 27 constraints; tolerance 1
    Resolving skew group constraints done.
    Recomputing CTS skew targets done. (took cpu=0:00:00.0 real=0:00:00.0)
    PostConditioning Fixing DRVs...
      Fixing clock tree DRVs: ...20% ...40% ...60% ...80% ...100% 
      CCOpt-PostConditioning: considered: 1, tested: 1, violation detected: 0, violation ignored (due to small violation): 0, cannot run: 0, attempted: 0, unsuccessful: 0, sized: 0
      
      Statistics: Fix DRVs (cell sizing):
      ===================================
      
      Cell changes by Net Type:
      
      -------------------------------------------------------------------------------------------------
      Net Type    Attempted    Upsized     Downsized    Swapped Same Size    Total Changed    Not Sized
      -------------------------------------------------------------------------------------------------
      top                0            0           0            0                    0                0
      trunk              0            0           0            0                    0                0
      leaf               0            0           0            0                    0                0
      -------------------------------------------------------------------------------------------------
      Total              0            0           0            0                    0                0
      -------------------------------------------------------------------------------------------------
      
      Upsized: 0, Downsized: 0, Sized but same area: 0, Unchanged: 0, Area change: 0.000um^2
      Max. move: 0.000um, Min. move: 0.000um, Avg. move: N/A
      
      Clock DAG stats after 'PostConditioning Fixing DRVs':
        cell counts      : b=0, i=0, icg=0, dcg=0, l=0, total=0
        sink counts      : regular=26, enable_latch=0, load_capacitance=0, antenna=0, node_sink=0, total=26
        misc counts      : r=1, pp=0, mci=0
        cell areas       : b=0.000um^2, i=0.000um^2, icg=0.000um^2, dcg=0.000um^2, l=0.000um^2, total=0.000um^2
        cell capacitance : b=0.000pF, i=0.000pF, icg=0.000pF, dcg=0.000pF, l=0.000pF, total=0.000pF
        sink capacitance : total=0.005pF, avg=0.000pF, sd=0.000pF, min=0.000pF, max=0.000pF
        wire capacitance : top=0.000pF, trunk=0.000pF, leaf=0.014pF, total=0.014pF
        wire lengths     : top=0.000um, trunk=0.000um, leaf=107.986um, total=107.986um
        hp wire lengths  : top=0.000um, trunk=0.000um, leaf=0.000um, total=0.000um
      Clock DAG net violations after 'PostConditioning Fixing DRVs': none
      Clock DAG primary half-corner transition distribution after 'PostConditioning Fixing DRVs':
        Leaf : target=0.100ns count=1 avg=0.006ns sd=0.000ns min=0.006ns max=0.006ns {1 <= 0.060ns, 0 <= 0.080ns, 0 <= 0.090ns, 0 <= 0.095ns, 0 <= 0.100ns}
      Primary reporting skew groups after 'PostConditioning Fixing DRVs':
        skew_group clk/sdc_cons: insertion delay [min=0.000, max=0.003], skew [0.003 vs 0.101]
      Skew group summary after 'PostConditioning Fixing DRVs':
        skew_group clk/sdc_cons: insertion delay [min=0.000, max=0.003], skew [0.003 vs 0.101]
      Legalizer API calls during this step: 0 succeeded with high effort: 0 succeeded with medium effort: 0 succeeded with low effort: 0 succeeded with basic effort: 0 succeeded with basic unbounded effort: 0
    PostConditioning Fixing DRVs done. (took cpu=0:00:00.0 real=0:00:00.0)
    Buffering to fix DRVs...
    Fixing DRVs with route buffering pass 1. Quick buffering: enabled
    Rebuffering to fix clock tree DRVs: ...20% ...40% ...60% ...80% ...100% 
    Inserted 0 buffers and inverters.
    success count. Default: 0, QS: 0, QD: 0, FS: 0, MQS: 0
    CCOpt-PostConditioning: nets considered: 1, nets tested: 1, nets violation detected: 0, nets violation ignored (due to small violation): 0, nets cannot run: 0, nets attempted: 0, nets unsuccessful: 0, buffered: 0
    Clock DAG stats PostConditioning after re-buffering DRV fixing:
      cell counts      : b=0, i=0, icg=0, dcg=0, l=0, total=0
      sink counts      : regular=26, enable_latch=0, load_capacitance=0, antenna=0, node_sink=0, total=26
      misc counts      : r=1, pp=0, mci=0
      cell areas       : b=0.000um^2, i=0.000um^2, icg=0.000um^2, dcg=0.000um^2, l=0.000um^2, total=0.000um^2
      cell capacitance : b=0.000pF, i=0.000pF, icg=0.000pF, dcg=0.000pF, l=0.000pF, total=0.000pF
      sink capacitance : total=0.005pF, avg=0.000pF, sd=0.000pF, min=0.000pF, max=0.000pF
      wire capacitance : top=0.000pF, trunk=0.000pF, leaf=0.014pF, total=0.014pF
      wire lengths     : top=0.000um, trunk=0.000um, leaf=107.986um, total=107.986um
      hp wire lengths  : top=0.000um, trunk=0.000um, leaf=0.000um, total=0.000um
    Clock DAG net violations PostConditioning after re-buffering DRV fixing: none
    Clock DAG primary half-corner transition distribution PostConditioning after re-buffering DRV fixing:
      Leaf : target=0.100ns count=1 avg=0.006ns sd=0.000ns min=0.006ns max=0.006ns {1 <= 0.060ns, 0 <= 0.080ns, 0 <= 0.090ns, 0 <= 0.095ns, 0 <= 0.100ns}
    Primary reporting skew groups PostConditioning after re-buffering DRV fixing:
      skew_group clk/sdc_cons: insertion delay [min=0.000, max=0.003, avg=0.002, sd=0.001, skn=-0.497, kur=-1.225], skew [0.003 vs 0.101], 100% {0.000, 0.003} (wid=0.003 ws=0.003) (gid=0.000 gs=0.000)
    Skew group summary PostConditioning after re-buffering DRV fixing:
      skew_group clk/sdc_cons: insertion delay [min=0.000, max=0.003, avg=0.002, sd=0.001, skn=-0.497, kur=-1.225], skew [0.003 vs 0.101], 100% {0.000, 0.003} (wid=0.003 ws=0.003) (gid=0.000 gs=0.000)
    Buffering to fix DRVs done. (took cpu=0:00:00.0 real=0:00:00.0)
    PostConditioning Fixing Skew by cell sizing...
      Resized 0 clock insts to decrease delay.
      Resized 0 clock insts to increase delay.
      
      Statistics: Fix Skew (cell sizing):
      ===================================
      
      Cell changes by Net Type:
      
      -------------------------------------------------------------------------------------------------
      Net Type    Attempted    Upsized     Downsized    Swapped Same Size    Total Changed    Not Sized
      -------------------------------------------------------------------------------------------------
      top                0            0           0            0                    0                0
      trunk              0            0           0            0                    0                0
      leaf               0            0           0            0                    0                0
      -------------------------------------------------------------------------------------------------
      Total              0            0           0            0                    0                0
      -------------------------------------------------------------------------------------------------
      
      Upsized: 0, Downsized: 0, Sized but same area: 0, Unchanged: 0, Area change: 0.000um^2
      Max. move: 0.000um, Min. move: 0.000um, Avg. move: N/A
      
      Clock DAG stats after 'PostConditioning Fixing Skew by cell sizing':
        cell counts      : b=0, i=0, icg=0, dcg=0, l=0, total=0
        sink counts      : regular=26, enable_latch=0, load_capacitance=0, antenna=0, node_sink=0, total=26
        misc counts      : r=1, pp=0, mci=0
        cell areas       : b=0.000um^2, i=0.000um^2, icg=0.000um^2, dcg=0.000um^2, l=0.000um^2, total=0.000um^2
        cell capacitance : b=0.000pF, i=0.000pF, icg=0.000pF, dcg=0.000pF, l=0.000pF, total=0.000pF
        sink capacitance : total=0.005pF, avg=0.000pF, sd=0.000pF, min=0.000pF, max=0.000pF
        wire capacitance : top=0.000pF, trunk=0.000pF, leaf=0.014pF, total=0.014pF
        wire lengths     : top=0.000um, trunk=0.000um, leaf=107.986um, total=107.986um
        hp wire lengths  : top=0.000um, trunk=0.000um, leaf=0.000um, total=0.000um
      Clock DAG net violations after 'PostConditioning Fixing Skew by cell sizing': none
      Clock DAG primary half-corner transition distribution after 'PostConditioning Fixing Skew by cell sizing':
        Leaf : target=0.100ns count=1 avg=0.006ns sd=0.000ns min=0.006ns max=0.006ns {1 <= 0.060ns, 0 <= 0.080ns, 0 <= 0.090ns, 0 <= 0.095ns, 0 <= 0.100ns}
      Primary reporting skew groups after 'PostConditioning Fixing Skew by cell sizing':
        skew_group clk/sdc_cons: insertion delay [min=0.000, max=0.003, avg=0.002, sd=0.001, skn=-0.497, kur=-1.225], skew [0.003 vs 0.101], 100% {0.000, 0.003} (wid=0.003 ws=0.003) (gid=0.000 gs=0.000)
      Skew group summary after 'PostConditioning Fixing Skew by cell sizing':
        skew_group clk/sdc_cons: insertion delay [min=0.000, max=0.003, avg=0.002, sd=0.001, skn=-0.497, kur=-1.225], skew [0.003 vs 0.101], 100% {0.000, 0.003} (wid=0.003 ws=0.003) (gid=0.000 gs=0.000)
      Legalizer API calls during this step: 0 succeeded with high effort: 0 succeeded with medium effort: 0 succeeded with low effort: 0 succeeded with basic effort: 0 succeeded with basic unbounded effort: 0
    PostConditioning Fixing Skew by cell sizing done. (took cpu=0:00:00.0 real=0:00:00.0)
    Reconnecting optimized routes...
    Reset timing graph...
Ignoring AAE DB Resetting ...
    Reset timing graph done.
    Reconnecting optimized routes done. (took cpu=0:00:00.0 real=0:00:00.0)
Skipping place_detail: no changes were made during DRV and/or skew fixing steps so it is unnecessary.
  PostConditioning done.
Net route status summary:
  Clock:         1 (unrouted=0, trialRouted=0, noStatus=0, routed=0, fixed=1, [crossesIlmBoundary=0, tooFewTerms=0, (crossesIlmBoundary AND tooFewTerms=0)])
  Non-clock:   100 (unrouted=2, trialRouted=98, noStatus=0, routed=0, fixed=0, [crossesIlmBoundary=0, tooFewTerms=2, (crossesIlmBoundary AND tooFewTerms=0)])
  Update timing and DAG stats after post-conditioning...
  Update timing and DAG stats after post-conditioning done. (took cpu=0:00:00.0 real=0:00:00.0)
  Clock tree timing engine global stage delay update for max_delay:setup.late...
  Clock tree timing engine global stage delay update for max_delay:setup.late done. (took cpu=0:00:00.0 real=0:00:00.0)
  Clock DAG stats after post-conditioning:
    cell counts      : b=0, i=0, icg=0, dcg=0, l=0, total=0
    sink counts      : regular=26, enable_latch=0, load_capacitance=0, antenna=0, node_sink=0, total=26
    misc counts      : r=1, pp=0, mci=0
    cell areas       : b=0.000um^2, i=0.000um^2, icg=0.000um^2, dcg=0.000um^2, l=0.000um^2, total=0.000um^2
    cell capacitance : b=0.000pF, i=0.000pF, icg=0.000pF, dcg=0.000pF, l=0.000pF, total=0.000pF
    sink capacitance : total=0.005pF, avg=0.000pF, sd=0.000pF, min=0.000pF, max=0.000pF
    wire capacitance : top=0.000pF, trunk=0.000pF, leaf=0.014pF, total=0.014pF
    wire lengths     : top=0.000um, trunk=0.000um, leaf=107.986um, total=107.986um
    hp wire lengths  : top=0.000um, trunk=0.000um, leaf=0.000um, total=0.000um
  Clock DAG net violations after post-conditioning: none
  Clock DAG primary half-corner transition distribution after post-conditioning:
    Leaf : target=0.100ns count=1 avg=0.006ns sd=0.000ns min=0.006ns max=0.006ns {1 <= 0.060ns, 0 <= 0.080ns, 0 <= 0.090ns, 0 <= 0.095ns, 0 <= 0.100ns}
  Primary reporting skew groups after post-conditioning:
    skew_group clk/sdc_cons: insertion delay [min=0.000, max=0.003, avg=0.002, sd=0.001, skn=-0.497, kur=-1.225], skew [0.003 vs 0.101], 100% {0.000, 0.003} (wid=0.003 ws=0.003) (gid=0.000 gs=0.000)
  Skew group summary after post-conditioning:
    skew_group clk/sdc_cons: insertion delay [min=0.000, max=0.003, avg=0.002, sd=0.001, skn=-0.497, kur=-1.225], skew [0.003 vs 0.101], 100% {0.000, 0.003} (wid=0.003 ws=0.003) (gid=0.000 gs=0.000)
  CCOpt::Phase::PostConditioning done. (took cpu=0:00:00.1 real=0:00:00.1)
  Post-balance tidy up or trial balance steps...
  
  Clock DAG stats at end of CTS:
  ==============================
  
  -------------------------------------------------------
  Cell type                 Count    Area     Capacitance
  -------------------------------------------------------
  Buffers                     0      0.000       0.000
  Inverters                   0      0.000       0.000
  Integrated Clock Gates      0      0.000       0.000
  Discrete Clock Gates        0      0.000       0.000
  Clock Logic                 0      0.000       0.000
  All                         0      0.000       0.000
  -------------------------------------------------------
  
  Clock DAG miscellaneous counts at end of CTS:
  =============================================
  
  ------------------------------
  Type                     Count
  ------------------------------
  Roots                      1
  Preserved Ports            0
  Multiple Clock Inputs      0
  ------------------------------
  
  
  Clock DAG sink counts at end of CTS:
  ====================================
  
  -------------------------
  Sink type           Count
  -------------------------
  Regular              26
  Enable Latch          0
  Load Capacitance      0
  Antenna Diode         0
  Node Sink             0
  Total                26
  -------------------------
  
  
  Clock DAG wire lengths at end of CTS:
  =====================================
  
  --------------------
  Type     Wire Length
  --------------------
  Top          0.000
  Trunk        0.000
  Leaf       107.986
  Total      107.986
  --------------------
  
  
  Clock DAG hp wire lengths at end of CTS:
  ========================================
  
  -----------------------
  Type     hp Wire Length
  -----------------------
  Top          0.000
  Trunk        0.000
  Leaf         0.000
  Total        0.000
  -----------------------
  
  
  Clock DAG capacitances at end of CTS:
  =====================================
  
  --------------------------------
  Type     Gate     Wire     Total
  --------------------------------
  Top      0.000    0.000    0.000
  Trunk    0.000    0.000    0.000
  Leaf     0.005    0.014    0.019
  Total    0.005    0.014    0.019
  --------------------------------
  
  
  Clock DAG sink capacitances at end of CTS:
  ==========================================
  
  -----------------------------------------------
  Total    Average    Std. Dev.    Min      Max
  -----------------------------------------------
  0.005     0.000       0.000      0.000    0.000
  -----------------------------------------------
  
  
  Clock DAG net violations at end of CTS:
  =======================================
  
  None
  
  
  Clock DAG primary half-corner transition distribution at end of CTS:
  ====================================================================
  
  --------------------------------------------------------------------------------------------------------------------------------------------------------------
  Net Type    Target    Count    Average    Std. Dev.    Min      Max      Distribution                                                              Over Target
  --------------------------------------------------------------------------------------------------------------------------------------------------------------
  Leaf        0.100       1       0.006       0.000      0.006    0.006    {1 <= 0.060ns, 0 <= 0.080ns, 0 <= 0.090ns, 0 <= 0.095ns, 0 <= 0.100ns}         -
  --------------------------------------------------------------------------------------------------------------------------------------------------------------
  
  
  Primary reporting skew groups summary at end of CTS:
  ====================================================
  
  ------------------------------------------------------------------------------------------------------------------------------------------------------------------------------------------
  Half-corner             Skew Group      Min ID    Max ID    Skew     Skew target    Wire skew    Worst sink skew    Average ID    Std.Dev    Skewness    Kurtosis    Skew window occupancy
  ------------------------------------------------------------------------------------------------------------------------------------------------------------------------------------------
  max_delay:setup.late    clk/sdc_cons    0.000     0.003     0.003       0.101         0.003           0.003           0.002        0.001      -0.497      -1.225     100% {0.000, 0.003}
  ------------------------------------------------------------------------------------------------------------------------------------------------------------------------------------------
  
  
  Skew group summary at end of CTS:
  =================================
  
  ------------------------------------------------------------------------------------------------------------------------------------------------------------------------------------------
  Half-corner             Skew Group      Min ID    Max ID    Skew     Skew target    Wire skew    Worst sink skew    Average ID    Std.Dev    Skewness    Kurtosis    Skew window occupancy
  ------------------------------------------------------------------------------------------------------------------------------------------------------------------------------------------
  max_delay:setup.late    clk/sdc_cons    0.000     0.003     0.003       0.101         0.003           0.003           0.002        0.001      -0.497      -1.225     100% {0.000, 0.003}
  ------------------------------------------------------------------------------------------------------------------------------------------------------------------------------------------
  
  
  Found a total of 0 clock tree pins with a slew violation.
  
  Post-balance tidy up or trial balance steps done. (took cpu=0:00:00.0 real=0:00:00.0)
Synthesizing clock trees done.
Tidy Up And Update Timing...
External - Set all clocks to propagated mode...
Innovus updating I/O latencies
AAE_INFO: opIsDesignInPostRouteState() is 0
#################################################################################
# Design Stage: PreRoute
# Design Name: watch
# Design Mode: 90nm
# Analysis Mode: MMMC Non-OCV 
# Parasitics Mode: No SPEF/RCDB 
# Signoff Settings: SI Off 
#################################################################################
Start delay calculation (fullDC) (1 T). (MEM=3359.77)
Total number of fetched objects 99
AAE_INFO: Total number of nets for which stage creation was skipped for all views 0
Total number of fetched objects 99
AAE_INFO: Total number of nets for which stage creation was skipped for all views 0
End delay calculation. (MEM=3413.07 CPU=0:00:00.0 REAL=0:00:00.0)
End delay calculation (fullDC). (MEM=3413.07 CPU=0:00:00.1 REAL=0:00:00.0)
Setting all clocks to propagated mode.
External - Set all clocks to propagated mode done. (took cpu=0:00:00.3 real=0:00:00.3)
Clock DAG stats after update timingGraph:
  cell counts      : b=0, i=0, icg=0, dcg=0, l=0, total=0
  sink counts      : regular=26, enable_latch=0, load_capacitance=0, antenna=0, node_sink=0, total=26
  misc counts      : r=1, pp=0, mci=0
  cell areas       : b=0.000um^2, i=0.000um^2, icg=0.000um^2, dcg=0.000um^2, l=0.000um^2, total=0.000um^2
  cell capacitance : b=0.000pF, i=0.000pF, icg=0.000pF, dcg=0.000pF, l=0.000pF, total=0.000pF
  sink capacitance : total=0.005pF, avg=0.000pF, sd=0.000pF, min=0.000pF, max=0.000pF
  wire capacitance : top=0.000pF, trunk=0.000pF, leaf=0.014pF, total=0.014pF
  wire lengths     : top=0.000um, trunk=0.000um, leaf=107.986um, total=107.986um
  hp wire lengths  : top=0.000um, trunk=0.000um, leaf=0.000um, total=0.000um
Clock DAG net violations after update timingGraph: none
Clock DAG primary half-corner transition distribution after update timingGraph:
  Leaf : target=0.100ns count=1 avg=0.006ns sd=0.000ns min=0.006ns max=0.006ns {1 <= 0.060ns, 0 <= 0.080ns, 0 <= 0.090ns, 0 <= 0.095ns, 0 <= 0.100ns}
Primary reporting skew groups after update timingGraph:
  skew_group clk/sdc_cons: insertion delay [min=0.000, max=0.003, avg=0.002, sd=0.001, skn=-0.497, kur=-1.225], skew [0.003 vs 0.101], 100% {0.000, 0.003} (wid=0.003 ws=0.003) (gid=0.000 gs=0.000)
Skew group summary after update timingGraph:
  skew_group clk/sdc_cons: insertion delay [min=0.000, max=0.003, avg=0.002, sd=0.001, skn=-0.497, kur=-1.225], skew [0.003 vs 0.101], 100% {0.000, 0.003} (wid=0.003 ws=0.003) (gid=0.000 gs=0.000)
Logging CTS constraint violations...
  No violations found.
Logging CTS constraint violations done.
Tidy Up And Update Timing done. (took cpu=0:00:00.3 real=0:00:00.3)
Runtime done. (took cpu=0:00:05.3 real=0:00:05.2)
Runtime Summary
===============
Clock Runtime:  (31%) Core CTS           1.64 (Init 0.96, Construction 0.17, Implementation 0.07, eGRPC 0.06, PostConditioning 0.07, Other 0.32)
Clock Runtime:  (50%) CTS services       2.63 (RefinePlace 0.19, EarlyGlobalClock 0.44, NanoRoute 1.69, ExtractRC 0.31, TimingAnalysis 0.00)
Clock Runtime:  (17%) Other CTS          0.90 (Init 0.18, CongRepair/EGR-DP 0.43, TimingUpdate 0.29, Other 0.00)
Clock Runtime: (100%) Total              5.17

Leaving CCOpt scope - Cleaning up placement interface...
Leaving CCOpt scope - Cleaning up placement interface done. (took cpu=0:00:00.0 real=0:00:00.0)
*** CTS #1 [finish] (ccopt_design #1) : cpu/real = 0:00:05.1/0:00:05.1 (1.0), totSession cpu/real = 0:01:13.7/0:06:12.7 (0.2), mem = 3277.5M
Synthesizing clock trees with CCOpt done.
      flow.cputime  flow.realtime  timing.setup.tns  timing.setup.wns  snapshot
UM:*                                                                   cts
Begin: Reorder Scan Chains
**WARN: (IMPSP-9025):	No scan chain specified/traced.
Type 'man IMPSP-9025' for more detail.
End: Reorder Scan Chains
**opt_design ... cpu = 0:00:00, real = 0:00:00, mem = 2258.0M, totSessionCpu=0:01:14 **
**WARN: (IMPOPT-576):	26 nets have unplaced terms. 
GigaOpt running with 1 threads.
*** InitOpt #1 [begin] (ccopt_design #1) : totSession cpu/real = 0:01:13.8/0:06:12.8 (0.2), mem = 3277.5M
**INFO: set_db design_flow_effort standard -> setting 'set_db opt_all_end_points true' for the duration of this command.
Need call spDPlaceInit before registerPrioInstLoc.
**WARN: (IMPOPT-665):	clk : Net has unplaced terms or is connected to uplaced instances in design. 
Type 'man IMPOPT-665' for more detail.
**WARN: (IMPOPT-665):	rst_n : Net has unplaced terms or is connected to uplaced instances in design. 
Type 'man IMPOPT-665' for more detail.
**WARN: (IMPOPT-665):	sec_bcd1[3] : Net has unplaced terms or is connected to uplaced instances in design. 
Type 'man IMPOPT-665' for more detail.
**WARN: (IMPOPT-665):	sec_bcd1[2] : Net has unplaced terms or is connected to uplaced instances in design. 
Type 'man IMPOPT-665' for more detail.
**WARN: (IMPOPT-665):	sec_bcd1[1] : Net has unplaced terms or is connected to uplaced instances in design. 
Type 'man IMPOPT-665' for more detail.
**WARN: (IMPOPT-665):	sec_bcd1[0] : Net has unplaced terms or is connected to uplaced instances in design. 
Type 'man IMPOPT-665' for more detail.
**WARN: (IMPOPT-665):	sec_bcd10[3] : Net has unplaced terms or is connected to uplaced instances in design. 
Type 'man IMPOPT-665' for more detail.
**WARN: (IMPOPT-665):	sec_bcd10[2] : Net has unplaced terms or is connected to uplaced instances in design. 
Type 'man IMPOPT-665' for more detail.
**WARN: (IMPOPT-665):	sec_bcd10[1] : Net has unplaced terms or is connected to uplaced instances in design. 
Type 'man IMPOPT-665' for more detail.
**WARN: (IMPOPT-665):	sec_bcd10[0] : Net has unplaced terms or is connected to uplaced instances in design. 
Type 'man IMPOPT-665' for more detail.
**WARN: (IMPOPT-665):	min_bcd1[3] : Net has unplaced terms or is connected to uplaced instances in design. 
Type 'man IMPOPT-665' for more detail.
**WARN: (IMPOPT-665):	min_bcd1[2] : Net has unplaced terms or is connected to uplaced instances in design. 
Type 'man IMPOPT-665' for more detail.
**WARN: (IMPOPT-665):	min_bcd1[1] : Net has unplaced terms or is connected to uplaced instances in design. 
Type 'man IMPOPT-665' for more detail.
**WARN: (IMPOPT-665):	min_bcd1[0] : Net has unplaced terms or is connected to uplaced instances in design. 
Type 'man IMPOPT-665' for more detail.
**WARN: (IMPOPT-665):	min_bcd10[3] : Net has unplaced terms or is connected to uplaced instances in design. 
Type 'man IMPOPT-665' for more detail.
**WARN: (IMPOPT-665):	min_bcd10[2] : Net has unplaced terms or is connected to uplaced instances in design. 
Type 'man IMPOPT-665' for more detail.
**WARN: (IMPOPT-665):	min_bcd10[1] : Net has unplaced terms or is connected to uplaced instances in design. 
Type 'man IMPOPT-665' for more detail.
**WARN: (IMPOPT-665):	min_bcd10[0] : Net has unplaced terms or is connected to uplaced instances in design. 
Type 'man IMPOPT-665' for more detail.
**WARN: (IMPOPT-665):	hour_bcd1[3] : Net has unplaced terms or is connected to uplaced instances in design. 
Type 'man IMPOPT-665' for more detail.
**WARN: (IMPOPT-665):	hour_bcd1[2] : Net has unplaced terms or is connected to uplaced instances in design. 
Type 'man IMPOPT-665' for more detail.
**WARN: (EMS-27):	Message (IMPOPT-665) has exceeded the current message display limit of 20.
To increase the message display limit, refer to the product command reference manual.
Info: Using Genus executable '/tools/cadence/DDI221/bin/genus'.
      Genus workers will not check out additional licenses.
**opt_design ... cpu = 0:00:01, real = 0:00:15, mem = 2275.5M, totSessionCpu=0:01:15 **
#optDebug: { P: 90 W: 5195 FE: standard PE: none LDR: 1}
*** opt_design -post_cts ***
DRC Margin: user margin 0.0; extra margin 0.2
Hold Target Slack: user slack 0
Setup Target Slack: user slack 0; extra slack 0.0
set_db opt_skew_eco_route false
No user sequential activity specified, applying default sequential activity of "0.2" for Dynamic Power reporting.
'set_default_switching_activity' finished successfully.
Multi-VT timing optimization disabled based on library information.
Start to check current routing status for nets...
All nets are already routed correctly.
End to check current routing status for nets (mem=3270.0M)
AAE DB initialization (MEM=3318.64 CPU=0:00:00.0 REAL=0:00:00.0) 
Compute RC Scale Done ...
Starting delay calculation for Setup views
AAE_INFO: opIsDesignInPostRouteState() is 0
#################################################################################
# Design Stage: PreRoute
# Design Name: watch
# Design Mode: 90nm
# Analysis Mode: MMMC Non-OCV 
# Parasitics Mode: No SPEF/RCDB 
# Signoff Settings: SI Off 
#################################################################################
Calculate delays in BcWc mode...
Start delay calculation (fullDC) (1 T). (MEM=3511.96)
Total number of fetched objects 99
AAE_INFO: Total number of nets for which stage creation was skipped for all views 0
End delay calculation. (MEM=3816.47 CPU=0:00:00.1 REAL=0:00:00.0)
End delay calculation (fullDC). (MEM=3508.47 CPU=0:00:00.3 REAL=0:00:00.0)
*** Done Building Timing Graph (cpu=0:00:00.4 real=0:00:00.0 totSessionCpu=0:01:16 mem=3508.5M)

------------------------------------------------------------------
             Initial Summary
------------------------------------------------------------------

Setup views included:
 wc 

+--------------------+---------+---------+---------+
|     Setup mode     |   all   | reg2reg | default |
+--------------------+---------+---------+---------+
|           WNS (ns):|  8.606  |  8.606  | 10.045  |
|           TNS (ns):|  0.000  |  0.000  |  0.000  |
|    Violating Paths:|    0    |    0    |    0    |
|          All Paths:|   68    |   42    |   26    |
+--------------------+---------+---------+---------+

+----------------+-------------------------------+------------------+
|                |              Real             |       Total      |
|    DRVs        +------------------+------------+------------------|
|                |  Nr nets(terms)  | Worst Vio  |  Nr nets(terms)  |
+----------------+------------------+------------+------------------+
|   max_cap      |      0 (0)       |   0.000    |      0 (0)       |
|   max_tran     |      0 (0)       |   0.000    |      0 (0)       |
|   max_fanout   |      0 (0)       |     0      |      0 (0)       |
|   max_length   |      0 (0)       |     0      |      0 (0)       |
+----------------+------------------+------------+------------------+

Density: 69.829%
------------------------------------------------------------------
**opt_design ... cpu = 0:00:03, real = 0:00:16, mem = 2406.6M, totSessionCpu=0:01:16 **
*** InitOpt #1 [finish] (ccopt_design #1) : cpu/real = 0:00:02.5/0:00:16.6 (0.2), totSession cpu/real = 0:01:16.3/0:06:29.3 (0.2), mem = 3423.5M
** INFO : this run is activating low effort ccoptDesign flow
OPTC: m4 20.0 50.0 [ 500.0 20.0 50.0 ]
OPTC: view 50.0:500.0 [ 0.0500 ]
#optDebug: fT-E <X 2 0 0 1>
-opt_post_cts_congestion_repair false      # bool, default=false, private
GigaOpt Checkpoint: Internal congRefineRouteType -postCTS -congThreshold 0.001 -rescheduleForCongestion -resetVeryShortNets -resetShortNets -useSpineBased -rescheduleForAdherence -minSlack 77.6
Begin: GigaOpt Route Type Constraints Refinement
*** CongRefineRouteType #1 [begin] (ccopt_design #1) : totSession cpu/real = 0:01:16.4/0:06:29.4 (0.2), mem = 3423.5M

Footprint cell information for calculating maxBufDist
*info: There are 10 candidate Buffer cells
*info: There are 12 candidate Inverter cells

Updated routing constraints on 0 nets.
Bottom Preferred Layer:
+---------------+------------+----------+
|     Layer     |    CLK     |   Rule   |
+---------------+------------+----------+
| Metal3 (z=3)  |          1 | default  |
+---------------+------------+----------+
Via Pillar Rule:
    None
*** CongRefineRouteType #1 [finish] (ccopt_design #1) : cpu/real = 0:00:00.2/0:00:00.2 (1.0), totSession cpu/real = 0:01:16.6/0:06:29.6 (0.2), mem = 3423.5M
End: GigaOpt Route Type Constraints Refinement
*** SimplifyNetlist #1 [begin] (ccopt_design #1) : totSession cpu/real = 0:01:16.7/0:06:29.6 (0.2), mem = 3424.5M
Info: 1 net with fixed/cover wires excluded.
Info: 1 clock net  excluded from IPO operation.

Netlist preparation processing... 
Removed 0 instance
*info: Marking 0 isolation instances dont touch
*info: Marking 0 level shifter instances dont touch
*** SimplifyNetlist #1 [finish] (ccopt_design #1) : cpu/real = 0:00:00.7/0:00:00.7 (1.0), totSession cpu/real = 0:01:17.3/0:06:30.3 (0.2), mem = 3440.7M
*** ExcludedClockNetOpt #1 [begin] (ccopt_design #1) : totSession cpu/real = 0:01:17.3/0:06:30.3 (0.2), mem = 3440.7M
*** Starting optimizing excluded clock nets MEM= 3440.7M) ***
*info: No excluded clock nets to be optimized.
*** Finished optimizing excluded clock nets (CPU Time= 0:00:00.0  MEM= 3440.7M) ***
*** ExcludedClockNetOpt #1 [finish] (ccopt_design #1) : cpu/real = 0:00:00.0/0:00:00.0 (0.0), totSession cpu/real = 0:01:17.3/0:06:30.3 (0.2), mem = 3440.7M
*** ExcludedClockNetOpt #2 [begin] (ccopt_design #1) : totSession cpu/real = 0:01:17.3/0:06:30.3 (0.2), mem = 3440.7M
*** Starting optimizing excluded clock nets MEM= 3440.7M) ***
*info: No excluded clock nets to be optimized.
*** Finished optimizing excluded clock nets (CPU Time= 0:00:00.0  MEM= 3440.7M) ***
*** ExcludedClockNetOpt #2 [finish] (ccopt_design #1) : cpu/real = 0:00:00.0/0:00:00.0 (0.0), totSession cpu/real = 0:01:17.3/0:06:30.3 (0.2), mem = 3440.7M
Info: Done creating the CCOpt slew target map.
Begin: GigaOpt high fanout net optimization
GigaOpt HFN: use maxLocalDensity 1.2
GigaOpt Checkpoint: Internal optDRV -useLevelizedBufferTreeOnly -auxMaxFanoutCountLimit 500 -largeScaleFixing -maxIter 1 -maxLocalDensity 1.2 -numThreads 1 -postCTS -preRouteDontEndWithRefinePlaceIncrSteinerRouteDC
*** DrvOpt #1 [begin] (ccopt_design #1) : totSession cpu/real = 0:01:17.3/0:06:30.3 (0.2), mem = 3440.7M
Info: 1 net with fixed/cover wires excluded.
Info: 1 clock net  excluded from IPO operation.
*** DrvOpt #1 [finish] (ccopt_design #1) : cpu/real = 0:00:00.5/0:00:00.5 (1.0), totSession cpu/real = 0:01:17.8/0:06:30.8 (0.2), mem = 3440.9M
GigaOpt HFN: restore maxLocalDensity to 0.98
End: GigaOpt high fanout net optimization
Begin: GigaOpt Global Optimization
*info: use new DP (enabled)
GigaOpt Checkpoint: Internal globalOpt -maxLocalDensity 1.2 -numThreads 1 -postCTS -preRouteDontEndWithRefinePlaceIncrSteinerRouteDC -enableHighLayerOpt -maxIter 50 -maxIterForLEPG 50
Info: 1 net with fixed/cover wires excluded.
Info: 1 clock net  excluded from IPO operation.
*** GlobalOpt #1 [begin] (ccopt_design #1) : totSession cpu/real = 0:01:17.8/0:06:30.8 (0.2), mem = 3440.9M
*info: 1 clock net excluded
*info: 1 net with fixed/cover wires excluded.
** GigaOpt Global Opt WNS Slack 0.000  TNS Slack 0.000 
+--------+--------+---------+------------+--------+----------+---------+----------------------+
|  WNS   |  TNS   | Density |    Real    |  Mem   |Worst View|Pathgroup|      End Point       |
+--------+--------+---------+------------+--------+----------+---------+----------------------+
|   0.000|   0.000|   69.83%|   0:00:00.0| 3510.0M|        wc|       NA| NA                   |
+--------+--------+---------+------------+--------+----------+---------+----------------------+

*** Finish post-CTS Global Setup Fixing (cpu=0:00:00.0 real=0:00:00.0 mem=3510.0M) ***

*** Finish post-CTS Setup Fixing (cpu=0:00:00.0 real=0:00:00.0 mem=3510.0M) ***
Bottom Preferred Layer:
+---------------+------------+----------+
|     Layer     |    CLK     |   Rule   |
+---------------+------------+----------+
| Metal3 (z=3)  |          1 | default  |
+---------------+------------+----------+
Via Pillar Rule:
    None
** GigaOpt Global Opt End WNS Slack 0.000  TNS Slack 0.000 
*** GlobalOpt #1 [finish] (ccopt_design #1) : cpu/real = 0:00:02.1/0:00:02.1 (1.0), totSession cpu/real = 0:01:19.9/0:06:32.9 (0.2), mem = 3450.0M
End: GigaOpt Global Optimization
*** Timing Is met
*** Check timing (0:00:00.0)
GigaOpt Checkpoint: Internal reclaim -numThreads 1 -postCTS -doRemoveUselessTerm -tgtSlackMult 3 -routeType -noRouteTypeResizePolish -noViewPrune -weedwhack -nonLegal -nativePathGroupFlow -SimpCCIn
Info: 1 net with fixed/cover wires excluded.
Info: 1 clock net  excluded from IPO operation.
Begin: Area Reclaim Optimization
*** AreaOpt #1 [begin] (ccopt_design #1) : totSession cpu/real = 0:01:20.0/0:06:33.0 (0.2), mem = 3508.2M
Reclaim Optimization WNS Slack 0.100  TNS Slack 0.000 Density 69.83
+---------+---------+--------+--------+------------+--------+
| Density | Commits |  WNS   |  TNS   |    Real    |  Mem   |
+---------+---------+--------+--------+------------+--------+
|   69.83%|        -|   0.100|   0.000|   0:00:00.0| 3510.2M|
|   69.83%|        0|   0.100|   0.000|   0:00:00.0| 3510.2M|
|   69.83%|        0|   0.100|   0.000|   0:00:00.0| 3510.2M|
|   69.83%|        0|   0.100|   0.000|   0:00:00.0| 3510.2M|
|   69.83%|        0|   0.100|   0.000|   0:00:00.0| 3510.2M|
|   69.83%|        0|   0.100|   0.000|   0:00:00.0| 3510.2M|
+---------+---------+--------+--------+------------+--------+
Reclaim Optimization End WNS Slack 0.100  TNS Slack 0.000 Density 69.83
Bottom Preferred Layer:
+---------------+------------+----------+
|     Layer     |    CLK     |   Rule   |
+---------------+------------+----------+
| Metal3 (z=3)  |          1 | default  |
+---------------+------------+----------+
Via Pillar Rule:
    None

Number of times islegalLocAvaiable called = 0 skipped = 0, called in commitmove = 0, skipped in commitmove = 0
End: Core Area Reclaim Optimization (cpu = 0:00:00.6) (real = 0:00:00.0) **
*** AreaOpt #1 [finish] (ccopt_design #1) : cpu/real = 0:00:00.6/0:00:00.6 (1.0), totSession cpu/real = 0:01:20.6/0:06:33.6 (0.2), mem = 3510.2M
Executing incremental physical updates
Executing incremental physical updates
End: Area Reclaim Optimization (cpu=0:00:01, real=0:00:00, mem=3452.20M, totSessionCpu=0:01:21).

Active setup views:
 wc
  Dominating endpoints: 0
  Dominating TNS: -0.000

GigaOpt Checkpoint: Internal reclaim -numThreads 1 -customPhyUpdate -noGCompAndPhase -force -svrReclaim -rtrShortNets -allowDegradingShortNetRemoval -postCTS -tgtSlackMult 2 -wtns -noRouteTypeResizePolish -noViewPrune -nativePathGroupFlow -SimpCCIn
Info: 1 net with fixed/cover wires excluded.
Info: 1 clock net  excluded from IPO operation.
Begin: Area Reclaim Optimization
*** AreaOpt #2 [begin] (ccopt_design #1) : totSession cpu/real = 0:01:20.8/0:06:33.7 (0.2), mem = 3506.5M
Reclaim Optimization WNS Slack 0.078  TNS Slack 0.000 Density 69.83
+---------+---------+--------+--------+------------+--------+
| Density | Commits |  WNS   |  TNS   |    Real    |  Mem   |
+---------+---------+--------+--------+------------+--------+
|   69.83%|        -|   0.078|   0.000|   0:00:00.0| 3510.5M|
|   69.83%|        0|   0.078|   0.000|   0:00:00.0| 3510.5M|
|   69.83%|        0|   0.078|   0.000|   0:00:00.0| 3510.5M|
|   69.83%|        0|   0.078|   0.000|   0:00:00.0| 3510.5M|
|   69.83%|        0|   0.078|   0.000|   0:00:00.0| 3510.5M|
|   69.83%|        0|   0.078|   0.000|   0:00:00.0| 3510.5M|
+---------+---------+--------+--------+------------+--------+
Reclaim Optimization End WNS Slack 0.078  TNS Slack 0.000 Density 69.83
Bottom Preferred Layer:
+---------------+------------+----------+
|     Layer     |    CLK     |   Rule   |
+---------------+------------+----------+
| Metal3 (z=3)  |          1 | default  |
+---------------+------------+----------+
Via Pillar Rule:
    None

Number of times islegalLocAvaiable called = 0 skipped = 0, called in commitmove = 0, skipped in commitmove = 0
End: Core Area Reclaim Optimization (cpu = 0:00:00.7) (real = 0:00:01.0) **
*** Starting place_detail (0:01:21 mem=3510.5M) ***
Total net bbox length = 1.721e+03 (1.455e+03 2.658e+02) (ext = 1.078e+03)
Max route layer is changed from 127 to 11 because there is no routing track above this layer
Max route layer is changed from 127 to 11 because there is no routing track above this layer
Max route layer is changed from 127 to 11 because there is no routing track above this layer
Move report: Detail placement moves 0 insts, mean move: 0.00 um, max move: 0.00 um 
	Runtime: CPU: 0:00:00.0 REAL: 0:00:00.0 MEM: 3494.5MB
Summary Report:
Instances move: 0 (out of 93 movable)
Instances flipped: 0
Mean displacement: 0.00 um
Max displacement: 0.00 um 
Total net bbox length = 1.721e+03 (1.455e+03 2.658e+02) (ext = 1.078e+03)
Runtime: CPU: 0:00:00.0 REAL: 0:00:00.0 MEM: 3494.5MB
*** Finished place_detail (0:01:21 mem=3494.5M) ***
*** maximum move = 0.00 um ***
*** Finished re-routing un-routed nets (3494.5M) ***

*** Finish Physical Update (cpu=0:00:00.1 real=0:00:00.0 mem=3494.5M) ***
*** AreaOpt #2 [finish] (ccopt_design #1) : cpu/real = 0:00:00.8/0:00:00.8 (1.0), totSession cpu/real = 0:01:21.5/0:06:34.5 (0.2), mem = 3494.5M
End: Area Reclaim Optimization (cpu=0:00:01, real=0:00:01, mem=3436.52M, totSessionCpu=0:01:22).
*** LocalWireReclaim #1 [begin] (ccopt_design #1) : totSession cpu/real = 0:01:21.6/0:06:34.5 (0.2), mem = 3436.5M
Starting local wire reclaim
*** Starting place_detail (0:01:22 mem=3436.5M) ***
Max route layer is changed from 127 to 11 because there is no routing track above this layer
Max route layer is changed from 127 to 11 because there is no routing track above this layer
Max route layer is changed from 127 to 11 because there is no routing track above this layer
**WARN: [IO pin not placed] clk
**WARN: [IO pin not placed] rst_n
**WARN: [IO pin not placed] sec_bcd1[3]
**WARN: [IO pin not placed] sec_bcd1[2]
**WARN: [IO pin not placed] sec_bcd1[1]
**WARN: [IO pin not placed] sec_bcd1[0]
**WARN: [IO pin not placed] sec_bcd10[3]
**WARN: [IO pin not placed] sec_bcd10[2]
**WARN: [IO pin not placed] sec_bcd10[1]
**WARN: [IO pin not placed] sec_bcd10[0]
**WARN: [IO pin not placed] ...
**WARN: [IO pin not placed] The ratio of IO pins are not placed: 26 / 26 = 100.00%
*** Finished SKP initialization (cpu=0:00:00.0, real=0:00:00.0)***
Timing cost in AAE based: 9.1360476676127291
Call icdpEval cleanup ...
Move report: Detail placement moves 14 insts, mean move: 2.02 um, max move: 4.42 um 
	Max move on inst (g2560__7098): (68.40, 2.66) --> (67.40, 6.08)
	Runtime: CPU: 0:00:00.3 REAL: 0:00:01.0 MEM: 3449.5MB
Summary Report:
Instances move: 14 (out of 93 movable)
Instances flipped: 0
Mean displacement: 2.02 um
Max displacement: 4.42 um (Instance: g2560__7098) (68.4, 2.66) -> (67.4, 6.08)
	Length: 3 sites, height: 1 rows, site name: CoreSite, cell type: NAND2X1
Runtime: CPU: 0:00:00.3 REAL: 0:00:01.0 MEM: 3449.5MB
*** Finished place_detail (0:01:22 mem=3449.5M) ***
*** LocalWireReclaim #1 [finish] (ccopt_design #1) : cpu/real = 0:00:00.4/0:00:00.3 (1.0), totSession cpu/real = 0:01:21.9/0:06:34.9 (0.2), mem = 3449.5M
AAE_INFO: opIsDesignInPostRouteState() is 0
#################################################################################
# Design Stage: PreRoute
# Design Name: watch
# Design Mode: 90nm
# Analysis Mode: MMMC Non-OCV 
# Parasitics Mode: No SPEF/RCDB 
# Signoff Settings: SI Off 
#################################################################################
Calculate delays in BcWc mode...
Start delay calculation (fullDC) (1 T). (MEM=3440.51)
Total number of fetched objects 99
AAE_INFO: Total number of nets for which stage creation was skipped for all views 0
End delay calculation. (MEM=3509.72 CPU=0:00:00.1 REAL=0:00:00.0)
End delay calculation (fullDC). (MEM=3509.72 CPU=0:00:00.1 REAL=0:00:00.0)
eGR doReRoute: optGuide
Max route layer is changed from 127 to 11 because there is no routing track above this layer
Max route layer is changed from 127 to 11 because there is no routing track above this layer
[NR-eGR] Early global route reroute all routable nets
[NR-eGR] Track table information for default rule: 
[NR-eGR] Metal1 has single uniform track structure
[NR-eGR] Metal2 has single uniform track structure
[NR-eGR] Metal3 has single uniform track structure
[NR-eGR] Metal4 has single uniform track structure
[NR-eGR] Metal5 has single uniform track structure
[NR-eGR] Metal6 has single uniform track structure
[NR-eGR] Metal7 has single uniform track structure
[NR-eGR] Metal8 has single uniform track structure
[NR-eGR] Metal9 has single uniform track structure
[NR-eGR] Metal10 has single uniform track structure
[NR-eGR] Metal11 has single uniform track structure
[NR-eGR] Read 320 PG shapes
[NR-eGR] Read 0 clock shapes
[NR-eGR] Read 0 other shapes
[NR-eGR] #Routing Blockages  : 0
[NR-eGR] #Bump Blockages     : 0
[NR-eGR] #Instance Blockages : 0
[NR-eGR] #PG Blockages       : 320
[NR-eGR] #Halo Blockages     : 0
[NR-eGR] #Boundary Blockages : 0
[NR-eGR] #Clock Blockages    : 0
[NR-eGR] #Other Blockages    : 0
[NR-eGR] Num Prerouted Nets = 1  Num Prerouted Wires = 67
[NR-eGR] Read 99 nets ( ignored 1 )
[NR-eGR] ============ Routing rule table ============
[NR-eGR] Rule id: 1  Rule name: (Default)  Nets: 98
[NR-eGR] ========================================
[NR-eGR] 
[NR-eGR] Layer group 1: route 98 net(s) in layer range [2, 11]
[NR-eGR] Early Global Route overflow of layer group 1: 0.00% H + 0.00% V. EstWL: 5.831100e+02um
[NR-eGR] Congestion Analysis By layer: (blocked Gcells are excluded) 
[NR-eGR]                        OverCon            
[NR-eGR]                         #Gcell     %Gcell
[NR-eGR]        Layer             (1-0)    OverCon
[NR-eGR] ----------------------------------------------
[NR-eGR]  Metal1 ( 1)         0( 0.00%)   ( 0.00%) 
[NR-eGR]  Metal2 ( 2)         0( 0.00%)   ( 0.00%) 
[NR-eGR]  Metal3 ( 3)         0( 0.00%)   ( 0.00%) 
[NR-eGR]  Metal4 ( 4)         0( 0.00%)   ( 0.00%) 
[NR-eGR]  Metal5 ( 5)         0( 0.00%)   ( 0.00%) 
[NR-eGR]  Metal6 ( 6)         0( 0.00%)   ( 0.00%) 
[NR-eGR]  Metal7 ( 7)         0( 0.00%)   ( 0.00%) 
[NR-eGR]  Metal8 ( 8)         0( 0.00%)   ( 0.00%) 
[NR-eGR]  Metal9 ( 9)         0( 0.00%)   ( 0.00%) 
[NR-eGR] Metal10 (10)         0( 0.00%)   ( 0.00%) 
[NR-eGR] Metal11 (11)         0( 0.00%)   ( 0.00%) 
[NR-eGR] ----------------------------------------------
[NR-eGR]        Total         0( 0.00%)   ( 0.00%) 
[NR-eGR] 
[NR-eGR] Overflow after Early Global Route 0.00% H + 0.00% V
[NR-eGR] Connected 0 must-join pins/ports (post-process)
[NR-eGR] Total eGR-routed clock nets wire length: 0um, number of vias: 0
[NR-eGR] --------------------------------------------------------------------------
[NR-eGR]                  Length (um)  Vias 
[NR-eGR] -----------------------------------
[NR-eGR]  Metal1   (1H)             0   360 
[NR-eGR]  Metal2   (2V)           212   431 
[NR-eGR]  Metal3   (3H)           451    63 
[NR-eGR]  Metal4   (4V)            52    27 
[NR-eGR]  Metal5   (5H)            47     0 
[NR-eGR]  Metal6   (6V)             0     0 
[NR-eGR]  Metal7   (7H)             0     0 
[NR-eGR]  Metal8   (8V)             0     0 
[NR-eGR]  Metal9   (9H)             0     0 
[NR-eGR]  Metal10  (10V)            0     0 
[NR-eGR]  Metal11  (11H)            0     0 
[NR-eGR] -----------------------------------
[NR-eGR]           Total          762   881 
[NR-eGR] --------------------------------------------------------------------------
[NR-eGR] Total half perimeter of net bounding box: 1716um
[NR-eGR] Total length: 762um, number of vias: 881
[NR-eGR] --------------------------------------------------------------------------
[NR-eGR] Finished Early Global Route kernel ( CPU: 0.18 sec, Real: 0.20 sec, Curr Mem: 3.32 MB )
Extraction called for design 'watch' of instances=93 and nets=101 using extraction engine 'pre_route' .
**WARN: (IMPEXT-3530):	The process node is not set. Use the command set_design_mode -process <process node> prior to extraction for maximum accuracy and optimal automatic threshold setting.
Type 'man IMPEXT-3530' for more detail.
pre_route RC Extraction called for design watch.
RC Extraction called in multi-corner(1) mode.
RCMode: PreRoute
      RC Corner Indexes            0   
Capacitance Scaling Factor   : 1.00000 
Resistance Scaling Factor    : 1.00000 
Clock Cap. Scaling Factor    : 1.00000 
Clock Res. Scaling Factor    : 1.00000 
Shrink Factor                : 0.90000
PreRoute extraction is honoring NDR/Shielding/ExtraSpace for clock nets.
Using capacitance table file ...
Updating RC Grid density data for preRoute extraction ...
Initializing multi-corner capacitance tables ... 
Initializing multi-corner resistance tables ...
Creating RPSQ from WeeR and WRes ...
PreRoute RC Extraction DONE (CPU Time: 0:00:00.1  Real Time: 0:00:00.0  MEM: 3444.207M)
Compute RC Scale Done ...
[hotspot] +------------+---------------+---------------+
[hotspot] |            |   max hotspot | total hotspot |
[hotspot] +------------+---------------+---------------+
[hotspot] | normalized |          0.00 |          0.00 |
[hotspot] +------------+---------------+---------------+
Local HotSpot Analysis: normalized max congestion hotspot area = 0.00, normalized total congestion hotspot area = 0.00 (area is in unit of 4 std-cell row bins)
GigaOpt Checkpoint: Internal congRefineRouteType -postCTS -resetVeryShortNets -rescheduleForAdherence  
Begin: GigaOpt Route Type Constraints Refinement
*** CongRefineRouteType #2 [begin] (ccopt_design #1) : totSession cpu/real = 0:01:22.6/0:06:35.6 (0.2), mem = 3473.3M
Updated routing constraints on 0 nets.
Bottom Preferred Layer:
+---------------+------------+----------+
|     Layer     |    CLK     |   Rule   |
+---------------+------------+----------+
| Metal3 (z=3)  |          1 | default  |
+---------------+------------+----------+
Via Pillar Rule:
    None
*** CongRefineRouteType #2 [finish] (ccopt_design #1) : cpu/real = 0:00:00.0/0:00:00.0 (0.0), totSession cpu/real = 0:01:22.6/0:06:35.6 (0.2), mem = 3473.3M
End: GigaOpt Route Type Constraints Refinement
skip EGR on cluster skew clock nets.
Starting delay calculation for Setup views
AAE_INFO: opIsDesignInPostRouteState() is 0
#################################################################################
# Design Stage: PreRoute
# Design Name: watch
# Design Mode: 90nm
# Analysis Mode: MMMC Non-OCV 
# Parasitics Mode: No SPEF/RCDB 
# Signoff Settings: SI Off 
#################################################################################
Calculate delays in BcWc mode...
Start delay calculation (fullDC) (1 T). (MEM=3471.29)
Total number of fetched objects 99
AAE_INFO: Total number of nets for which stage creation was skipped for all views 0
End delay calculation. (MEM=3504.95 CPU=0:00:00.0 REAL=0:00:01.0)
End delay calculation (fullDC). (MEM=3504.95 CPU=0:00:00.1 REAL=0:00:01.0)
*** Done Building Timing Graph (cpu=0:00:00.3 real=0:00:01.0 totSessionCpu=0:01:23 mem=3505.0M)
Begin: GigaOpt postEco DRV Optimization
GigaOpt Checkpoint: Internal optDRV -inPostEcoStage -smallScaleFixing -maxIter 3 -max_tran -max_cap -maxLocalDensity 0.98 -numThreads 1 -preRouteDontEndWithRefinePlaceIncrSteinerRouteDC -setupTNSCostFactor 1.0 -postCTS
*** DrvOpt #2 [begin] (ccopt_design #1) : totSession cpu/real = 0:01:22.9/0:06:35.8 (0.2), mem = 3505.0M
Info: 1 net with fixed/cover wires excluded.
Info: 1 clock net  excluded from IPO operation.
+-------------------------------------------------------------------------------------------------------------------------------------------------------+
|        max-tran       |        max-cap        |  max-fanout |  max-length |       setup       |        |        |        |       |          |         |
+-------------------------------------------------------------------------------------------------------------------------------------------------------+
| nets | terms|  wViol  | nets | terms|  wViol  | nets | terms| nets | terms|   WNS   |   TNS   |  #Buf  |  #Inv  | #Resize|Density|   Real   |   Mem   |
+-------------------------------------------------------------------------------------------------------------------------------------------------------+
|     1|     6|    -0.01|     0|     0|     0.00|     0|     0|     0|     0|     8.63|     0.00|       0|       0|       0| 69.83%|          |         |
|     0|     0|     0.00|     0|     0|     0.00|     0|     0|     0|     0|     8.63|     0.00|       0|       0|       1| 70.00%| 0:00:00.0|  3567.1M|
|     0|     0|     0.00|     0|     0|     0.00|     0|     0|     0|     0|     8.63|     0.00|       0|       0|       0| 70.00%| 0:00:00.0|  3567.1M|
+-------------------------------------------------------------------------------------------------------------------------------------------------------+
Bottom Preferred Layer:
+---------------+------------+----------+
|     Layer     |    CLK     |   Rule   |
+---------------+------------+----------+
| Metal3 (z=3)  |          1 | default  |
+---------------+------------+----------+
Via Pillar Rule:
    None

*** Finish DRV Fixing (cpu=0:00:00.0 real=0:00:00.0 mem=3567.1M) ***

*** DrvOpt #2 [finish] (ccopt_design #1) : cpu/real = 0:00:00.6/0:00:00.6 (1.0), totSession cpu/real = 0:01:23.4/0:06:36.4 (0.2), mem = 3470.1M
End: GigaOpt postEco DRV Optimization
Running refinePlace -preserveRouting true -hardFence false
*** Starting place_detail (0:01:23 mem=3470.1M) ***
Max route layer is changed from 127 to 11 because there is no routing track above this layer
Max route layer is changed from 127 to 11 because there is no routing track above this layer

Starting Small incrNP...
Density distribution unevenness ratio = 3.810%
Skipped incrNP (cpu=0:00:00.0, real=0:00:00.0, mem=3470.1M)
End of Small incrNP (cpu=0:00:00.0, real=0:00:00.0)
Max route layer is changed from 127 to 11 because there is no routing track above this layer
Max route layer is changed from 127 to 11 because there is no routing track above this layer
Move report: Detail placement moves 0 insts, mean move: 0.00 um, max move: 0.00 um 
	Runtime: CPU: 0:00:00.0 REAL: 0:00:00.0 MEM: 3454.1MB
Summary Report:
Instances move: 0 (out of 93 movable)
Instances flipped: 0
Mean displacement: 0.00 um
Max displacement: 0.00 um 
Runtime: CPU: 0:00:00.0 REAL: 0:00:00.0 MEM: 3454.1MB
*** Finished place_detail (0:01:23 mem=3454.1M) ***
#optDebug: fT-D <X 1 0 0 0>
Register exp ratio and priority group on 0 nets on 99 nets : 

Active setup views:
 wc
  Dominating endpoints: 0
  Dominating TNS: -0.000

Extraction called for design 'watch' of instances=93 and nets=101 using extraction engine 'pre_route' .
**WARN: (IMPEXT-3530):	The process node is not set. Use the command set_design_mode -process <process node> prior to extraction for maximum accuracy and optimal automatic threshold setting.
Type 'man IMPEXT-3530' for more detail.
pre_route RC Extraction called for design watch.
RC Extraction called in multi-corner(1) mode.
RCMode: PreRoute
      RC Corner Indexes            0   
Capacitance Scaling Factor   : 1.00000 
Resistance Scaling Factor    : 1.00000 
Clock Cap. Scaling Factor    : 1.00000 
Clock Res. Scaling Factor    : 1.00000 
Shrink Factor                : 0.90000
PreRoute extraction is honoring NDR/Shielding/ExtraSpace for clock nets.
Using capacitance table file ...
Updating RC Grid density data for preRoute extraction ...
Initializing multi-corner capacitance tables ... 
Initializing multi-corner resistance tables ...
Creating RPSQ from WeeR and WRes ...
PreRoute RC Extraction DONE (CPU Time: 0:00:00.0  Real Time: 0:00:00.0  MEM: 3450.754M)
Starting delay calculation for Setup views
AAE_INFO: opIsDesignInPostRouteState() is 0
#################################################################################
# Design Stage: PreRoute
# Design Name: watch
# Design Mode: 90nm
# Analysis Mode: MMMC Non-OCV 
# Parasitics Mode: No SPEF/RCDB 
# Signoff Settings: SI Off 
#################################################################################
Calculate delays in BcWc mode...
Start delay calculation (fullDC) (1 T). (MEM=3449.79)
Total number of fetched objects 99
AAE_INFO: Total number of nets for which stage creation was skipped for all views 0
End delay calculation. (MEM=3502.99 CPU=0:00:00.0 REAL=0:00:00.0)
End delay calculation (fullDC). (MEM=3502.99 CPU=0:00:00.1 REAL=0:00:00.0)
*** Done Building Timing Graph (cpu=0:00:00.2 real=0:00:00.0 totSessionCpu=0:01:24 mem=3503.0M)
OPTC: user 20.0
Reported timing to dir ./timingReports
**opt_design ... cpu = 0:00:10, real = 0:00:24, mem = 2441.4M, totSessionCpu=0:01:24 **

------------------------------------------------------------------
     opt_design Final Summary
------------------------------------------------------------------

Setup views included:
 wc 

+--------------------+---------+---------+---------+
|     Setup mode     |   all   | reg2reg | default |
+--------------------+---------+---------+---------+
|           WNS (ns):|  8.630  |  8.630  | 10.045  |
|           TNS (ns):|  0.000  |  0.000  |  0.000  |
|    Violating Paths:|    0    |    0    |    0    |
|          All Paths:|   68    |   42    |   26    |
+--------------------+---------+---------+---------+

+----------------+-------------------------------+------------------+
|                |              Real             |       Total      |
|    DRVs        +------------------+------------+------------------|
|                |  Nr nets(terms)  | Worst Vio  |  Nr nets(terms)  |
+----------------+------------------+------------+------------------+
|   max_cap      |      0 (0)       |   0.000    |      0 (0)       |
|   max_tran     |      0 (0)       |   0.000    |      0 (0)       |
|   max_fanout   |      0 (0)       |     0      |      0 (0)       |
|   max_length   |      0 (0)       |     0      |      0 (0)       |
+----------------+------------------+------------+------------------+

Density: 70.000%
Routing Overflow: 0.00% H and 0.00% V
------------------------------------------------------------------
**opt_design ... cpu = 0:00:10, real = 0:00:24, mem = 2445.0M, totSessionCpu=0:01:24 **
*** Finished opt_design ***
      flow.cputime  flow.realtime  timing.setup.tns  timing.setup.wns  snapshot
UM:*                                       0.000 ns          8.630 ns  final
UM: Running design category ...
      flow.cputime  flow.realtime  timing.setup.tns  timing.setup.wns  snapshot
UM:          10.39             24          0.000 ns          8.630 ns  opt_design_postcts
Info: final physical memory for 2 CRR processes is 749.64MB.
Info: Summary of CRR changes:
      - Timing transform commits:       0
Info: Destroy the CCOpt slew target map.
Set place::cacheFPlanSiteMark to 0
(ccopt_design): dumping clock statistics to metric
Updating ideal nets and annotations...
Clock tree spec update: Ideal nets, transition and delay annotations were updated to match active timing constraints.
Updating ideal nets and annotations done. (took cpu=0:00:00.0 real=0:00:00.0)
Clock tree timing engine global stage delay update for max_delay:setup.early...
Clock tree timing engine global stage delay update for max_delay:setup.early done. (took cpu=0:00:00.1 real=0:00:00.1)
Clock tree timing engine global stage delay update for max_delay:setup.late...
Clock tree timing engine global stage delay update for max_delay:setup.late done. (took cpu=0:00:00.0 real=0:00:00.0)
Clock tree timing engine global stage delay update for min_delay:hold.early...
Clock tree timing engine global stage delay update for min_delay:hold.early done. (took cpu=0:00:00.0 real=0:00:00.0)
Clock tree timing engine global stage delay update for min_delay:hold.late...
Clock tree timing engine global stage delay update for min_delay:hold.late done. (took cpu=0:00:00.0 real=0:00:00.0)
UM: Running design category ...
      flow.cputime  flow.realtime  timing.setup.tns  timing.setup.wns  snapshot
UM:          18.71             70          0.000 ns          8.630 ns  ccopt_design

*** Summary of all messages that are not suppressed in this session:
Severity  ID               Count  Summary                                  
WARNING   IMPEXT-3530          5  The process node is not set. Use the com...
WARNING   IMPSP-9025           1  No scan chain specified/traced.          
WARNING   IMPOPT-576           1  %d nets have unplaced terms.             
WARNING   IMPOPT-665          26  %s : Net has unplaced terms or is connec...
*** Message Summary: 33 warning(s), 0 error(s)

*** ccopt_design #1 [finish] () : cpu/real = 0:00:16.3/0:00:35.7 (0.5), totSession cpu/real = 0:01:24.7/0:06:43.1 (0.2), mem = 3399.3M
#% End ccopt_design (date=07/09 06:45:28, total cpu=0:00:16.3, real=0:00:36.0, peak res=2567.3M, current mem=2337.7M)
@innovus 12> set_db route_detail_fix_antenna 1
@innovus 13> set_db route_antenna_diode_insertion 0
@innovus 14> set_db route_with_timing_driven 1
@innovus 15> set_db route_with_eco 0
@innovus 16> set_db route_with_litho_driven 0
@innovus 17> set_db route_detail_post_route_litho_repair 0
@innovus 18> set_db route_with_si_driven 1
@innovus 19> set_db route_detail_auto_stop 0
@innovus 20> set_db route_selected_net_only 0
@innovus 21> set_db route_detail_end_iteration 1
@innovus 22> set_db route_with_timing_driven true
@innovus 23> set_db route_with_si_driven true
@innovus 24> route_design -global_detail -via_opt -wire_opt
#% Begin route_design (date=07/09 06:45:52, mem=2339.5M)
#route_design: cpu time = 00:00:00, elapsed time = 00:00:00, memory = 2339.54 (MB), peak = 2567.31 (MB)
AAE_INFO: Pre Route call back at the beginning of routeDesign
#**INFO: setDesignMode -flowEffort standard
#**INFO: setDesignMode -powerEffort none
#WARNING (NRIG-96) Selected single pass global detail route "-global_detail". Clock eco and post optimizations will not be run. See "man NRIG-96" for more details.
#WARNING (NRIG-144) Cannot combine -viaOpt with -globalDetail option. The -viaOpt will be ignored.
**INFO: User settings:
delaycal_default_net_delay                               1000ps
delaycal_default_net_load                                0.5pf
delaycal_enable_high_fanout                              true
delaycal_eng_enablepreplacedflow                         false
delaycal_ignore_net_load                                 false
delaycal_input_transition_delay                          0.1ps
delaycal_socv_accuracy_mode                              low
delaycal_use_default_delay_limit                         1000
setAnalysisMode -cts                                     postCTS
setAnalysisMode -virtualIPO                              false
setDelayCalMode -engine                                  aae
extract_rc_engine                                        pre_route
route_antenna_diode_insertion                            false
route_detail_auto_stop                                   false
route_detail_end_iteration                               1
route_detail_fix_antenna                                 true
route_detail_post_route_litho_repair                     false
route_exp_dont_invoke_reclaim_antenna_diode              true
route_extract_third_party_compatible                     false
route_global_exp_timing_driven_std_delay                 38.8
route_route_side                                         front
route_selected_net_only                                  false
route_with_eco                                           false
route_with_litho_driven                                  false
route_with_si_driven                                     true
route_with_timing_driven                                 true
getAnalysisMode -cts                                     postCTS
getAnalysisMode -virtualIPO                              false
getDelayCalMode -engine                                  aae
get_power_analysis_mode -report_power_quiet              false
getAnalysisMode -cts                                     postCTS
getAnalysisMode -virtualIPO                              false
#**INFO: multi-cut via swapping will not be performed after routing.
#**INFO: All auto set options tuned by route_design will be restored to their original settings on command completion.
Begin checking placement ... (start mem=3350.4M, init mem=3350.4M)
*info: Placed = 93            
*info: Unplaced = 0           
Placement Density:70.00%(280/400)
Placement Density (including fixed std cells):70.00%(280/400)
Finished check_place (total: cpu=0:00:00.0, real=0:00:00.0; vio checks: cpu=0:00:00.0, real=0:00:00.0; mem=3350.4M)

changeUseClockNetStatus Option :  -ignoreSkipRoutingNets -noFixedNetWires 
*** Changed status on (1) nets in Clock.
*** End changeUseClockNetStatus (cpu=0:00:00.0, real=0:00:00.0, mem=3350.4M) ***

route_global_detail

#Start route_global_detail on Thu Jul  9 06:45:52 2026
#
#Generating timing data, please wait...
#99 total nets, 99 already routed, 99 will ignore in trialRoute
**WARN: (IMPEXT-3530):	The process node is not set. Use the command set_design_mode -process <process node> prior to extraction for maximum accuracy and optimal automatic threshold setting.
#View pruning: cpu time = 00:00:00, elapsed time = 00:00:00, memory = 2296.32 (MB), peak = 2567.31 (MB)
#Reporting timing...
###############################################################
#  Generated by:      Cadence Innovus 22.17-s086_1
#  OS:                Linux x86_64(Host ID kopo-seongnam)
#  Generated on:      Thu Jul  9 06:45:53 2026
#  Design:            watch
#  Command:           route_design -global_detail -via_opt -wire_opt
###############################################################
#Normalized TNS: 0.000 -> 0.000, r2r 0.000 -> 0.000, unit 1000.000, clk period 10.000 (ns)
#Stage 1: cpu time = 00:00:00, elapsed time = 00:00:00, memory = 2345.49 (MB), peak = 2567.31 (MB)
#Library Standard Delay: 36.80ps
#Slack threshold: 73.60ps
#*** Analyzed 0 timing critical paths, and collected 0.
#Stage 2: cpu time = 00:00:00, elapsed time = 00:00:00, memory = 2345.54 (MB), peak = 2567.31 (MB)
#Stage 3: cpu time = 00:00:01, elapsed time = 00:00:01, memory = 2350.54 (MB), peak = 2567.31 (MB)
#Default setup view is reset to wc.
#Stage 4: cpu time = 00:00:00, elapsed time = 00:00:00, memory = 2350.54 (MB), peak = 2567.31 (MB)
#Current view: wc 
#Current enabled view: wc 
#Generating timing data took: cpu time = 00:00:01, elapsed time = 00:00:01, memory = 2349.78 (MB), peak = 2567.31 (MB)
#Done generating timing data.
#WARNING (NRIG-1303) The congestion map does not match the GCELL grid. Clearing the congestion map.
#NanoRoute Version 22.17-s086_1 NR240905-1647/22_17-UB
#Start routing data preparation on Thu Jul  9 06:45:54 2026
#
#Rebuild pin access data for design.
#Initial pin access analysis.
#Detail pin access analysis.
# Metal1       H   Track-Pitch = 0.19000    Line-2-Via Pitch = 0.13000
# Metal2       V   Track-Pitch = 0.20000    Line-2-Via Pitch = 0.15000
# Metal3       H   Track-Pitch = 0.19000    Line-2-Via Pitch = 0.15000
# Metal4       V   Track-Pitch = 0.20000    Line-2-Via Pitch = 0.15000
# Metal5       H   Track-Pitch = 0.19000    Line-2-Via Pitch = 0.15000
# Metal6       V   Track-Pitch = 0.20000    Line-2-Via Pitch = 0.15000
# Metal7       H   Track-Pitch = 0.19000    Line-2-Via Pitch = 0.15000
# Metal8       V   Track-Pitch = 0.20000    Line-2-Via Pitch = 0.15000
# Metal9       H   Track-Pitch = 0.19000    Line-2-Via Pitch = 0.15000
# Metal10      V   Track-Pitch = 0.50000    Line-2-Via Pitch = 0.42000
# Metal11      H   Track-Pitch = 0.47500    Line-2-Via Pitch = 0.43000
#Bottom routing layer index=1(Metal1), bottom routing layer for shielding=1(Metal1), bottom shield layer=1(Metal1)
#shield_bottom_stripe_layer=1(Metal1), shield_top_stripe_layer=11(Metal11)
#pin_access_rlayer=2(Metal2)
#shield_top_dpt_rlayer=-1 top_rlayer=11 top_trim_metal_rlayer=-1 rlayer_lowest=1 bottom_rlayer=1
#enable_trim_layer_shield=F enable_dpt_layer_shield=F has_line_end_grid=F
#enable_dpt_layer_shield=F
#has_line_end_grid=F
#cpu time = 00:00:00, elapsed time = 00:00:00, memory = 2354.80 (MB), peak = 2567.31 (MB)
#Regenerating Ggrids automatically.
#Auto generating G-grids with size=15 tracks, using layer Metal3's pitch = 0.19000.
#Using automatically generated G-grids.
#Done routing data preparation.
#cpu time = 00:00:01, elapsed time = 00:00:01, memory = 2373.71 (MB), peak = 2567.31 (MB)
#
#Summary of active signal nets routing constraints set by OPT:
#	preferred routing layers      : 0
#	preferred routing layer effort: 0
#	preferred extra space         : 0
#	preferred multi-cut via       : 0
#	avoid detour                  : 0
#	expansion ratio               : 0
#	net priority                  : 0
#	s2s control                   : 0
#	avoid chaining                : 0
#	inst-based stacking via       : 0
#
#Summary of active signal nets routing constraints set by USER:
#	preferred routing layers      : 0
#	preferred routing layer effort     : 0
#	preferred extra space              : 0
#	preferred multi-cut via            : 0
#	avoid detour                       : 0
#	net weight                         : 0
#	avoid chaining                     : 0
#	cell-based stacking via (required) : 0
#	cell-based stacking via (optional) : 0
#
#Start timing driven prevention iteration...
#Setup timing driven global route constraints on 0 nets
#
#----------------------------------------------------
# Summary of active signal nets routing constraints
#+--------------------------+-----------+
#+--------------------------+-----------+
#
#----------------------------------------------------
#Skipped timing-driven prevention.
#cpu time = 00:00:00, elapsed time = 00:00:00, memory = 2373.74 (MB), peak = 2567.31 (MB)
#Total number of trivial nets (e.g. < 2 pins) = 2 (skipped).
#Total number of routable nets = 99.
#Total number of nets in the design = 101.
#98 routable nets do not have any wires.
#1 routable net has routed wires.
#98 nets will be global routed.
#1 detail routed (routable) net has been constrained (e.g. have preferred extra spacing, require shielding etc.)
**WARN: (IMPEXT-6140):	The RC table is not interpolated for wire width '114' on M1. As a result, an RC of wire width '120' is being used instead. This may cause some accuracy degradation.
**WARN: (IMPEXT-6140):	The RC table is not interpolated for wire width '148' on M2. As a result, an RC of wire width '160' is being used instead. This may cause some accuracy degradation.
**WARN: (IMPEXT-6140):	The RC table is not interpolated for wire width '148' on M3. As a result, an RC of wire width '160' is being used instead. This may cause some accuracy degradation.
**WARN: (IMPEXT-6140):	The RC table is not interpolated for wire width '148' on M4. As a result, an RC of wire width '160' is being used instead. This may cause some accuracy degradation.
**WARN: (IMPEXT-6140):	The RC table is not interpolated for wire width '148' on M5. As a result, an RC of wire width '160' is being used instead. This may cause some accuracy degradation.
**WARN: (IMPEXT-6140):	The RC table is not interpolated for wire width '148' on M6. As a result, an RC of wire width '160' is being used instead. This may cause some accuracy degradation.
#
#Finished routing data preparation on Thu Jul  9 06:45:55 2026
#
#Cpu time = 00:00:00
#Elapsed time = 00:00:00
#Increased memory = 0.07 (MB)
#Total memory = 2373.84 (MB)
#Peak memory = 2567.31 (MB)
#
#
#Start global routing on Thu Jul  9 06:45:55 2026
#
#
#Start global routing initialization on Thu Jul  9 06:45:55 2026
#
#Number of eco nets is 0
#
#Start global routing data preparation on Thu Jul  9 06:45:55 2026
#
#Start routing resource analysis on Thu Jul  9 06:45:55 2026
#
#Routing resource analysis is done on Thu Jul  9 06:45:55 2026
#
#  Resource Analysis:
#
#               Routing  #Avail      #Track     #Total     %Gcell
#  Layer      Direction   Track     Blocked      Gcell    Blocked
#  --------------------------------------------------------------
#  Metal1         H          29          26         116    18.97%
#  Metal2         V         399          17         116     0.00%
#  Metal3         H          53           2         116     0.00%
#  Metal4         V         403          13         116     0.00%
#  Metal5         H          54           1         116     0.00%
#  Metal6         V         406          10         116     0.00%
#  Metal7         H          54           1         116     0.00%
#  Metal8         V         406          10         116     0.00%
#  Metal9         H          53           2         116     0.00%
#  Metal10        V         125          40         116     0.00%
#  Metal11        H          13           9         116     0.00%
#  --------------------------------------------------------------
#  Total                   1997      12.19%        1276     1.72%
#
#  1 nets (0.99%) with 1 preferred extra spacing.
#
#
#
#Global routing data preparation is done on Thu Jul  9 06:45:55 2026
#
#cpu time = 00:00:00, elapsed time = 00:00:00, memory = 2374.19 (MB), peak = 2567.31 (MB)
#
#
#Global routing initialization is done on Thu Jul  9 06:45:55 2026
#
#cpu time = 00:00:00, elapsed time = 00:00:00, memory = 2374.26 (MB), peak = 2567.31 (MB)
#
#Skip 1/3 round for no nets in the round...
#Skip 2/3 round for no nets in the round...
#Route nets in 3/3 round...
#start global routing iteration 1...
#cpu time = 00:00:00, elapsed time = 00:00:00, memory = 2375.79 (MB), peak = 2567.31 (MB)
#
#start global routing iteration 2...
#cpu time = 00:00:00, elapsed time = 00:00:00, memory = 2376.07 (MB), peak = 2567.31 (MB)
#
#
#Total number of trivial nets (e.g. < 2 pins) = 2 (skipped).
#Total number of routable nets = 99.
#Total number of nets in the design = 101.
#
#99 routable nets have routed wires.
#1 detail routed (routable) net has been constrained (e.g. have preferred extra spacing, require shielding etc.)
#
#Routed nets constraints summary:
#-----------------------------
#        Rules   Unconstrained  
#-----------------------------
#      Default              98  
#-----------------------------
#        Total              98  
#-----------------------------
#
#Routing constraints summary of the whole design:
#------------------------------------------------
#        Rules   Pref Extra Space   Unconstrained  
#------------------------------------------------
#      Default                  1              98  
#------------------------------------------------
#        Total                  1              98  
#------------------------------------------------
#
#
#  Congestion Analysis: (blocked Gcells are excluded)
#
#                 OverCon          
#                  #Gcell    %Gcell
#     Layer           (1)   OverCon
#  --------------------------------
#  Metal1        0(0.00%)   (0.00%)
#  Metal2        0(0.00%)   (0.00%)
#  Metal3        0(0.00%)   (0.00%)
#  Metal4        0(0.00%)   (0.00%)
#  Metal5        0(0.00%)   (0.00%)
#  Metal6        0(0.00%)   (0.00%)
#  Metal7        0(0.00%)   (0.00%)
#  Metal8        0(0.00%)   (0.00%)
#  Metal9        0(0.00%)   (0.00%)
#  Metal10       0(0.00%)   (0.00%)
#  Metal11       0(0.00%)   (0.00%)
#  --------------------------------
#     Total      0(0.00%)   (0.00%)
#
#  The worst congested Gcell overcon (routing demand over resource in number of tracks) = 1
#  Overflow after GR: 0.00% H + 0.00% V
#
#Hotspot report including placement blocked areas
[hotspot] +----------------+-------------------+-------------------+-------------------------------------+
[hotspot] |      layer     |    max hotspot    |   total hotspot   |            hotspot bbox             |
[hotspot] +----------------+-------------------+-------------------+-------------------------------------+
[hotspot] |   Metal1(H)    |              0.00 |              0.00 |   (none)                            |
[hotspot] |   Metal2(V)    |              0.00 |              0.00 |   (none)                            |
[hotspot] |   Metal3(H)    |              0.00 |              0.00 |   (none)                            |
[hotspot] |   Metal4(V)    |              0.00 |              0.00 |   (none)                            |
[hotspot] |   Metal5(H)    |              0.00 |              0.00 |   (none)                            |
[hotspot] |   Metal6(V)    |              0.00 |              0.00 |   (none)                            |
[hotspot] |   Metal7(H)    |              0.00 |              0.00 |   (none)                            |
[hotspot] |   Metal8(V)    |              0.00 |              0.00 |   (none)                            |
[hotspot] |   Metal9(H)    |              0.00 |              0.00 |   (none)                            |
[hotspot] |  Metal10(V)    |              0.00 |              0.00 |   (none)                            |
[hotspot] |  Metal11(H)    |              0.00 |              0.00 |   (none)                            |
[hotspot] +----------------+-------------------+-------------------+-------------------------------------+
[hotspot] |      worst     |              0.00 |              0.00 |                                     |
[hotspot] +----------------+-------------------+-------------------+-------------------------------------+
[hotspot] |   all layers   |              0.00 |              0.00 |                                     |
[hotspot] +----------------+-------------------+-------------------+-------------------------------------+
Local HotSpot Analysis (blockage included) (3d): normalized congestion max/total hotspot area = 0.00/0.00 (area is in unit of 4 std-cell row bins)
#Complete Global Routing.
#Total number of nets with non-default rule or having extra spacing = 1
#Total wire length = 678 um.
#Total half perimeter of net bounding box = 706 um.
#Total wire length on LAYER Metal1 = 20 um.
#Total wire length on LAYER Metal2 = 191 um.
#Total wire length on LAYER Metal3 = 452 um.
#Total wire length on LAYER Metal4 = 15 um.
#Total wire length on LAYER Metal5 = 0 um.
#Total wire length on LAYER Metal6 = 0 um.
#Total wire length on LAYER Metal7 = 0 um.
#Total wire length on LAYER Metal8 = 0 um.
#Total wire length on LAYER Metal9 = 0 um.
#Total wire length on LAYER Metal10 = 0 um.
#Total wire length on LAYER Metal11 = 0 um.
#Total number of vias = 585
#Up-Via Summary (total 585):
#           
#-----------------------
# Metal1            351
# Metal2            220
# Metal3             14
#-----------------------
#                   585 
#
#Total number of involved regular nets 5
#Maximum src to sink distance  17.0
#Average of max src_to_sink distance  13.3
#Average of ave src_to_sink distance  9.4
#Max overcon = 0 track.
#Total overcon = 0.00%.
#Worst layer Gcell overcon rate = 0.00%.
#
#Global routing statistics:
#Cpu time = 00:00:00
#Elapsed time = 00:00:00
#Increased memory = 1.28 (MB)
#Total memory = 2375.12 (MB)
#Peak memory = 2567.31 (MB)
#
#Finished global routing on Thu Jul  9 06:45:55 2026
#
#
#cpu time = 00:00:00, elapsed time = 00:00:00, memory = 2375.12 (MB), peak = 2567.31 (MB)
#Start Track Assignment.
#Done with 143 horizontal wires in 1 hboxes and 65 vertical wires in 1 hboxes.
#Done with 27 horizontal wires in 1 hboxes and 18 vertical wires in 1 hboxes.
#Done with 1 horizontal wires in 1 hboxes and 1 vertical wires in 1 hboxes.
#
#Track assignment summary:
# layer   (wire length)   (overlap)     (long ovlp)	(with obs/pg/clk)  
#------------------------------------------------------------------------
# Metal1        18.70 	  0.00%  	  0.00% 	  0.00%
# Metal2       153.92 	  0.00%  	  0.00% 	  0.00%
# Metal3       377.24 	  0.57%  	  0.00% 	  0.00%
# Metal4         0.00 	  0.00%  	  0.00% 	  0.00%
# Metal5         0.00 	  0.00%  	  0.00% 	  0.00%
# Metal6         0.00 	  0.00%  	  0.00% 	  0.00%
# Metal7         0.00 	  0.00%  	  0.00% 	  0.00%
# Metal8         0.00 	  0.00%  	  0.00% 	  0.00%
# Metal9         0.00 	  0.00%  	  0.00% 	  0.00%
# Metal10        0.00 	  0.00%  	  0.00% 	  0.00%
# Metal11        0.00 	  0.00%  	  0.00% 	  0.00%
#------------------------------------------------------------------------
# All         549.86  	  0.39% 	  0.00% 	  0.00%
#Complete Track Assignment.
#Total number of nets with non-default rule or having extra spacing = 1
#Total wire length = 654 um.
#Total half perimeter of net bounding box = 706 um.
#Total wire length on LAYER Metal1 = 18 um.
#Total wire length on LAYER Metal2 = 163 um.
#Total wire length on LAYER Metal3 = 458 um.
#Total wire length on LAYER Metal4 = 15 um.
#Total wire length on LAYER Metal5 = 0 um.
#Total wire length on LAYER Metal6 = 0 um.
#Total wire length on LAYER Metal7 = 0 um.
#Total wire length on LAYER Metal8 = 0 um.
#Total wire length on LAYER Metal9 = 0 um.
#Total wire length on LAYER Metal10 = 0 um.
#Total wire length on LAYER Metal11 = 0 um.
#Total number of vias = 585
#Up-Via Summary (total 585):
#           
#-----------------------
# Metal1            351
# Metal2            220
# Metal3             14
#-----------------------
#                   585 
#
#cpu time = 00:00:00, elapsed time = 00:00:00, memory = 2375.77 (MB), peak = 2567.31 (MB)
#
#number of short segments in preferred routing layers
#	
#	
#
#Start post global route fixing for timing critical nets ...
#
#* Updating design timing data...
#Extracting RC...
Un-suppress "**WARN ..." messages.
#
#Start tQuantus RC extraction...
#Finish check_net_pin_list step Enter extract_rc_after_routing
#Extract in track assign mode
#Start building rc corner(s)...
#Number of RC Corner = 1
#Corner rccorners /home/hah001/Basic_SoC_Implementation/5_APR/5_QRC_TECH/gpdk045.tch 25.000000 (real) 
#(i=11, n=11 2000)
#METAL_1 -> Metal1 (1)
#METAL_2 -> Metal2 (2)
#METAL_3 -> Metal3 (3)
#METAL_4 -> Metal4 (4)
#METAL_5 -> Metal5 (5)
#METAL_6 -> Metal6 (6)
#METAL_7 -> Metal7 (7)
#METAL_8 -> Metal8 (8)
#METAL_9 -> Metal9 (9)
#METAL_10 -> Metal10 (10)
#METAL_11 -> Metal11 (11)
#SADV_On
# Corner(s) : 
#rccorners [25.00]
# Corner id: 0
# Layout Scale: 1.000000
# Has Metal Fill model: yes
# Temperature was set
# Temperature : 25.000000
# Ref. Temp   : 25.000000
#SADV_Off
#total pattern=286 [11, 792]
#Generating the tQuantus model file automatically.
#num_tile=24090 avg_aspect_ratio=2.082489 
#Vertical num_row 55 per_row= 432 halo= 12000 
#hor_num_col = 63 final aspect_ratio= 1.726033
#Build RC corners: cpu time = 00:00:17, elapsed time = 00:00:18, memory = 2454.71 (MB), peak = 2576.49 (MB)
#Finish check_net_pin_list step Enter extract
#Start init net ripin tree building
#Finish init net ripin tree building
#Cpu time = 00:00:00
#Elapsed time = 00:00:00
#Increased memory = 0.00 (MB)
#Total memory = 2458.97 (MB)
#Peak memory = 2576.49 (MB)
#begin processing metal fill model file
#end processing metal fill model file
#
#Start Post Track Assignment Wire Spread.
#Done with 40 horizontal wires in 1 hboxes and 12 vertical wires in 1 hboxes.
#Complete Post Track Assignment Wire Spread.
#
#Length limit = 200 pitches
#opt mode = 2
#Finish check_net_pin_list step Fix net pin list
#Start generate extraction boxes.
#
#Extract using 30 x 30 Hboxes
#2x2 initial hboxes
#Use area based hbox pruning.
#0/0 hboxes pruned.
#Complete generating extraction boxes.
#Extract 1 hboxes with single thread on machine with  Xeon 2.10GHz 28160KB Cache 80CPU...
#Process 0 special clock nets for rc extraction
#WARNING (NREX-80) Net clk does not have a driver pin. It may have incomplete route.
#Need to add unplaced ipin PIN:clk of net 0(clk) into rc tree
#WARNING (NREX-80) Net rst_n does not have a driver pin. It may have incomplete route.
#Need to add unplaced ipin PIN:rst_n of net 1(rst_n) into rc tree
#Need to add unplaced ipin PIN:hour_bcd1[3] of net 2(hour_bcd1[3]) into rc tree
#Need to add unplaced ipin PIN:hour_bcd10[0] of net 3(hour_bcd10[0]) into rc tree
#Need to add unplaced ipin PIN:min_bcd1[1] of net 4(min_bcd1[1]) into rc tree
#Need to add unplaced ipin PIN:hour_bcd1[1] of net 7(hour_bcd1[1]) into rc tree
#Need to add unplaced ipin PIN:sec_bcd1[1] of net 9(sec_bcd1[1]) into rc tree
#Need to add unplaced ipin PIN:min_bcd10[1] of net 10(min_bcd10[1]) into rc tree
#Need to add unplaced ipin PIN:min_bcd1[2] of net 11(min_bcd1[2]) into rc tree
#Need to add unplaced ipin PIN:sec_bcd10[1] of net 12(sec_bcd10[1]) into rc tree
#Need to add unplaced ipin PIN:hour_bcd10[1] of net 13(hour_bcd10[1]) into rc tree
#Need to add unplaced ipin PIN:sec_bcd1[2] of net 14(sec_bcd1[2]) into rc tree
#Need to add unplaced ipin PIN:sec_bcd1[0] of net 15(sec_bcd1[0]) into rc tree
#Need to add unplaced ipin PIN:hour_bcd1[2] of net 16(hour_bcd1[2]) into rc tree
#Need to add unplaced ipin PIN:hour_bcd10[2] of net 18(hour_bcd10[2]) into rc tree
#Need to add unplaced ipin PIN:sec_bcd1[3] of net 19(sec_bcd1[3]) into rc tree
#Need to add unplaced ipin PIN:min_bcd10[2] of net 20(min_bcd10[2]) into rc tree
#Need to add unplaced ipin PIN:sec_bcd10[2] of net 21(sec_bcd10[2]) into rc tree
#Need to add unplaced ipin PIN:min_bcd10[3] of net 22(min_bcd10[3]) into rc tree
#Need to add unplaced ipin PIN:sec_bcd10[3] of net 23(sec_bcd10[3]) into rc tree
#Need to add unplaced ipin PIN:min_bcd1[3] of net 24(min_bcd1[3]) into rc tree
#Need to add unplaced ipin PIN:hour_bcd10[3] of net 28(hour_bcd10[3]) into rc tree
#Need to add unplaced ipin PIN:min_bcd10[0] of net 31(min_bcd10[0]) into rc tree
#Need to add unplaced ipin PIN:hour_bcd1[0] of net 36(hour_bcd1[0]) into rc tree
#Need to add unplaced ipin PIN:min_bcd1[0] of net 39(min_bcd1[0]) into rc tree
#Need to add unplaced ipin PIN:sec_bcd10[0] of net 40(sec_bcd10[0]) into rc tree
#Total 99 nets were built. 0 nodes added to break long wires. 0 net(s) have incomplete routes.
#Run Statistics for Extraction:
#   Cpu time = 00:00:00, elapsed time = 00:00:00 .
#   Increased memory =    17.06 (MB), total memory =  2476.28 (MB), peak memory =  2576.49 (MB)
#
#Scale RC for track assignment: res 1.000000; cap 1.000000; clk res 1.000000; clk cap 1.000000, xcap 1.000000
#Simplify RC tree: cpu time = 00:00:00, elapsed time = 00:00:00, memory = 2460.50 (MB), peak = 2576.49 (MB)
#RC Statistics: 355 Res, 271 Ground Cap, 0 XCap (Edge to Edge)
#RC V/H edge ratio: 0.52, Avg V/H Edge Length: 2143.87 (248), Avg L-Edge Length: 7251.88 (69)
#Register nets and terms for rcdb /home/hah001/Basic_SoC_Implementation/5_APR/7_APR/2_TINY_PROJECT/watch/innovus_temp_46403_9cf18e69-f36f-4e6d-9a55-19e238d760ee_kopo-seongnam_hah001_k2LgwL/nr46403_MapzCO.rcdb.d
#Finish registering nets and terms for rcdb.
#Start writing RC data.
#Finish writing RC data
#Finish writing rcdb with 631 nodes, 532 edges, and 0 xcaps
#0 inserted nodes are removed
#Restored 0 tie nets, 0 tie snets, 0 partial nets
#Remove Post Track Assignment Wire Spread
Restoring parasitic data from file '/home/hah001/Basic_SoC_Implementation/5_APR/7_APR/2_TINY_PROJECT/watch/innovus_temp_46403_9cf18e69-f36f-4e6d-9a55-19e238d760ee_kopo-seongnam_hah001_k2LgwL/nr46403_MapzCO.rcdb.d' ...
Reading RCDB with compressed RC data.
Reading RCDB with compressed RC data.
Begin read_parasitics... (cpu: 0:00:00.0 real: 0:00:00.0 mem: 3554.164M)
Following multi-corner parasitics specified:
	/home/hah001/Basic_SoC_Implementation/5_APR/7_APR/2_TINY_PROJECT/watch/innovus_temp_46403_9cf18e69-f36f-4e6d-9a55-19e238d760ee_kopo-seongnam_hah001_k2LgwL/nr46403_MapzCO.rcdb.d (rcdb)
Reading RCDB with compressed RC data.
		Cell watch has rcdb /home/hah001/Basic_SoC_Implementation/5_APR/7_APR/2_TINY_PROJECT/watch/innovus_temp_46403_9cf18e69-f36f-4e6d-9a55-19e238d760ee_kopo-seongnam_hah001_k2LgwL/nr46403_MapzCO.rcdb.d specified
Cell watch, hinst 
Reading RCDB with compressed RC data.
Done read_parasitics... (cpu: 0:00:00.1 real: 0:00:00.0 mem: 3554.168M)
#
#Restore RCDB.
#Remove Post Track Assignment Wire Spread
#
#Complete tQuantus RC extraction.
#Cpu time = 00:00:19
#Elapsed time = 00:00:19
#Increased memory = 87.56 (MB)
#Total memory = 2463.34 (MB)
#Peak memory = 2576.49 (MB)
#
Un-suppress "**WARN ..." messages.
#RC Extraction Completed...
AAE_INFO: switching -siAware from false to true ...
AAE_INFO: The setting is changed from false to true in setDelayCalMode -SIAware
#Reporting timing...
###############################################################
#  Generated by:      Cadence Innovus 22.17-s086_1
#  OS:                Linux x86_64(Host ID kopo-seongnam)
#  Generated on:      Thu Jul  9 06:46:15 2026
#  Design:            watch
#  Command:           route_design -global_detail -via_opt -wire_opt
###############################################################
#Normalized TNS: 0.000 -> 0.000, r2r 0.000 -> 0.000, unit 1000.000, clk period 10.000 (ns)
#Stage 1: cpu time = 00:00:01, elapsed time = 00:00:01, memory = 2459.67 (MB), peak = 2576.49 (MB)
#Library Standard Delay: 36.80ps
#Slack threshold: 0.00ps
#*** Analyzed 0 timing critical paths, and collected 0.
#Stage 2: cpu time = 00:00:00, elapsed time = 00:00:00, memory = 2459.67 (MB), peak = 2576.49 (MB)
#Stage 3: cpu time = 00:00:00, elapsed time = 00:00:00, memory = 2460.41 (MB), peak = 2576.49 (MB)
Worst slack reported in the design = 8.792253 (late)

*** writeDesignTiming (0:00:00.0) ***
#Stage 4: cpu time = 00:00:00, elapsed time = 00:00:00, memory = 2460.98 (MB), peak = 2576.49 (MB)
Un-suppress "**WARN ..." messages.
#Number of victim nets: 0
#Number of aggressor nets: 0
#Number of weak nets: 0
#Number of critical nets: 0
#	level 1 [   0.0, -1000.0]: 0 nets
#	level 2 [   0.0, -1000.0]: 0 nets
#	level 3 [   0.0, -1000.0]: 0 nets
#Total number of nets: 99
#Total number of significant detoured timing critical nets is 0
#Total number of selected detoured timing critical nets is 0
#
#----------------------------------------------------
# Summary of active signal nets routing constraints
#+--------------------------+-----------+
#+--------------------------+-----------+
#
#----------------------------------------------------
Current (total cpu=0:01:51, real=0:07:33, peak res=2576.5M, current mem=2403.7M)
watch
Ending "Constraint file reading stats" (total cpu=0:00:00.0, real=0:00:00.0, peak res=2405.9M, current mem=2405.9M)
Current (total cpu=0:01:51, real=0:07:33, peak res=2576.5M, current mem=2405.9M)
#cpu time = 00:00:00, elapsed time = 00:00:00, memory = 2414.37 (MB), peak = 2576.49 (MB)
#* Importing design timing data...
#Number of victim nets: 0
#Number of aggressor nets: 0
#Number of weak nets: 0
#Number of critical nets: 0
#	level 1 [   0.0, -1000.0]: 0 nets
#	level 2 [   0.0, -1000.0]: 0 nets
#	level 3 [   0.0, -1000.0]: 0 nets
#Total number of nets: 99
#
#timing driven effort level: 3
#Start Track Assignment With Timing Driven.
#Done with 5 horizontal wires in 1 hboxes and 2 vertical wires in 1 hboxes.
#Done with 1 horizontal wires in 1 hboxes and 0 vertical wires in 1 hboxes.
#Done with 1 horizontal wires in 1 hboxes and 1 vertical wires in 1 hboxes.
#
#Track assignment summary:
# layer   (wire length)   (overlap)     (long ovlp)	(with obs/pg/clk)  
#------------------------------------------------------------------------
# Metal1        18.70 	  0.00%  	  0.00% 	  0.00%
# Metal2       156.96 	  0.00%  	  0.00% 	  0.00%
# Metal3       377.24 	  0.36%  	  0.00% 	  0.00%
# Metal4         0.00 	  0.00%  	  0.00% 	  0.00%
# Metal5         0.00 	  0.00%  	  0.00% 	  0.00%
# Metal6         0.00 	  0.00%  	  0.00% 	  0.00%
# Metal7         0.00 	  0.00%  	  0.00% 	  0.00%
# Metal8         0.00 	  0.00%  	  0.00% 	  0.00%
# Metal9         0.00 	  0.00%  	  0.00% 	  0.00%
# Metal10        0.00 	  0.00%  	  0.00% 	  0.00%
# Metal11        0.00 	  0.00%  	  0.00% 	  0.00%
#------------------------------------------------------------------------
# All         552.90  	  0.25% 	  0.00% 	  0.00%
#Complete Track Assignment With Timing Driven.
#Total number of nets with non-default rule or having extra spacing = 1
#Total wire length = 658 um.
#Total half perimeter of net bounding box = 706 um.
#Total wire length on LAYER Metal1 = 18 um.
#Total wire length on LAYER Metal2 = 166 um.
#Total wire length on LAYER Metal3 = 459 um.
#Total wire length on LAYER Metal4 = 15 um.
#Total wire length on LAYER Metal5 = 0 um.
#Total wire length on LAYER Metal6 = 0 um.
#Total wire length on LAYER Metal7 = 0 um.
#Total wire length on LAYER Metal8 = 0 um.
#Total wire length on LAYER Metal9 = 0 um.
#Total wire length on LAYER Metal10 = 0 um.
#Total wire length on LAYER Metal11 = 0 um.
#Total number of vias = 585
#Up-Via Summary (total 585):
#           
#-----------------------
# Metal1            351
# Metal2            220
# Metal3             14
#-----------------------
#                   585 
#
#cpu time = 00:00:00, elapsed time = 00:00:00, memory = 2414.44 (MB), peak = 2576.49 (MB)
#
#Routing data preparation, pin analysis, global routing and track assignment statistics:
#Cpu time = 00:00:22
#Elapsed time = 00:00:22
#Increased memory = 64.07 (MB)
#Total memory = 2414.44 (MB)
#Peak memory = 2576.49 (MB)
#Start reading timing information from file .timing_file_46403.tif.gz ...
#Read in timing information for 26 ports, 93 instances from timing file .timing_file_46403.tif.gz.
#
#Start Detail Routing..
#start initial detail routing ...
#   number of violations = 0
#14 out of 93 instances (15.1%) need to be verified(marked ipoed), dirty area = 2.6%.
#89.82% of the total area is being checked for drcs
#89.8% of the total area was checked
#   number of violations = 0
#cpu time = 00:00:00, elapsed time = 00:00:00, memory = 2411.91 (MB), peak = 2576.49 (MB)
#Complete Detail Routing.
#Total number of nets with non-default rule or having extra spacing = 1
#Total wire length = 830 um.
#Total half perimeter of net bounding box = 706 um.
#Total wire length on LAYER Metal1 = 59 um.
#Total wire length on LAYER Metal2 = 305 um.
#Total wire length on LAYER Metal3 = 451 um.
#Total wire length on LAYER Metal4 = 15 um.
#Total wire length on LAYER Metal5 = 0 um.
#Total wire length on LAYER Metal6 = 0 um.
#Total wire length on LAYER Metal7 = 0 um.
#Total wire length on LAYER Metal8 = 0 um.
#Total wire length on LAYER Metal9 = 0 um.
#Total wire length on LAYER Metal10 = 0 um.
#Total wire length on LAYER Metal11 = 0 um.
#Total number of vias = 669
#Up-Via Summary (total 669):
#           
#-----------------------
# Metal1            385
# Metal2            270
# Metal3             14
#-----------------------
#                   669 
#
#Total number of DRC violations = 0
#Cpu time = 00:00:01
#Elapsed time = 00:00:01
#Increased memory = -2.53 (MB)
#Total memory = 2411.91 (MB)
#Peak memory = 2576.49 (MB)
#
#start routing for process antenna violation fix ...
**WARN: (IMPEXT-6140):	The RC table is not interpolated for wire width '114' on M1. As a result, an RC of wire width '120' is being used instead. This may cause some accuracy degradation.
**WARN: (IMPEXT-6140):	The RC table is not interpolated for wire width '148' on M2. As a result, an RC of wire width '160' is being used instead. This may cause some accuracy degradation.
**WARN: (IMPEXT-6140):	The RC table is not interpolated for wire width '148' on M3. As a result, an RC of wire width '160' is being used instead. This may cause some accuracy degradation.
**WARN: (IMPEXT-6140):	The RC table is not interpolated for wire width '148' on M4. As a result, an RC of wire width '160' is being used instead. This may cause some accuracy degradation.
**WARN: (IMPEXT-6140):	The RC table is not interpolated for wire width '148' on M5. As a result, an RC of wire width '160' is being used instead. This may cause some accuracy degradation.
**WARN: (IMPEXT-6140):	The RC table is not interpolated for wire width '148' on M6. As a result, an RC of wire width '160' is being used instead. This may cause some accuracy degradation.
#cpu time = 00:00:00, elapsed time = 00:00:00, memory = 2412.57 (MB), peak = 2576.49 (MB)
#
#Total number of nets with non-default rule or having extra spacing = 1
#Total wire length = 830 um.
#Total half perimeter of net bounding box = 706 um.
#Total wire length on LAYER Metal1 = 59 um.
#Total wire length on LAYER Metal2 = 305 um.
#Total wire length on LAYER Metal3 = 451 um.
#Total wire length on LAYER Metal4 = 15 um.
#Total wire length on LAYER Metal5 = 0 um.
#Total wire length on LAYER Metal6 = 0 um.
#Total wire length on LAYER Metal7 = 0 um.
#Total wire length on LAYER Metal8 = 0 um.
#Total wire length on LAYER Metal9 = 0 um.
#Total wire length on LAYER Metal10 = 0 um.
#Total wire length on LAYER Metal11 = 0 um.
#Total number of vias = 669
#Up-Via Summary (total 669):
#           
#-----------------------
# Metal1            385
# Metal2            270
# Metal3             14
#-----------------------
#                   669 
#
#Total number of DRC violations = 0
#Total number of process antenna violations = 0
#Total number of net violated process antenna rule = 0
#
#
#Total number of nets with non-default rule or having extra spacing = 1
#Total wire length = 830 um.
#Total half perimeter of net bounding box = 706 um.
#Total wire length on LAYER Metal1 = 59 um.
#Total wire length on LAYER Metal2 = 305 um.
#Total wire length on LAYER Metal3 = 451 um.
#Total wire length on LAYER Metal4 = 15 um.
#Total wire length on LAYER Metal5 = 0 um.
#Total wire length on LAYER Metal6 = 0 um.
#Total wire length on LAYER Metal7 = 0 um.
#Total wire length on LAYER Metal8 = 0 um.
#Total wire length on LAYER Metal9 = 0 um.
#Total wire length on LAYER Metal10 = 0 um.
#Total wire length on LAYER Metal11 = 0 um.
#Total number of vias = 669
#Up-Via Summary (total 669):
#           
#-----------------------
# Metal1            385
# Metal2            270
# Metal3             14
#-----------------------
#                   669 
#
#Total number of DRC violations = 0
#Total number of process antenna violations = 0
#Total number of net violated process antenna rule = 0
#
#
#Start Post Route wire spreading..
#
#Start DRC checking..
#   number of violations = 0
#cpu time = 00:00:00, elapsed time = 00:00:00, memory = 2412.39 (MB), peak = 2576.49 (MB)
#CELL_VIEW watch,init has no DRC violation.
#Total number of DRC violations = 0
#Total number of process antenna violations = 0
#Total number of net violated process antenna rule = 0
#
#Start data preparation for wire spreading...
#
#Data preparation is done on Thu Jul  9 06:46:17 2026
#
#
#Start Post Route Wire Spread.
#Done with 22 horizontal wires in 1 hboxes and 1 vertical wires in 2 hboxes.
#Complete Post Route Wire Spread.
#
#Total number of nets with non-default rule or having extra spacing = 1
#Total wire length = 838 um.
#Total half perimeter of net bounding box = 706 um.
#Total wire length on LAYER Metal1 = 59 um.
#Total wire length on LAYER Metal2 = 306 um.
#Total wire length on LAYER Metal3 = 458 um.
#Total wire length on LAYER Metal4 = 15 um.
#Total wire length on LAYER Metal5 = 0 um.
#Total wire length on LAYER Metal6 = 0 um.
#Total wire length on LAYER Metal7 = 0 um.
#Total wire length on LAYER Metal8 = 0 um.
#Total wire length on LAYER Metal9 = 0 um.
#Total wire length on LAYER Metal10 = 0 um.
#Total wire length on LAYER Metal11 = 0 um.
#Total number of vias = 669
#Up-Via Summary (total 669):
#           
#-----------------------
# Metal1            385
# Metal2            270
# Metal3             14
#-----------------------
#                   669 
#
#
#Start DRC checking..
#   number of violations = 0
#cpu time = 00:00:00, elapsed time = 00:00:00, memory = 2412.49 (MB), peak = 2576.49 (MB)
#CELL_VIEW watch,init has no DRC violation.
#Total number of DRC violations = 0
#Total number of process antenna violations = 0
#Total number of net violated process antenna rule = 0
#   number of violations = 0
#cpu time = 00:00:00, elapsed time = 00:00:00, memory = 2412.49 (MB), peak = 2576.49 (MB)
#CELL_VIEW watch,init has no DRC violation.
#Total number of DRC violations = 0
#Total number of process antenna violations = 0
#Total number of net violated process antenna rule = 0
#Post Route wire spread is done.
#Total number of nets with non-default rule or having extra spacing = 1
#Total wire length = 838 um.
#Total half perimeter of net bounding box = 706 um.
#Total wire length on LAYER Metal1 = 59 um.
#Total wire length on LAYER Metal2 = 306 um.
#Total wire length on LAYER Metal3 = 458 um.
#Total wire length on LAYER Metal4 = 15 um.
#Total wire length on LAYER Metal5 = 0 um.
#Total wire length on LAYER Metal6 = 0 um.
#Total wire length on LAYER Metal7 = 0 um.
#Total wire length on LAYER Metal8 = 0 um.
#Total wire length on LAYER Metal9 = 0 um.
#Total wire length on LAYER Metal10 = 0 um.
#Total wire length on LAYER Metal11 = 0 um.
#Total number of vias = 669
#Up-Via Summary (total 669):
#           
#-----------------------
# Metal1            385
# Metal2            270
# Metal3             14
#-----------------------
#                   669 
#
#route_detail Statistics:
#Cpu time = 00:00:01
#Elapsed time = 00:00:01
#Increased memory = -3.94 (MB)
#Total memory = 2410.50 (MB)
#Peak memory = 2576.49 (MB)
#
#route_global_detail statistics:
#Cpu time = 00:00:24
#Elapsed time = 00:00:25
#Increased memory = 53.94 (MB)
#Total memory = 2393.65 (MB)
#Peak memory = 2576.49 (MB)
#Number of warnings = 4
#Total number of warnings = 6
#Number of fails = 0
#Total number of fails = 0
#Complete route_global_detail on Thu Jul  9 06:46:17 2026
#
#Default setup view is reset to wc.

route_detail

#Start route_detail on Thu Jul  9 06:46:17 2026
#
Updating RC Grid density data for preRoute extraction ...
Initializing multi-corner capacitance tables ... 
Initializing multi-corner resistance tables ...
Creating RPSQ from WeeR and WRes ...
#Start reading timing information from file .timing_file_46403.tif.gz ...
#Read in timing information for 26 ports, 93 instances from timing file .timing_file_46403.tif.gz.
#NanoRoute Version 22.17-s086_1 NR240905-1647/22_17-UB
#Start routing data preparation on Thu Jul  9 06:46:18 2026
#
#Initial pin access analysis.
#Detail pin access analysis.
# Metal1       H   Track-Pitch = 0.19000    Line-2-Via Pitch = 0.13000
# Metal2       V   Track-Pitch = 0.20000    Line-2-Via Pitch = 0.15000
# Metal3       H   Track-Pitch = 0.19000    Line-2-Via Pitch = 0.15000
# Metal4       V   Track-Pitch = 0.20000    Line-2-Via Pitch = 0.15000
# Metal5       H   Track-Pitch = 0.19000    Line-2-Via Pitch = 0.15000
# Metal6       V   Track-Pitch = 0.20000    Line-2-Via Pitch = 0.15000
# Metal7       H   Track-Pitch = 0.19000    Line-2-Via Pitch = 0.15000
# Metal8       V   Track-Pitch = 0.20000    Line-2-Via Pitch = 0.15000
# Metal9       H   Track-Pitch = 0.19000    Line-2-Via Pitch = 0.15000
# Metal10      V   Track-Pitch = 0.50000    Line-2-Via Pitch = 0.42000
# Metal11      H   Track-Pitch = 0.47500    Line-2-Via Pitch = 0.43000
#Bottom routing layer index=1(Metal1), bottom routing layer for shielding=1(Metal1), bottom shield layer=1(Metal1)
#shield_bottom_stripe_layer=1(Metal1), shield_top_stripe_layer=11(Metal11)
#pin_access_rlayer=2(Metal2)
#shield_top_dpt_rlayer=-1 top_rlayer=11 top_trim_metal_rlayer=-1 rlayer_lowest=1 bottom_rlayer=1
#enable_trim_layer_shield=F enable_dpt_layer_shield=F has_line_end_grid=F
#enable_dpt_layer_shield=F
#has_line_end_grid=F
#cpu time = 00:00:00, elapsed time = 00:00:00, memory = 2387.36 (MB), peak = 2576.49 (MB)
#Regenerating Ggrids automatically.
#Auto generating G-grids with size=15 tracks, using layer Metal3's pitch = 0.19000.
#Using automatically generated G-grids.
#Done routing data preparation.
#cpu time = 00:00:01, elapsed time = 00:00:01, memory = 2399.46 (MB), peak = 2576.49 (MB)
#
#Start Detail Routing..
#start 1st optimization iteration ...
#   number of violations = 0
#cpu time = 00:00:00, elapsed time = 00:00:00, memory = 2399.48 (MB), peak = 2576.49 (MB)
#Complete Detail Routing.
#Total number of nets with non-default rule or having extra spacing = 1
#Total wire length = 838 um.
#Total half perimeter of net bounding box = 706 um.
#Total wire length on LAYER Metal1 = 59 um.
#Total wire length on LAYER Metal2 = 306 um.
#Total wire length on LAYER Metal3 = 458 um.
#Total wire length on LAYER Metal4 = 15 um.
#Total wire length on LAYER Metal5 = 0 um.
#Total wire length on LAYER Metal6 = 0 um.
#Total wire length on LAYER Metal7 = 0 um.
#Total wire length on LAYER Metal8 = 0 um.
#Total wire length on LAYER Metal9 = 0 um.
#Total wire length on LAYER Metal10 = 0 um.
#Total wire length on LAYER Metal11 = 0 um.
#Total number of vias = 669
#Up-Via Summary (total 669):
#           
#-----------------------
# Metal1            385
# Metal2            270
# Metal3             14
#-----------------------
#                   669 
#
#Total number of DRC violations = 0
#Cpu time = 00:00:01
#Elapsed time = 00:00:01
#Increased memory = 15.88 (MB)
#Total memory = 2399.48 (MB)
#Peak memory = 2576.49 (MB)
#
#start routing for process antenna violation fix ...
#cpu time = 00:00:00, elapsed time = 00:00:00, memory = 2399.48 (MB), peak = 2576.49 (MB)
#
#Total number of nets with non-default rule or having extra spacing = 1
#Total wire length = 838 um.
#Total half perimeter of net bounding box = 706 um.
#Total wire length on LAYER Metal1 = 59 um.
#Total wire length on LAYER Metal2 = 306 um.
#Total wire length on LAYER Metal3 = 458 um.
#Total wire length on LAYER Metal4 = 15 um.
#Total wire length on LAYER Metal5 = 0 um.
#Total wire length on LAYER Metal6 = 0 um.
#Total wire length on LAYER Metal7 = 0 um.
#Total wire length on LAYER Metal8 = 0 um.
#Total wire length on LAYER Metal9 = 0 um.
#Total wire length on LAYER Metal10 = 0 um.
#Total wire length on LAYER Metal11 = 0 um.
#Total number of vias = 669
#Up-Via Summary (total 669):
#           
#-----------------------
# Metal1            385
# Metal2            270
# Metal3             14
#-----------------------
#                   669 
#
#Total number of DRC violations = 0
#Total number of process antenna violations = 0
#Total number of net violated process antenna rule = 0
#
#
#Total number of nets with non-default rule or having extra spacing = 1
#Total wire length = 838 um.
#Total half perimeter of net bounding box = 706 um.
#Total wire length on LAYER Metal1 = 59 um.
#Total wire length on LAYER Metal2 = 306 um.
#Total wire length on LAYER Metal3 = 458 um.
#Total wire length on LAYER Metal4 = 15 um.
#Total wire length on LAYER Metal5 = 0 um.
#Total wire length on LAYER Metal6 = 0 um.
#Total wire length on LAYER Metal7 = 0 um.
#Total wire length on LAYER Metal8 = 0 um.
#Total wire length on LAYER Metal9 = 0 um.
#Total wire length on LAYER Metal10 = 0 um.
#Total wire length on LAYER Metal11 = 0 um.
#Total number of vias = 669
#Up-Via Summary (total 669):
#           
#-----------------------
# Metal1            385
# Metal2            270
# Metal3             14
#-----------------------
#                   669 
#
#Total number of DRC violations = 0
#Total number of process antenna violations = 0
#Total number of net violated process antenna rule = 0
#
#
#route_detail statistics:
#Cpu time = 00:00:01
#Elapsed time = 00:00:01
#Increased memory = -2.03 (MB)
#Total memory = 2386.91 (MB)
#Peak memory = 2576.49 (MB)
#Number of warnings = 0
#Total number of warnings = 6
#Number of fails = 0
#Total number of fails = 0
#Complete route_detail on Thu Jul  9 06:46:19 2026
#
#Default setup view is reset to wc.
AAE_INFO: Post Route call back at the end of routeDesign
#route_design: cpu time = 00:00:26, elapsed time = 00:00:27, memory = 2386.92 (MB), peak = 2576.49 (MB)
#% End route_design (date=07/09 06:46:19, total cpu=0:00:26.1, real=0:00:27.0, peak res=2576.5M, current mem=2386.9M)
@innovus 25> add_fillers -base_cells FILL8 FILL64 FILL4 FILL32 FILL2 FILL16 FILL1 -prefix FILLER
**WARN: (IMPSP-5217):	add_fillers command is running on a postRoute database. It is recommended to be followed by route_eco -target command to make the DRC clean.
Type 'man IMPSP-5217' for more detail.
**Info: (IMPSP-2055): Transparent Filler Flow is OFF !

INFO: No filler could be restored
*INFO: Adding fillers to top-module.
*INFO:   Added 0 filler inst  (cell FILL64 / prefix FILLER).
*INFO:   Added 2 filler insts (cell FILL32 / prefix FILLER).
*INFO:   Added 5 filler insts (cell FILL16 / prefix FILLER).
*INFO:   Added 15 filler insts (cell FILL8 / prefix FILLER).
*INFO:   Added 11 filler insts (cell FILL4 / prefix FILLER).
*INFO:   Added 15 filler insts (cell FILL2 / prefix FILLER).
*INFO:   Added 13 filler insts (cell FILL1 / prefix FILLER).
*INFO: Total 61 filler insts added - prefix FILLER (CPU: 0:00:00.1).
For 61 new insts, @innovus 26> set_db check_drc_disable_rules {} ; set_db check_drc_ndr_spacing auto ; set_db check_drc_check_only default ; set_db check_drc_inside_via_def true ; set_db check_drc_exclude_pg_net false ; set_db check_drc_ignore_trial_route false ; set_db check_drc_ignore_cell_blockage false ; set_db check_drc_use_min_spacing_on_block_obs auto ; set_db check_drc_report watch.drc.rpt ; set_db check_drc_limit 1000
@innovus 27> check_drc 
#-check_ndr_spacing auto                 # enums={true false auto}, default=auto,  user setting
#-check_same_via_cell true               # bool, default=false, user setting
#-report watch.drc.rpt                   # string, default="", user setting
 *** Starting Verify DRC (MEM: 3398.6) ***

  VERIFY DRC ...... Starting Verification
  VERIFY DRC ...... Initializing
  VERIFY DRC ...... Deleting Existing Violations
  VERIFY DRC ...... Creating Sub-Areas
  VERIFY DRC ...... Using new threading

  Verification Complete : 0 Viols.

 *** End Verify DRC (CPU TIME: 0:00:00.0  ELAPSED TIME: 0:00:00.0  MEM: 264.1M) ***

@innovus 28> set_db check_drc_area {0 0 0 0}
@innovus 29> check_connectivity -type all -geometry_connect -error 1000 -warning 50
VERIFY_CONNECTIVITY use new engine.

******** Start: VERIFY CONNECTIVITY ********
Start Time: Thu Jul  9 06:49:03 2026

Design Name: watch
Database Units: 2000
Design Boundary: (0.0000, 0.0000) (83.2000, 10.4500)
Error Limit = 1000; Warning Limit = 50
Check all nets
**WARN: (IMPVFC-97):	IO pin clk of net clk has not been assigned. Please make sure it is assigned and rerun check_connectivity.
**WARN: (IMPVFC-97):	IO pin rst_n of net rst_n has not been assigned. Please make sure it is assigned and rerun check_connectivity.
**WARN: (IMPVFC-97):	IO pin sec_bcd1[3] of net sec_bcd1[3] has not been assigned. Please make sure it is assigned and rerun check_connectivity.
**WARN: (IMPVFC-97):	IO pin sec_bcd1[2] of net sec_bcd1[2] has not been assigned. Please make sure it is assigned and rerun check_connectivity.
**WARN: (IMPVFC-97):	IO pin sec_bcd1[1] of net sec_bcd1[1] has not been assigned. Please make sure it is assigned and rerun check_connectivity.
**WARN: (IMPVFC-97):	IO pin sec_bcd1[0] of net sec_bcd1[0] has not been assigned. Please make sure it is assigned and rerun check_connectivity.
**WARN: (IMPVFC-97):	IO pin sec_bcd10[3] of net sec_bcd10[3] has not been assigned. Please make sure it is assigned and rerun check_connectivity.
**WARN: (IMPVFC-97):	IO pin sec_bcd10[2] of net sec_bcd10[2] has not been assigned. Please make sure it is assigned and rerun check_connectivity.
**WARN: (IMPVFC-97):	IO pin sec_bcd10[1] of net sec_bcd10[1] has not been assigned. Please make sure it is assigned and rerun check_connectivity.
**WARN: (IMPVFC-97):	IO pin sec_bcd10[0] of net sec_bcd10[0] has not been assigned. Please make sure it is assigned and rerun check_connectivity.
**WARN: (IMPVFC-97):	IO pin min_bcd1[3] of net min_bcd1[3] has not been assigned. Please make sure it is assigned and rerun check_connectivity.
**WARN: (IMPVFC-97):	IO pin min_bcd1[2] of net min_bcd1[2] has not been assigned. Please make sure it is assigned and rerun check_connectivity.
**WARN: (IMPVFC-97):	IO pin min_bcd1[1] of net min_bcd1[1] has not been assigned. Please make sure it is assigned and rerun check_connectivity.
**WARN: (IMPVFC-97):	IO pin min_bcd1[0] of net min_bcd1[0] has not been assigned. Please make sure it is assigned and rerun check_connectivity.
**WARN: (IMPVFC-97):	IO pin min_bcd10[3] of net min_bcd10[3] has not been assigned. Please make sure it is assigned and rerun check_connectivity.
**WARN: (IMPVFC-97):	IO pin min_bcd10[2] of net min_bcd10[2] has not been assigned. Please make sure it is assigned and rerun check_connectivity.
**WARN: (IMPVFC-97):	IO pin min_bcd10[1] of net min_bcd10[1] has not been assigned. Please make sure it is assigned and rerun check_connectivity.
**WARN: (IMPVFC-97):	IO pin min_bcd10[0] of net min_bcd10[0] has not been assigned. Please make sure it is assigned and rerun check_connectivity.
**WARN: (IMPVFC-97):	IO pin hour_bcd1[3] of net hour_bcd1[3] has not been assigned. Please make sure it is assigned and rerun check_connectivity.
**WARN: (IMPVFC-97):	IO pin hour_bcd1[2] of net hour_bcd1[2] has not been assigned. Please make sure it is assigned and rerun check_connectivity.
**WARN: (EMS-27):	Message (IMPVFC-97) has exceeded the current message display limit of 20.
To increase the message display limit, refer to the product command reference manual.

Begin Summary 
  Found no problems or warnings.
End Summary

End Time: Thu Jul  9 06:49:03 2026
Time Elapsed: 0:00:00.0

******** End: VERIFY CONNECTIVITY ********
  Verification Complete : 0 Viols.  0 Wrngs.
  (CPU Time: 0:00:00.0  MEM: 0.000M)

@innovus 30> 
--------------------------------------------------------------------------------
Exiting Innovus on Thu Jul  9 06:52:47 2026
  Total CPU time:     0:02:35
  Total real time:    0:14:06
  Peak memory (main): 2556.30MB


*** Memory Usage v#1 (Current mem = 3670.719M, initial mem = 654.375M) ***
*** Message Summary: 94 warning(s), 2 error(s)

--- Ending "Innovus" (totcpu=0:02:14, real=0:14:04, mem=3670.7M) ---
